"Payment Date","Sub Order ID","Status","Customer Price","Commission","Ads","Net Settlement","Bank Status","Remarks"
"","303397699586629120_1","RTO","299","","","0","NA","src:4276384_order_summary_2026-06-01_2026-06-30.xlsx"
"","303399806549258560_1","RTO","299","","","0","NA","src:4276384_order_summary_2026-06-01_2026-06-30.xlsx"
"","303456272660182400_1","RTO","278","","","0","NA","src:4276384_order_summary_2026-06-01_2026-06-30.xlsx"
"","303464127043876224_1","RTO","143","","","0","NA","src:4276384_order_summary_2026-06-01_2026-06-30.xlsx"
"","303473718152535232_1","RTO","273","","","0","NA","src:4276384_order_summary_2026-06-01_2026-06-30.xlsx"
"","303524513264967168_1","RTO","300","","","0","NA","src:4276384_order_summary_2026-06-01_2026-06-30.xlsx"
"","303529977430023360_1","RTO","352","","","0","NA","src:4276384_order_summary_2026-06-01_2026-06-30.xlsx"
"","303554627332544704_1","RTO","385","","","0","NA","src:4276384_order_summary_2026-06-01_2026-06-30.xlsx"
"","303567977977486848_1","RTO","300","","","0","NA","src:4276384_order_summary_2026-06-01_2026-06-30.xlsx"
"","303326815207175616_1","Returned","194","","","-157","SETTLED","src:4276384_order_summary_2026-06-01_2026-06-30.xlsx"
"","303346298768596480_1","Returned","303","","","-157","SETTLED","src:4276384_order_summary_2026-06-01_2026-06-30.xlsx"
"","303353236549940608_1","Returned","299","","","-157","SETTLED","src:4276384_order_summary_2026-06-01_2026-06-30.xlsx"
"","303404926655405248_1","Returned","299","","","-157","SETTLED","src:4276384_order_summary_2026-06-01_2026-06-30.xlsx"
"","303418677008167232_1","Returned","304","","","-157","SETTLED","src:4276384_order_summary_2026-06-01_2026-06-30.xlsx"
"","303440177015363776_1","Returned","161","","","-157","SETTLED","src:4276384_order_summary_2026-06-01_2026-06-30.xlsx"
"","303448960944206144_1","Returned","301","","","-157","SETTLED","src:4276384_order_summary_2026-06-01_2026-06-30.xlsx"
"","303476192409098432_1","Returned","161","","","-157","SETTLED","src:4276384_order_summary_2026-06-01_2026-06-30.xlsx"
"","303556580187205952_1","Returned","301","","","-157","SETTLED","src:4276384_order_summary_2026-06-01_2026-06-30.xlsx | claim:REJECTED"
"","303566756483068224_1","Returned","306","","","-157","SETTLED","src:4276384_order_summary_2026-06-01_2026-06-30.xlsx | claim:REJECTED"
"","303569148485973376_1","Returned","302","","","-157","SETTLED","src:4276384_order_summary_2026-06-01_2026-06-30.xlsx | claim:REJECTED"
"","303590086036305280_1","Returned","300","","","-157","SETTLED","src:4276384_order_summary_2026-06-01_2026-06-30.xlsx"
"","303595882515077312_1","Returned","301","","","-157","SETTLED","src:4276384_order_summary_2026-06-01_2026-06-30.xlsx"
"","303261756175037824_1","Delivered","303","","","198.46","SETTLED","src:4276384_order_summary_2026-06-01_2026-06-30.xlsx"
"","303335555911194816_1","Delivered","142","","","52.72","SETTLED","src:4276384_order_summary_2026-06-01_2026-06-30.xlsx"
"","303351562294926528_1","Delivered","307","","","180.64","SETTLED","src:4276384_order_summary_2026-06-01_2026-06-30.xlsx"
"","303354701909734784_1","Delivered","304","","","181.04","SETTLED","src:4276384_order_summary_2026-06-01_2026-06-30.xlsx"
"","303358309313442112_1","Delivered","162","","","71.62","SETTLED","src:4276384_order_summary_2026-06-01_2026-06-30.xlsx"
"","303375750831420864_1","Delivered","164","","","89.54","SETTLED","src:4276384_order_summary_2026-06-01_2026-06-30.xlsx"
"","303386849406491840_1","Delivered","353","","","251.5","SETTLED","src:4276384_order_summary_2026-06-01_2026-06-30.xlsx"
"","303400033411471552_1","Delivered","142","","","52.72","SETTLED","src:4276384_order_summary_2026-06-01_2026-06-30.xlsx"
"","303410327826472448_1","Delivered","301","","","198.73","SETTLED","src:4276384_order_summary_2026-06-01_2026-06-30.xlsx"
"","303428086753728704_1","Delivered","278","","","176.63","SETTLED","src:4276384_order_summary_2026-06-01_2026-06-30.xlsx"
"","303433972359509376_1","Delivered","300","","","180.81","SETTLED","src:4276384_order_summary_2026-06-01_2026-06-30.xlsx"
"","303437504462876992_1","Delivered","300","","","198.74","SETTLED","src:4276384_order_summary_2026-06-01_2026-06-30.xlsx"
"","303438713244360192_1","Delivered","160","","","71.48","SETTLED","src:4276384_order_summary_2026-06-01_2026-06-30.xlsx"
"","303439129881353728_1","Delivered","278","","","176.58","SETTLED","src:4276384_order_summary_2026-06-01_2026-06-30.xlsx"
"","303486462165938497_1","Delivered","278","","","176.6","SETTLED","src:4276384_order_summary_2026-06-01_2026-06-30.xlsx"
"","303487154923051200_1","Delivered","161","","","89.18","SETTLED","src:4276384_order_summary_2026-06-01_2026-06-30.xlsx"
"","303490352479090112_1","Delivered","352","","","269.21","SETTLED","src:4276384_order_summary_2026-06-01_2026-06-30.xlsx"
"","303521997416570368_1","Delivered","141","","","52.54","SETTLED","src:4276384_order_summary_2026-06-01_2026-06-30.xlsx"
"","303525079871265984_1","Delivered","301","","","198.52","SETTLED","src:4276384_order_summary_2026-06-01_2026-06-30.xlsx"
"","303530189103963328_1","Delivered","141","","","52.54","SETTLED","src:4276384_order_summary_2026-06-01_2026-06-30.xlsx"
"","303534011115532608_1","Delivered","142","","","52.72","SETTLED","src:4276384_order_summary_2026-06-01_2026-06-30.xlsx"
"","303543989185091776_1","Delivered","300","","","181.05","SETTLED","src:4276384_order_summary_2026-06-01_2026-06-30.xlsx"
"","303551271393441216_1","Delivered","300","","","181.08","SETTLED","src:4276384_order_summary_2026-06-01_2026-06-30.xlsx"
"","303551617176057217_1","Delivered","162","","","89.36","SETTLED","src:4276384_order_summary_2026-06-01_2026-06-30.xlsx"
"","303551728346084800_1","Delivered","300","","","198.74","SETTLED","src:4276384_order_summary_2026-06-01_2026-06-30.xlsx"
"","303554102515086720_1","Delivered","160","","","89.38","SETTLED","src:4276384_order_summary_2026-06-01_2026-06-30.xlsx"
"","303564921084997952_1","Delivered","301","","","180.82","SETTLED","src:4276384_order_summary_2026-06-01_2026-06-30.xlsx"
"","303580243661567424_1","Delivered","278","","","176.6","SETTLED","src:4276384_order_summary_2026-06-01_2026-06-30.xlsx"
"","303582846545966528_1","Delivered","162","","","71.47","SETTLED","src:4276384_order_summary_2026-06-01_2026-06-30.xlsx"
"","303425416375704768_1","Cancelled","161","","","0","NA","src:4276384_order_summary_2026-06-01_2026-06-30.xlsx"
"","303433197327905088_1","Cancelled","161","","","0","NA","src:4276384_order_summary_2026-06-01_2026-06-30.xlsx"
"","303455562705018048_1","Cancelled","162","","","0","NA","src:4276384_order_summary_2026-06-01_2026-06-30.xlsx"
"","303462117741850944_1","Cancelled","164","","","0","NA","src:4276384_order_summary_2026-06-01_2026-06-30.xlsx"
"","303473456094802240_1","Cancelled","301","","","0","NA","src:4276384_order_summary_2026-06-01_2026-06-30.xlsx"
"","303004988631037376_1","RTO","161","","","0","NA","src:4276384_order_summary_2026-06-01_2026-06-30.xlsx"
"","303019268772345216_1","RTO","161","","","0","NA","src:4276384_order_summary_2026-06-01_2026-06-30.xlsx"
"","303196475428772032_1","RTO","300","","","0","NA","src:4276384_order_summary_2026-06-01_2026-06-30.xlsx"
"","303209324128646592_1","RTO","161","","","0","NA","src:4276384_order_summary_2026-06-01_2026-06-30.xlsx"
"","302889848128550272_1","Returned","252","","","-16.92","SETTLED","src:4276384_order_summary_2026-06-01_2026-06-30.xlsx | claim:APPROVED"
"","302895092787910848_1","Returned","304","","","17.87","SETTLED","src:4276384_order_summary_2026-06-01_2026-06-30.xlsx | claim:APPROVED"
"","302902765066809664_1","Returned","300","","","-157","SETTLED","src:4276384_order_summary_2026-06-01_2026-06-30.xlsx"
"","303021074354084032_1","Returned","300","","","-157","SETTLED","src:4276384_order_summary_2026-06-01_2026-06-30.xlsx"
"","303055492954338752_1","Returned","300","","","-157","SETTLED","src:4276384_order_summary_2026-06-01_2026-06-30.xlsx | claim:REJECTED"
"","303139969877554624_1","Returned","300","","","-157","SETTLED","src:4276384_order_summary_2026-06-01_2026-06-30.xlsx"
"","303145553788024256_1","Returned","142","","","-157","SETTLED","src:4276384_order_summary_2026-06-01_2026-06-30.xlsx"
"","303173373297833344_1","Returned","306","","","-157","SETTLED","src:4276384_order_summary_2026-06-01_2026-06-30.xlsx"
"","303175921744638272_1","Returned","300","","","-157","SETTLED","src:4276384_order_summary_2026-06-01_2026-06-30.xlsx"
"","303028259271357888_1","Delivered","270","","","151.21","SETTLED","src:4276384_order_summary_2026-06-01_2026-06-30.xlsx"
"","303036763306881344_1","Delivered","142","","","52.72","SETTLED","src:4276384_order_summary_2026-06-01_2026-06-30.xlsx"
"","303040779919890624_1","Delivered","162","","","89.24","SETTLED","src:4276384_order_summary_2026-06-01_2026-06-30.xlsx"
"","303050569613319680_1","Delivered","278","","","159.09","SETTLED","src:4276384_order_summary_2026-06-01_2026-06-30.xlsx"
"","303057068592864448_1","Delivered","253","","","146.94","SETTLED","src:4276384_order_summary_2026-06-01_2026-06-30.xlsx"
"","303065721179878784_1","Delivered","160","","","71.63","SETTLED","src:4276384_order_summary_2026-06-01_2026-06-30.xlsx"
"","303066566437968064_1","Delivered","279","","","158.9","SETTLED","src:4276384_order_summary_2026-06-01_2026-06-30.xlsx"
"","303066632019254784_1","Delivered","277","","","159.17","SETTLED","src:4276384_order_summary_2026-06-01_2026-06-30.xlsx"
"","303069430656015872_1","Delivered","151","","","52.51","SETTLED","src:4276384_order_summary_2026-06-01_2026-06-30.xlsx"
"","303092464919911616_1","Delivered","142","","","52.72","SETTLED","src:4276384_order_summary_2026-06-01_2026-06-30.xlsx"
"","303101071482953216_1","Delivered","300","","","180.8","SETTLED","src:4276384_order_summary_2026-06-01_2026-06-30.xlsx"
"","303102363718655488_1","Delivered","300","","","198.74","SETTLED","src:4276384_order_summary_2026-06-01_2026-06-30.xlsx"
"","303107244437157312_1","Delivered","300","","","198.48","SETTLED","src:4276384_order_summary_2026-06-01_2026-06-30.xlsx"
"","303107721241441664_1","Delivered","142","","","52.53","SETTLED","src:4276384_order_summary_2026-06-01_2026-06-30.xlsx"
"","303112010953274816_1","Delivered","303","","","181.04","SETTLED","src:4276384_order_summary_2026-06-01_2026-06-30.xlsx"
"","303113790923617728_1","Delivered","143","","","52.74","SETTLED","src:4276384_order_summary_2026-06-01_2026-06-30.xlsx"
"","303118797291286848_1","Delivered","145","","","52.56","SETTLED","src:4276384_order_summary_2026-06-01_2026-06-30.xlsx"
"","303122545442698624_1","Delivered","307","","","198.44","SETTLED","src:4276384_order_summary_2026-06-01_2026-06-30.xlsx"
"","303124019006676480_1","Delivered","300","","","181.05","SETTLED","src:4276384_order_summary_2026-06-01_2026-06-30.xlsx"
"","303133423207520448_1","Delivered","300","","","180.8","SETTLED","src:4276384_order_summary_2026-06-01_2026-06-30.xlsx"
"","303136657150122176_1","Delivered","300","","","198.74","SETTLED","src:4276384_order_summary_2026-06-01_2026-06-30.xlsx"
"","303153416258461184_1","Delivered","161","","","89.18","SETTLED","src:4276384_order_summary_2026-06-01_2026-06-30.xlsx"
"","303161490398393792_1","Delivered","301","","","198.7","SETTLED","src:4276384_order_summary_2026-06-01_2026-06-30.xlsx"
"","303167342446801218_1","Delivered","304","","","180.78","SETTLED","src:4276384_order_summary_2026-06-01_2026-06-30.xlsx"
"","303171837830247872_1","Delivered","210","","","127.15","SETTLED","src:4276384_order_summary_2026-06-01_2026-06-30.xlsx"
"","303183254675404160_1","Delivered","300","","","181.05","SETTLED","src:4276384_order_summary_2026-06-01_2026-06-30.xlsx"
"","303196141932387520_1","Delivered","277","","","176.84","SETTLED","src:4276384_order_summary_2026-06-01_2026-06-30.xlsx"
"","303217191657566528_1","Delivered","142","","","70.46","SETTLED","src:4276384_order_summary_2026-06-01_2026-06-30.xlsx"
"","303223116000533696_1","Delivered","281","","","159.15","SETTLED","src:4276384_order_summary_2026-06-01_2026-06-30.xlsx"
"","303231514194899264_1","Delivered","304","","","180.81","SETTLED","src:4276384_order_summary_2026-06-01_2026-06-30.xlsx"
"","303025288178374848_1","Cancelled","272","","","0","NA","src:4276384_order_summary_2026-06-01_2026-06-30.xlsx"
"","303119427518739840_1","Cancelled","142","","","0","NA","src:4276384_order_summary_2026-06-01_2026-06-30.xlsx"
"","303142716447201472_1","Cancelled","299","","","0","NA","src:4276384_order_summary_2026-06-01_2026-06-30.xlsx"
"","302521537563860160_1","RTO","353","","","0","NA","src:4276384_order_summary_2026-06-01_2026-06-30.xlsx"
"","302705015582781760_1","RTO","274","","","0","NA","src:4276384_order_summary_2026-06-01_2026-06-30.xlsx"
"","302766438192913600_1","RTO","274","","","0","NA","src:4276384_order_summary_2026-06-01_2026-06-30.xlsx"
"","302836280998638976_1","RTO","274","","","0","NA","src:4276384_order_summary_2026-06-01_2026-06-30.xlsx"
"","302521674308940096_1","Returned","165","","","-157","SETTLED","src:4276384_order_summary_2026-06-01_2026-06-30.xlsx"
"","302523800560743808_1","Returned","274","","","-74","SETTLED","src:4276384_order_summary_2026-06-01_2026-06-30.xlsx"
"","302682181799916928_1","Returned","165","","","-157","SETTLED","src:4276384_order_summary_2026-06-01_2026-06-30.xlsx"
"","302700997284360512_1","Returned","275","","","-157","SETTLED","src:4276384_order_summary_2026-06-01_2026-06-30.xlsx | claim:REJECTED"
"","302720472351913344_1","Returned","141","","","-157","SETTLED","src:4276384_order_summary_2026-06-01_2026-06-30.xlsx | claim:REJECTED"
"","302765964335134080_1","Returned","275","","","-157","SETTLED","src:4276384_order_summary_2026-06-01_2026-06-30.xlsx"
"","302782343620736384_1","Returned","274","","","-157","SETTLED","src:4276384_order_summary_2026-06-01_2026-06-30.xlsx"
"","302804987779815616_1","Returned","381","","","105.46","SETTLED","src:4276384_order_summary_2026-06-01_2026-06-30.xlsx | claim:APPROVED"
"","302839652788017344_1","Returned","273","","","-157","SETTLED","src:4276384_order_summary_2026-06-01_2026-06-30.xlsx"
"","302856048161994176_1","Returned","190","","","-125.59","SETTLED","src:4276384_order_summary_2026-06-01_2026-06-30.xlsx | claim:APPROVED"
"","302872167350416832_1","Returned","276","","","18.1","SETTLED","src:4276384_order_summary_2026-06-01_2026-06-30.xlsx | claim:APPROVED"
"","302515646569651712_1","Delivered","278","","","198.78","SETTLED","src:4276384_order_summary_2026-06-01_2026-06-30.xlsx"
"","302527538377793024_1","Delivered","273","","","180.88","SETTLED","src:4276384_order_summary_2026-06-01_2026-06-30.xlsx"
"","302614906804705472_1","Delivered","253","","","159","SETTLED","src:4276384_order_summary_2026-06-01_2026-06-30.xlsx"
"","302620521957569920_1","Delivered","142","","","52.53","SETTLED","src:4276384_order_summary_2026-06-01_2026-06-30.xlsx"
"","302627426637869376_1","Delivered","252","","","176.91","SETTLED","src:4276384_order_summary_2026-06-01_2026-06-30.xlsx"
"","302672449668265344_1","Delivered","254","","","159.17","SETTLED","src:4276384_order_summary_2026-06-01_2026-06-30.xlsx"
"","302699864715041984_1","Delivered","256","","","159.16","SETTLED","src:4276384_order_summary_2026-06-01_2026-06-30.xlsx"
"","302703883497911744_1","Delivered","278","","","181.05","SETTLED","src:4276384_order_summary_2026-06-01_2026-06-30.xlsx"
"","302713269721118080_1","Delivered","190","","","89.24","SETTLED","src:4276384_order_summary_2026-06-01_2026-06-30.xlsx"
"","302715410674359808_1","Delivered","258","","","176.69","SETTLED","src:4276384_order_summary_2026-06-01_2026-06-30.xlsx"
"","302720392089989440_1","Delivered","211","","","145.11","SETTLED","src:4276384_order_summary_2026-06-01_2026-06-30.xlsx"
"","302756739408082304_1","Delivered","276","","","198.79","SETTLED","src:4276384_order_summary_2026-06-01_2026-06-30.xlsx"
"","302757674523964800_1","Delivered","283","","","198.56","SETTLED","src:4276384_order_summary_2026-06-01_2026-06-30.xlsx"
"","302766432130053568_1","Delivered","250","","","151.2","SETTLED","src:4276384_order_summary_2026-06-01_2026-06-30.xlsx"
"","302769679445072064_1","Delivered","253","","","159.17","SETTLED","src:4276384_order_summary_2026-06-01_2026-06-30.xlsx"
"","302778711991131648_1","Delivered","146","","","70.64","SETTLED","src:4276384_order_summary_2026-06-01_2026-06-30.xlsx"
"","302830317797258688_1","Delivered","251","","","177.1","SETTLED","src:4276384_order_summary_2026-06-01_2026-06-30.xlsx"
"","302847797206857088_1","Delivered","275","","","198.6","SETTLED","src:4276384_order_summary_2026-06-01_2026-06-30.xlsx"
"","302851710224053632_1","Delivered","142","","","52.71","SETTLED","src:4276384_order_summary_2026-06-01_2026-06-30.xlsx"
"","302853428554905024_1","Delivered","273","","","198.79","SETTLED","src:4276384_order_summary_2026-06-01_2026-06-30.xlsx"
"","302857022901591552_1","Delivered","275","","","198.6","SETTLED","src:4276384_order_summary_2026-06-01_2026-06-30.xlsx"
"","302690644523359425_1","Cancelled","274","","","0","NA","src:4276384_order_summary_2026-06-01_2026-06-30.xlsx"
"","302703457492933824_1","Cancelled","253","","","0","NA","src:4276384_order_summary_2026-06-01_2026-06-30.xlsx"
"","302769831764440512_1","Cancelled","358","","","0","NA","src:4276384_order_summary_2026-06-01_2026-06-30.xlsx"
"","302805687917229504_1","Cancelled","166","","","0","NA","src:4276384_order_summary_2026-06-01_2026-06-30.xlsx"
"","302163670837114240_1","RTO","273","","","0","NA","src:4276384_order_summary_2026-06-01_2026-06-30.xlsx"
"","302301086117934464_1","RTO","161","","","0","NA","src:4276384_order_summary_2026-06-01_2026-06-30.xlsx"
"","302302574308300993_1","RTO","160","","","0","NA","src:4276384_order_summary_2026-06-01_2026-06-30.xlsx"
"","302363149179696576_1","RTO","164","","","0","NA","src:4276384_order_summary_2026-06-01_2026-06-30.xlsx"
"","302376578883925440_1","RTO","244","","","0","NA","src:4276384_order_summary_2026-06-01_2026-06-30.xlsx"
"","302423912016582848_1","RTO","273","","","0","NA","src:4276384_order_summary_2026-06-01_2026-06-30.xlsx"
"","302468541423710528_1","RTO","142","","","0","NA","src:4276384_order_summary_2026-06-01_2026-06-30.xlsx"
"","302474096686931456_1","RTO","274","","","0","NA","src:4276384_order_summary_2026-06-01_2026-06-30.xlsx"
"","302263018390428864_1","Returned","255","","","-157","SETTLED","src:4276384_order_summary_2026-06-01_2026-06-30.xlsx"
"","302342812224337344_1","Returned","161","","","-157","SETTLED","src:4276384_order_summary_2026-06-01_2026-06-30.xlsx"
"","302376858109222080_1","Returned","274","","","-157","SETTLED","src:4276384_order_summary_2026-06-01_2026-06-30.xlsx"
"","302393454477603136_1","Returned","251","","","-157","SETTLED","src:4276384_order_summary_2026-06-01_2026-06-30.xlsx"
"","302450575407586816_1","Returned","253","","","-157","SETTLED","src:4276384_order_summary_2026-06-01_2026-06-30.xlsx"
"","302452722870263296_1","Returned","274","","","-157","SETTLED","src:4276384_order_summary_2026-06-01_2026-06-30.xlsx"
"","302489445709017408_1","Returned","280","","","-157","SETTLED","src:4276384_order_summary_2026-06-01_2026-06-30.xlsx"
"","302152861088226816_1","Delivered","190","","","111.27","SETTLED","src:4276384_order_summary_2026-06-01_2026-06-30.xlsx"
"","302259463845721472_1","Delivered","274","","","180.88","SETTLED","src:4276384_order_summary_2026-06-01_2026-06-30.xlsx"
"","302259589679035776_1","Delivered","274","","","180.88","SETTLED","src:4276384_order_summary_2026-06-01_2026-06-30.xlsx"
"","302261473668117888_1","Delivered","142","","","52.57","SETTLED","src:4276384_order_summary_2026-06-01_2026-06-30.xlsx"
"","302265235384186304_1","Delivered","257","","","159.15","SETTLED","src:4276384_order_summary_2026-06-01_2026-06-30.xlsx"
"","302267019050686656_1","Delivered","254","","","177.1","SETTLED","src:4276384_order_summary_2026-06-01_2026-06-30.xlsx"
"","302270105046627776_1","Delivered","275","","","180.91","SETTLED","src:4276384_order_summary_2026-06-01_2026-06-30.xlsx"
"","302286051954013568_1","Delivered","382","","","280.39","SETTLED","src:4276384_order_summary_2026-06-01_2026-06-30.xlsx"
"","302291574958994816_1","Delivered","276","","","198.63","SETTLED","src:4276384_order_summary_2026-06-01_2026-06-30.xlsx"
"","302296447784917184_1","Delivered","252","","","159.18","SETTLED","src:4276384_order_summary_2026-06-01_2026-06-30.xlsx"
"","302305603522031936_1","Delivered","244","","","151.22","SETTLED","src:4276384_order_summary_2026-06-01_2026-06-30.xlsx"
"","302310126877291968_1","Delivered","353","","","251.54","SETTLED","src:4276384_order_summary_2026-06-01_2026-06-30.xlsx"
"","302332236081405440_1","Delivered","170","","","52.69","SETTLED","src:4276384_order_summary_2026-06-01_2026-06-30.xlsx"
"","302350091821586624_1","Delivered","161","","","71.63","SETTLED","src:4276384_order_summary_2026-06-01_2026-06-30.xlsx"
"","302353088923448769_1","Delivered","212","","","127.33","SETTLED","src:4276384_order_summary_2026-06-01_2026-06-30.xlsx"
"","302359233977392640_1","Delivered","142","","","52.56","SETTLED","src:4276384_order_summary_2026-06-01_2026-06-30.xlsx"
"","302363403107054976_1","Delivered","274","","","198.8","SETTLED","src:4276384_order_summary_2026-06-01_2026-06-30.xlsx"
"","302390791668905408_1","Delivered","253","","","159.18","SETTLED","src:4276384_order_summary_2026-06-01_2026-06-30.xlsx"
"","302393190026458496_1","Delivered","271","","","168.62","SETTLED","src:4276384_order_summary_2026-06-01_2026-06-30.xlsx"
"","302397726518681088_1","Delivered","275","","","180.87","SETTLED","src:4276384_order_summary_2026-06-01_2026-06-30.xlsx"
"","302400171702294720_1","Delivered","252","","","159.18","SETTLED","src:4276384_order_summary_2026-06-01_2026-06-30.xlsx"
"","302409557111806144_1","Delivered","281","","","159.18","SETTLED","src:4276384_order_summary_2026-06-01_2026-06-30.xlsx"
"","302431786112807232_1","Delivered","252","","","159.11","SETTLED","src:4276384_order_summary_2026-06-01_2026-06-30.xlsx"
"","302432969044947264_1","Delivered","274","","","198.8","SETTLED","src:4276384_order_summary_2026-06-01_2026-06-30.xlsx"
"","302441128052274560_1","Delivered","142","","","70.28","SETTLED","src:4276384_order_summary_2026-06-01_2026-06-30.xlsx"
"","302443873176001728_1","Delivered","142","","","52.53","SETTLED","src:4276384_order_summary_2026-06-01_2026-06-30.xlsx"
"","302462214165829824_1","Delivered","382","","","298.24","SETTLED","src:4276384_order_summary_2026-06-01_2026-06-30.xlsx"
"","302462594273654144_1","Delivered","279","","","181.04","SETTLED","src:4276384_order_summary_2026-06-01_2026-06-30.xlsx"
"","302467214878324096_1","Delivered","356","","","251.67","SETTLED","src:4276384_order_summary_2026-06-01_2026-06-30.xlsx"
"","302477318935966016_1","Delivered","274","","","198.8","SETTLED","src:4276384_order_summary_2026-06-01_2026-06-30.xlsx"
"","302489370584561024_1","Delivered","276","","","198.79","SETTLED","src:4276384_order_summary_2026-06-01_2026-06-30.xlsx"
"","302494395088248320_1","Delivered","273","","","198.61","SETTLED","src:4276384_order_summary_2026-06-01_2026-06-30.xlsx"
"","302500865067260096_1","Delivered","277","","","198.98","SETTLED","src:4276384_order_summary_2026-06-01_2026-06-30.xlsx"
"","302508467267450304_1","Delivered","193","","","108.42","SETTLED","src:4276384_order_summary_2026-06-01_2026-06-30.xlsx"
"","302154929341472256_1","Cancelled","252","","","0","NA","src:4276384_order_summary_2026-06-01_2026-06-30.xlsx"
"","302156222936004032_1","Cancelled","274","","","0","NA","src:4276384_order_summary_2026-06-01_2026-06-30.xlsx"
"","302346429895423424_1","Cancelled","278","","","0","NA","src:4276384_order_summary_2026-06-01_2026-06-30.xlsx"
"","302494114145252736_1","Cancelled","251","","","0","NA","src:4276384_order_summary_2026-06-01_2026-06-30.xlsx"
"","301897589226609856_1","RTO","274","","","0","NA","src:4276384_order_summary_2026-06-01_2026-06-30.xlsx"
"","301980332553936384_1","RTO","281","","","0","NA","src:4276384_order_summary_2026-06-01_2026-06-30.xlsx"
"","301982721001199808_1","RTO","274","","","0","NA","src:4276384_order_summary_2026-06-01_2026-06-30.xlsx"
"","301982793658429760_1","RTO","274","","","0","NA","src:4276384_order_summary_2026-06-01_2026-06-30.xlsx"
"","302107141769409984_1","RTO","254","","","0","NA","src:4276384_order_summary_2026-06-01_2026-06-30.xlsx"
"","301804414883754304_1","Returned","275","","","-157","SETTLED","src:4276384_order_summary_2026-06-01_2026-06-30.xlsx | claim:REJECTED"
"","301932511838761280_1","Returned","278","","","-157","SETTLED","src:4276384_order_summary_2026-06-01_2026-06-30.xlsx"
"","301953815815796160_1","Returned","275","","","-157","SETTLED","src:4276384_order_summary_2026-06-01_2026-06-30.xlsx"
"","301965793166892544_1","Returned","274","","","-157","SETTLED","src:4276384_order_summary_2026-06-01_2026-06-30.xlsx"
"","301966945061182976_1","Returned","276","","","-157","SETTLED","src:4276384_order_summary_2026-06-01_2026-06-30.xlsx"
"","302001433854941376_1","Returned","274","","","-157","SETTLED","src:4276384_order_summary_2026-06-01_2026-06-30.xlsx"
"","302026060953448768_1","Returned","275","","","-157","SETTLED","src:4276384_order_summary_2026-06-01_2026-06-30.xlsx"
"","302028988367773184_1","Returned","164","","","-157","SETTLED","src:4276384_order_summary_2026-06-01_2026-06-30.xlsx"
"","302056252468697280_1","Returned","275","","","-157","SETTLED","src:4276384_order_summary_2026-06-01_2026-06-30.xlsx"
"","301791423819560320_1","Delivered","274","","","180.88","SETTLED","src:4276384_order_summary_2026-06-01_2026-06-30.xlsx"
"","301825403675620736_1","Delivered","274","","","198.8","SETTLED","src:4276384_order_summary_2026-06-01_2026-06-30.xlsx"
"","301878459390826688_1","Delivered","275","","","181.08","SETTLED","src:4276384_order_summary_2026-06-01_2026-06-30.xlsx"
"","301885005982144705_1","Delivered","141","","","52.74","SETTLED","src:4276384_order_summary_2026-06-01_2026-06-30.xlsx"
"","301889982919220416_1","Delivered","251","","","176.73","SETTLED","src:4276384_order_summary_2026-06-01_2026-06-30.xlsx"
"","301913964719446208_1","Delivered","255","","","158.98","SETTLED","src:4276384_order_summary_2026-06-01_2026-06-30.xlsx"
"","301915213941710336_1","Delivered","196","","","108.22","SETTLED","src:4276384_order_summary_2026-06-01_2026-06-30.xlsx"
"","301925296692010496_1","Delivered","274","","","181","SETTLED","src:4276384_order_summary_2026-06-01_2026-06-30.xlsx"
"","301942876722836864_1","Delivered","252","","","159.03","SETTLED","src:4276384_order_summary_2026-06-01_2026-06-30.xlsx"
"","301950314919303360_1","Delivered","273","","","181.08","SETTLED","src:4276384_order_summary_2026-06-01_2026-06-30.xlsx"
"","301955364631747776_1","Delivered","274","","","198.85","SETTLED","src:4276384_order_summary_2026-06-01_2026-06-30.xlsx"
"","301967187133209792_1","Delivered","246","","","151.22","SETTLED","src:4276384_order_summary_2026-06-01_2026-06-30.xlsx"
"","301990485418187968_1","Delivered","222","","","147.06","SETTLED","src:4276384_order_summary_2026-06-01_2026-06-30.xlsx"
"","301990562285106624_1","Delivered","168","","","71.59","SETTLED","src:4276384_order_summary_2026-06-01_2026-06-30.xlsx"
"","301997911894793408_1","Delivered","192","","","126.03","SETTLED","src:4276384_order_summary_2026-06-01_2026-06-30.xlsx"
"","301997911894793408_2","Delivered","192","","","126.03","SETTLED","src:4276384_order_summary_2026-06-01_2026-06-30.xlsx"
"","302006688387833024_1","Delivered","190","","","111.24","SETTLED","src:4276384_order_summary_2026-06-01_2026-06-30.xlsx"
"","302006958080465088_1","Delivered","252","","","176.91","SETTLED","src:4276384_order_summary_2026-06-01_2026-06-30.xlsx"
"","302009508348435648_1","Delivered","256","","","176.88","SETTLED","src:4276384_order_summary_2026-06-01_2026-06-30.xlsx"
"","302024417230724608_1","Delivered","261","","","159.14","SETTLED","src:4276384_order_summary_2026-06-01_2026-06-30.xlsx"
"","302049342910001472_1","Delivered","211","","","145.11","SETTLED","src:4276384_order_summary_2026-06-01_2026-06-30.xlsx"
"","302054708722670784_1","Delivered","275","","","181.06","SETTLED","src:4276384_order_summary_2026-06-01_2026-06-30.xlsx"
"","302057083374017728_1","Delivered","160","","","89.52","SETTLED","src:4276384_order_summary_2026-06-01_2026-06-30.xlsx"
"","302072698887353728_1","Delivered","252","","","159.18","SETTLED","src:4276384_order_summary_2026-06-01_2026-06-30.xlsx"
"","302073956635385024_1","Delivered","280","","","176.57","SETTLED","src:4276384_order_summary_2026-06-01_2026-06-30.xlsx"
"","302074417181432000_1","Delivered","256","","","159.15","SETTLED","src:4276384_order_summary_2026-06-01_2026-06-30.xlsx"
"","302074730852456640_1","Delivered","383","","","280.38","SETTLED","src:4276384_order_summary_2026-06-01_2026-06-30.xlsx"
"","302122274193290624_1","Delivered","274","","","181.08","SETTLED","src:4276384_order_summary_2026-06-01_2026-06-30.xlsx"
"","302130702672344448_1","Delivered","281","","","198.78","SETTLED","src:4276384_order_summary_2026-06-01_2026-06-30.xlsx"
"","302139770443144704_1","Delivered","257","","","158.98","SETTLED","src:4276384_order_summary_2026-06-01_2026-06-30.xlsx"
"","302146084260945088_1","Delivered","255","","","177.1","SETTLED","src:4276384_order_summary_2026-06-01_2026-06-30.xlsx"
"","301823593560940032_1","Cancelled","274","","","0","NA","src:4276384_order_summary_2026-06-01_2026-06-30.xlsx"
"","301824722369656256_1","Cancelled","274","","","0","NA","src:4276384_order_summary_2026-06-01_2026-06-30.xlsx"
"","301981417084360896_1","Cancelled","221","","","147.24","SETTLED","src:4276384_order_summary_2026-06-01_2026-06-30.xlsx"
"","301985326020499648_1","Cancelled","382","","","0","NA","src:4276384_order_summary_2026-06-01_2026-06-30.xlsx"
"","302014426633477632_1","Cancelled","223","","","0","NA","src:4276384_order_summary_2026-06-01_2026-06-30.xlsx"
"","301695009705833920_1","RTO","273","","","0","NA","src:4276384_order_summary_2026-06-01_2026-06-30.xlsx"
"","301743079022031168_1","RTO","273","","","0","NA","src:4276384_order_summary_2026-06-01_2026-06-30.xlsx"
"","301708541596866752_1","Returned","274","","","-157","SETTLED","src:4276384_order_summary_2026-06-01_2026-06-30.xlsx"
"","301442850754016640_1","Delivered","222","","","147.06","SETTLED","src:4276384_order_summary_2026-06-01_2026-06-30.xlsx"
"","301453828561377472_1","Delivered","212","","","127.32","SETTLED","src:4276384_order_summary_2026-06-01_2026-06-30.xlsx"
"","301523807435911488_1","Delivered","252","","","176.91","SETTLED","src:4276384_order_summary_2026-06-01_2026-06-30.xlsx"
"","301542758988191936_1","Delivered","255","","","158.98","SETTLED","src:4276384_order_summary_2026-06-01_2026-06-30.xlsx"
"","301555437810643264_1","Delivered","275","","","180.91","SETTLED","src:4276384_order_summary_2026-06-01_2026-06-30.xlsx"
"","301558383914938688_1","Delivered","274","","","181.08","SETTLED","src:4276384_order_summary_2026-06-01_2026-06-30.xlsx"
"","301589132365673856_1","Delivered","274","","","198.8","SETTLED","src:4276384_order_summary_2026-06-01_2026-06-30.xlsx"
"","301593636179948928_1","Delivered","253","","","159.18","SETTLED","src:4276384_order_summary_2026-06-01_2026-06-30.xlsx"
"","301596286279628160_1","Delivered","142","","","52.53","SETTLED","src:4276384_order_summary_2026-06-01_2026-06-30.xlsx"
"","301606040477790528_1","Delivered","166","","","89.38","SETTLED","src:4276384_order_summary_2026-06-01_2026-06-30.xlsx"
"","301606819309434240_1","Delivered","252","","","176.91","SETTLED","src:4276384_order_summary_2026-06-01_2026-06-30.xlsx"
"","301610775867978048_1","Delivered","166","","","89.16","SETTLED","src:4276384_order_summary_2026-06-01_2026-06-30.xlsx"
"","301616106899387776_1","Delivered","258","","","158.98","SETTLED","src:4276384_order_summary_2026-06-01_2026-06-30.xlsx"
"","301646806186859712_1","Delivered","275","","","198.79","SETTLED","src:4276384_order_summary_2026-06-01_2026-06-30.xlsx"
"","301663099932012864_1","Delivered","251","","","159.18","SETTLED","src:4276384_order_summary_2026-06-01_2026-06-30.xlsx"
"","301672079114640896_1","Delivered","278","","","181.05","SETTLED","src:4276384_order_summary_2026-06-01_2026-06-30.xlsx"
"","301678720287666496_1","Delivered","274","","","181.08","SETTLED","src:4276384_order_summary_2026-06-01_2026-06-30.xlsx"
"","301693810449462720_1","Delivered","281","","","198.57","SETTLED","src:4276384_order_summary_2026-06-01_2026-06-30.xlsx"
"","301724532782544320_1","Delivered","190","","","111.42","SETTLED","src:4276384_order_summary_2026-06-01_2026-06-30.xlsx"
"","301733510855924928_1","Delivered","142","","","70.64","SETTLED","src:4276384_order_summary_2026-06-01_2026-06-30.xlsx"
"","301757394186475712_1","Delivered","161","","","71.63","SETTLED","src:4276384_order_summary_2026-06-01_2026-06-30.xlsx"
"","301764533609109696_1","Delivered","277","","","180.9","SETTLED","src:4276384_order_summary_2026-06-01_2026-06-30.xlsx"
"","301769534044779968_1","Delivered","253","","","176.91","SETTLED","src:4276384_order_summary_2026-06-01_2026-06-30.xlsx"
"","301780350845393088_1","Delivered","280","","","180.61","SETTLED","src:4276384_order_summary_2026-06-01_2026-06-30.xlsx"
"","301300664834078080_1","RTO","274","","","0","NA","src:4276384_order_summary_2026-06-01_2026-06-30.xlsx"
"","301305932395453632_1","Returned","252","","","-157","SETTLED","src:4276384_order_summary_2026-06-01_2026-06-30.xlsx"
"","301313550038081024_1","Returned","244","","","-157","SETTLED","src:4276384_order_summary_2026-06-01_2026-06-30.xlsx"
"","301173877563078080_1","Delivered","217","","","108.41","SETTLED","src:4276384_order_summary_2026-06-01_2026-06-30.xlsx"
"","301206478961253888_1","Delivered","214","","","127.32","SETTLED","src:4276384_order_summary_2026-06-01_2026-06-30.xlsx"
"","301208995442865536_1","Delivered","222","","","146.87","SETTLED","src:4276384_order_summary_2026-06-01_2026-06-30.xlsx"
"","301232404189311296_1","Delivered","276","","","181.06","SETTLED","src:4276384_order_summary_2026-06-01_2026-06-30.xlsx"
"","301254613754328448_1","Delivered","251","","","159.03","SETTLED","src:4276384_order_summary_2026-06-01_2026-06-30.xlsx"
"","301262144379973952_1","Delivered","256","","","159","SETTLED","src:4276384_order_summary_2026-06-01_2026-06-30.xlsx"
"","301265230988981632_1","Delivered","278","","","181.05","SETTLED","src:4276384_order_summary_2026-06-01_2026-06-30.xlsx"
"","301277954674406848_1","Delivered","290","","","180.8","SETTLED","src:4276384_order_summary_2026-06-01_2026-06-30.xlsx"
"","301342447500670400_1","Delivered","172","","","92.53","SETTLED","src:4276384_order_summary_2026-06-01_2026-06-30.xlsx"
"","301388336910972288_1","Delivered","142","","","52.72","SETTLED","src:4276384_order_summary_2026-06-01_2026-06-30.xlsx"
"","301392302340469056_1","Delivered","251","","","159.02","SETTLED","src:4276384_order_summary_2026-06-01_2026-06-30.xlsx"
"","301394243669881153_1","Delivered","292","","","180.79","SETTLED","src:4276384_order_summary_2026-06-01_2026-06-30.xlsx"
"","301394703226910144_1","Delivered","244","","","151.23","SETTLED","src:4276384_order_summary_2026-06-01_2026-06-30.xlsx"
"","301416973070638272_1","Delivered","275","","","198.85","SETTLED","src:4276384_order_summary_2026-06-01_2026-06-30.xlsx"
"","301420442366254592_1","Delivered","275","","","180.91","SETTLED","src:4276384_order_summary_2026-06-01_2026-06-30.xlsx"
"","300835228212534784_1","Delivered","290","","","198.79","SETTLED","src:4276384_order_summary_2026-06-01_2026-06-30.xlsx"
"","300841358183636480_1","Delivered","290","","","180.82","SETTLED","src:4276384_order_summary_2026-06-01_2026-06-30.xlsx"
"","300846354816048640_1","Delivered","273","","","162.14","SETTLED","src:4276384_order_summary_2026-06-01_2026-06-30.xlsx"
"","300860048874675712_1","Delivered","194","","","126.21","SETTLED","src:4276384_order_summary_2026-06-01_2026-06-30.xlsx"
"","300876361241008320_1","Delivered","290","","","180.79","SETTLED","src:4276384_order_summary_2026-06-01_2026-06-30.xlsx"
"","300887159735727552_1","Delivered","271","","","179.62","SETTLED","src:4276384_order_summary_2026-06-01_2026-06-30.xlsx"
"","300903548467878080_1","Delivered","244","","","168.96","SETTLED","src:4276384_order_summary_2026-06-01_2026-06-30.xlsx"
"","301003682617898432_1","Delivered","289","","","180.8","SETTLED","src:4276384_order_summary_2026-06-01_2026-06-30.xlsx"
"","301011876698550592_1","Delivered","223","","","147.24","SETTLED","src:4276384_order_summary_2026-06-01_2026-06-30.xlsx"
"","301016489908385216_1","Delivered","192","","","108.24","SETTLED","src:4276384_order_summary_2026-06-01_2026-06-30.xlsx"
"","300860416171842752_1","Cancelled","291","","","0","NA","src:4276384_order_summary_2026-06-01_2026-06-30.xlsx"
"","300881789957185024_1","Cancelled","291","","","0","NA","src:4276384_order_summary_2026-06-01_2026-06-30.xlsx"
"","300883201889934848_1","Cancelled","291","","","0","NA","src:4276384_order_summary_2026-06-01_2026-06-30.xlsx"
"","300892812156934336_1","Cancelled","291","","","0","NA","src:4276384_order_summary_2026-06-01_2026-06-30.xlsx"
"","300609940014642560_1","RTO","245","","","0","NA","src:4276384_order_summary_2026-06-01_2026-06-30.xlsx"
"","300540300789953984_1","Returned","244","","","-157","SETTLED","src:4276384_order_summary_2026-06-01_2026-06-30.xlsx"
"","300541266432956608_1","Returned","289","","","-157","SETTLED","src:4276384_order_summary_2026-06-01_2026-06-30.xlsx"
"","300453560809320768_1","Delivered","244","","","151.03","SETTLED","src:4276384_order_summary_2026-06-01_2026-06-30.xlsx"
"","300540413578982848_1","Delivered","196","","","108.41","SETTLED","src:4276384_order_summary_2026-06-01_2026-06-30.xlsx"
"","300546588077791424_1","Delivered","227","","","159.03","SETTLED","src:4276384_order_summary_2026-06-01_2026-06-30.xlsx"
"","300605299496392896_1","Delivered","222","","","147.06","SETTLED","src:4276384_order_summary_2026-06-01_2026-06-30.xlsx"
"","300638481001356480_1","Cancelled","222","","","0","NA","src:4276384_order_summary_2026-06-01_2026-06-30.xlsx"
"","300104205392557504_1","Delivered","192","","","108.27","SETTLED","src:4276384_order_summary_2026-06-01_2026-06-30.xlsx"
"","300115093482780032_1","Delivered","322","","","198.37","SETTLED","src:4276384_order_summary_2026-06-01_2026-06-30.xlsx"
"","300184556815413568_1","Delivered","196","","","108.22","SETTLED","src:4276384_order_summary_2026-06-01_2026-06-30.xlsx"
"","300213800626697600_1","Delivered","171","","","92.46","SETTLED","src:4276384_order_summary_2026-06-01_2026-06-30.xlsx"
"","300232452790951104_1","Delivered","225","","","129.34","SETTLED","src:4276384_order_summary_2026-06-01_2026-06-30.xlsx"
"","300248137330225472_1","Delivered","290","","","198.52","SETTLED","src:4276384_order_summary_2026-06-01_2026-06-30.xlsx"
"","300260862190055744_1","Delivered","290","","","180.79","SETTLED","src:4276384_order_summary_2026-06-01_2026-06-30.xlsx"
"","300270005822830016_1","Delivered","355","","","251.68","SETTLED","src:4276384_order_summary_2026-06-01_2026-06-30.xlsx"
"","300275915504891328_1","Delivered","291","","","198.79","SETTLED","src:4276384_order_summary_2026-06-01_2026-06-30.xlsx"
"","300288639217573056_1","Delivered","290","","","198.79","SETTLED","src:4276384_order_summary_2026-06-01_2026-06-30.xlsx"
"","300290331478734208_1","Delivered","290","","","198.52","SETTLED","src:4276384_order_summary_2026-06-01_2026-06-30.xlsx"
"","300290639537780097_1","Delivered","292","","","180.78","SETTLED","src:4276384_order_summary_2026-06-01_2026-06-30.xlsx"
"","300296761309993153_1","Delivered","173","","","92.52","SETTLED","src:4276384_order_summary_2026-06-01_2026-06-30.xlsx"
"","300298839127366848_1","Delivered","290","","","180.82","SETTLED","src:4276384_order_summary_2026-06-01_2026-06-30.xlsx"
"","300270728123921792_1","Cancelled","271","","","0","NA","src:4276384_order_summary_2026-06-01_2026-06-30.xlsx"
"","299939536048758272_1","Exchanged","271","","","4.88","SETTLED","src:4276384_order_summary_2026-06-01_2026-06-30.xlsx"
"","299918211928169664_1","Delivered","290","","","198.79","SETTLED","src:4276384_order_summary_2026-06-01_2026-06-30.xlsx"
"","299253806633654464_1","Delivered","212","","","145.03","SETTLED","src:4276384_order_summary_2026-06-01_2026-06-30.xlsx"
"","297940926985829056_1","Returned","191","","","-162","SETTLED","src:4276384_order_summary_2026-06-01_2026-06-30.xlsx"
"","296738838494739136_1","RTO","527","","","0","NA","src:4276384_order_summary_2026-06-01_2026-06-30.xlsx"
"","296357073104382400_1","Returned","528","","","-216","SETTLED","src:4276384_order_summary_2026-06-01_2026-06-30.xlsx | claim:REJECTED"
"","296631034899835328_1","Returned","466","","","-340","SETTLED","src:4276384_order_summary_2026-06-01_2026-06-30.xlsx"
"","296614572457466048_1","Delivered","528","","","397.31","SETTLED","src:4276384_order_summary_2026-06-01_2026-06-30.xlsx"
"","296704839248255168_1","Delivered","466","","","337.27","SETTLED","src:4276384_order_summary_2026-06-01_2026-06-30.xlsx"
"","296142790965492416_1","RTO","528","","","0","NA","src:4276384_order_summary_2026-06-01_2026-06-30.xlsx"
"","296172042901444480_1","RTO","527","","","0","NA","src:4276384_order_summary_2026-06-01_2026-06-30.xlsx"
"","295989655433303936_1","Returned","529","","","-223","SETTLED","src:4276384_order_summary_2026-06-01_2026-06-30.xlsx"
"","296122230616787776_1","Cancelled","529","","","0","NA","src:4276384_order_summary_2026-06-01_2026-06-30.xlsx"
"","295891424774723776_1","Returned","536","","","-340","SETTLED","src:4276384_order_summary_2026-06-01_2026-06-30.xlsx"
"","295927467176077760_1","Delivered","527","","","397.5","SETTLED","src:4276384_order_summary_2026-06-01_2026-06-30.xlsx"
"","295887851078316864_1","Cancelled","536","","","0","NA","src:4276384_order_summary_2026-06-01_2026-06-30.xlsx"
"","295416279459670464_1","Returned","529","","","-223","SETTLED","src:4276384_order_summary_2026-06-01_2026-06-30.xlsx"
"","295476752153742144_1","Returned","529","","","-223","SETTLED","src:4276384_order_summary_2026-06-01_2026-06-30.xlsx"
"","295552032965318528_1","Returned","466","","","-223","SETTLED","src:4276384_order_summary_2026-06-01_2026-06-30.xlsx"
"","295611740578104064_1","Returned","527","","","-216","SETTLED","src:4276384_order_summary_2026-06-01_2026-06-30.xlsx"
"","295565155735991104_1","Delivered","403","","","317.95","SETTLED","src:4276384_order_summary_2026-06-01_2026-06-30.xlsx"
"","295064134357068224_1","Delivered","527","","","397.54","SETTLED","src:4276384_order_summary_2026-06-01_2026-06-30.xlsx"
"","295169616595526144_1","Delivered","527","","","397.32","SETTLED","src:4276384_order_summary_2026-06-01_2026-06-30.xlsx"
"","294827146278847232_1","Delivered","539","","","397.46","SETTLED","src:4276384_order_summary_2026-06-01_2026-06-30.xlsx"
"","294880218041688576_1","Delivered","527","","","397.32","SETTLED","src:4276384_order_summary_2026-06-01_2026-06-30.xlsx"
"","294763250686528320_1","Cancelled","526","","","0","NA","src:4276384_order_summary_2026-06-01_2026-06-30.xlsx"
"","294832611162827200_1","Cancelled","527","","","0","NA","src:4276384_order_summary_2026-06-01_2026-06-30.xlsx"
"","294857946171607872_1","Cancelled","527","","","0","NA","src:4276384_order_summary_2026-06-01_2026-06-30.xlsx"
"","294281470617350976_1","Returned","526","","","-340","SETTLED","src:4276384_order_summary_2026-06-01_2026-06-30.xlsx"
"","294496573593776960_1","Returned","526","","","-223","SETTLED","src:4276384_order_summary_2026-06-01_2026-06-30.xlsx"
"","294422688977896128_1","Cancelled","527","","","0","NA","src:4276384_order_summary_2026-06-01_2026-06-30.xlsx"
"","294452861786420032_1","Cancelled","527","","","0","NA","src:4276384_order_summary_2026-06-01_2026-06-30.xlsx"
"","294096112444221888_1","RTO","527","","","0","NA","src:4276384_order_summary_2026-06-01_2026-06-30.xlsx"
"","294017006634562368_1","Cancelled","526","","","0","NA","src:4276384_order_summary_2026-06-01_2026-06-30.xlsx"
"","294140264339456704_1","Cancelled","466","","","0","NA","src:4276384_order_summary_2026-06-01_2026-06-30.xlsx"
"","314626306947359488_1","Returned","172","","","-157","SETTLED","src:4276384_order_summary_2026-07-01_2026-07-31.xlsx | claim:REJECTED"
"","314704883126575872_1","Returned","169","","","-157","SETTLED","src:4276384_order_summary_2026-07-01_2026-07-31.xlsx"
"","314638956217881216_1","Delivered","208","","","123.21","SETTLED","src:4276384_order_summary_2026-07-01_2026-07-31.xlsx"
"","314641446467943488_1","Delivered","197","","","126.03","SETTLED","src:4276384_order_summary_2026-07-01_2026-07-31.xlsx"
"","314654077992424064_1","Delivered","211","","","127.34","SETTLED","src:4276384_order_summary_2026-07-01_2026-07-31.xlsx"
"","314728982569696320_1","Delivered","212","","","127.17","SETTLED","src:4276384_order_summary_2026-07-01_2026-07-31.xlsx"
"","314734384196211328_1","Delivered","220","","","127.11","SETTLED","src:4276384_order_summary_2026-07-01_2026-07-31.xlsx"
"","314787832727485632_1","Delivered","353","","","269.62","SETTLED","src:4276384_order_summary_2026-07-01_2026-07-31.xlsx"
"","314800739964539520_1","Delivered","193","","","108.42","SETTLED","src:4276384_order_summary_2026-07-01_2026-07-31.xlsx"
"","314801914427941632_1","Delivered","248","","","129.32","SETTLED","src:4276384_order_summary_2026-07-01_2026-07-31.xlsx"
"","314728409699073216_1","Cancelled","417","","","0","NA","src:4276384_order_summary_2026-07-01_2026-07-31.xlsx"
"","314286093306364608_1","RTO","382","","","0","NA","src:4276384_order_summary_2026-07-01_2026-07-31.xlsx"
"","314270684986201600_1","Delivered","169","","","99.33","SETTLED","src:4276384_order_summary_2026-07-01_2026-07-31.xlsx"
"","314272646707479232_1","Delivered","192","","","252.04","SETTLED","src:4276384_order_summary_2026-07-01_2026-07-31.xlsx"
"","314363296618003656_1","Delivered","210","","","123.35","SETTLED","src:4276384_order_summary_2026-07-01_2026-07-31.xlsx"
"","314398824798606848_1","Delivered","269","","","168.99","SETTLED","src:4276384_order_summary_2026-07-01_2026-07-31.xlsx"
"","314405587160284224_1","Delivered","227","","","142.27","SETTLED","src:4276384_order_summary_2026-07-01_2026-07-31.xlsx"
"","314421589935799360_1","Delivered","211","","","127.15","SETTLED","src:4276384_order_summary_2026-07-01_2026-07-31.xlsx"
"","314469407657809409_1","Delivered","196","","","108.4","SETTLED","src:4276384_order_summary_2026-07-01_2026-07-31.xlsx"
"","313872074757520448_1","RTO","385","","","0","NA","src:4276384_order_summary_2026-07-01_2026-07-31.xlsx"
"","313900556929612992_1","RTO","385","","","0","NA","src:4276384_order_summary_2026-07-01_2026-07-31.xlsx"
"","313943560646677120_1","RTO","387","","","0","NA","src:4276384_order_summary_2026-07-01_2026-07-31.xlsx"
"","313878328293315200_1","Delivered","384","","","298.04","SETTLED","src:4276384_order_summary_2026-07-01_2026-07-31.xlsx"
"","313887383346363584_1","Delivered","171","","","99.32","SETTLED","src:4276384_order_summary_2026-07-01_2026-07-31.xlsx"
"","313893909327446720_1","Delivered","384","","","280.55","SETTLED","src:4276384_order_summary_2026-07-01_2026-07-31.xlsx"
"","313896086196388544_1","Delivered","386","","","298.03","SETTLED","src:4276384_order_summary_2026-07-01_2026-07-31.xlsx"
"","313909453367661184_1","Delivered","226","","","158.85","SETTLED","src:4276384_order_summary_2026-07-01_2026-07-31.xlsx"
"","313917140105942528_1","Delivered","383","","","298.1","SETTLED","src:4276384_order_summary_2026-07-01_2026-07-31.xlsx"
"","313917891069989504_1","Delivered","355","","","269.38","SETTLED","src:4276384_order_summary_2026-07-01_2026-07-31.xlsx"
"","313918032233484928_1","Delivered","384","","","298.24","SETTLED","src:4276384_order_summary_2026-07-01_2026-07-31.xlsx"
"","313922649751225024_1","Delivered","227","","","158.87","SETTLED","src:4276384_order_summary_2026-07-01_2026-07-31.xlsx"
"","313935319233143552_1","Delivered","249","","","147.24","SETTLED","src:4276384_order_summary_2026-07-01_2026-07-31.xlsx"
"","314060284520814080_1","Delivered","382","","","280.55","SETTLED","src:4276384_order_summary_2026-07-01_2026-07-31.xlsx"
"","314061047765286080_1","Delivered","209","","","123.36","SETTLED","src:4276384_order_summary_2026-07-01_2026-07-31.xlsx"
"","314061562110006784_1","Delivered","170","","","99.33","SETTLED","src:4276384_order_summary_2026-07-01_2026-07-31.xlsx"
"","314080416819303936_1","Delivered","324","","","181.08","SETTLED","src:4276384_order_summary_2026-07-01_2026-07-31.xlsx"
"","314104684377160768_1","Delivered","193","","","108.23","SETTLED","src:4276384_order_summary_2026-07-01_2026-07-31.xlsx"
"","313538952727268928_1","RTO","388","","","0","NA","src:4276384_order_summary_2026-07-01_2026-07-31.xlsx"
"","313577058659148544_1","RTO","192","","","0","NA","src:4276384_order_summary_2026-07-01_2026-07-31.xlsx"
"","313664391203377792_1","RTO","384","","","0","NA","src:4276384_order_summary_2026-07-01_2026-07-31.xlsx"
"","313677574043534016_1","RTO","355","","","0","NA","src:4276384_order_summary_2026-07-01_2026-07-31.xlsx"
"","313706033632918720_1","RTO","192","","","0","NA","src:4276384_order_summary_2026-07-01_2026-07-31.xlsx"
"","313733997346590272_1","RTO","385","","","0","NA","src:4276384_order_summary_2026-07-01_2026-07-31.xlsx"
"","313554054420484736_1","Returned","179","","","-157","SETTLED","src:4276384_order_summary_2026-07-01_2026-07-31.xlsx | claim:REJECTED"
"","313582043899772096_1","Returned","211","","","-157","SETTLED","src:4276384_order_summary_2026-07-01_2026-07-31.xlsx"
"","313681918326940416_1","Returned","270","","","0","NA","src:4276384_order_summary_2026-07-01_2026-07-31.xlsx"
"","313385068420080384_1","Delivered","358","","","269.62","SETTLED","src:4276384_order_summary_2026-07-01_2026-07-31.xlsx"
"","313389447924089536_1","Delivered","227","","","159.04","SETTLED","src:4276384_order_summary_2026-07-01_2026-07-31.xlsx"
"","313491653662286592_1","Delivered","354","","","269.39","SETTLED","src:4276384_order_summary_2026-07-01_2026-07-31.xlsx"
"","313491598197248640_1","Delivered","358","","","251.68","SETTLED","src:4276384_order_summary_2026-07-01_2026-07-31.xlsx"
"","313506381461601472_1","Delivered","383","","","280.55","SETTLED","src:4276384_order_summary_2026-07-01_2026-07-31.xlsx"
"","313507743234166144_1","Delivered","383","","","298.25","SETTLED","src:4276384_order_summary_2026-07-01_2026-07-31.xlsx"
"","313515818709091008_1","Delivered","384","","","280.36","SETTLED","src:4276384_order_summary_2026-07-01_2026-07-31.xlsx"
"","313534907108229824_1","Delivered","355","","","269.4","SETTLED","src:4276384_order_summary_2026-07-01_2026-07-31.xlsx"
"","313544739738521152_1","Delivered","201","","","128.17","SETTLED","src:4276384_order_summary_2026-07-01_2026-07-31.xlsx"
"","313559920535872256_1","Delivered","192","","","108.24","SETTLED","src:4276384_order_summary_2026-07-01_2026-07-31.xlsx"
"","313565014878731458_1","Delivered","191","","","108.44","SETTLED","src:4276384_order_summary_2026-07-01_2026-07-31.xlsx"
"","313565474902180544_1","Delivered","270","","","151.21","SETTLED","src:4276384_order_summary_2026-07-01_2026-07-31.xlsx"
"","313601202422975872_1","Delivered","155","","","61.69","SETTLED","src:4276384_order_summary_2026-07-01_2026-07-31.xlsx"
"","313609265440817856_1","Delivered","192","","","108.42","SETTLED","src:4276384_order_summary_2026-07-01_2026-07-31.xlsx"
"","313664524057518848_1","Delivered","385","","","298.09","SETTLED","src:4276384_order_summary_2026-07-01_2026-07-31.xlsx"
"","313667142187650624_1","Delivered","384","","","298.24","SETTLED","src:4276384_order_summary_2026-07-01_2026-07-31.xlsx"
"","313671552545006336_1","Delivered","384","","","298.24","SETTLED","src:4276384_order_summary_2026-07-01_2026-07-31.xlsx"
"","313675638094335360_1","Delivered","355","","","269.38","SETTLED","src:4276384_order_summary_2026-07-01_2026-07-31.xlsx"
"","313677470657056128_1","Delivered","355","","","251.52","SETTLED","src:4276384_order_summary_2026-07-01_2026-07-31.xlsx"
"","313678153796494080_1","Delivered","211","","","145.11","SETTLED","src:4276384_order_summary_2026-07-01_2026-07-31.xlsx"
"","313680525009027776_1","Delivered","354","","","269.39","SETTLED","src:4276384_order_summary_2026-07-01_2026-07-31.xlsx"
"","313680828722696834_1","Delivered","355","","","269.2","SETTLED","src:4276384_order_summary_2026-07-01_2026-07-31.xlsx"
"","313680828722696834_2","Delivered","355","","","269.2","SETTLED","src:4276384_order_summary_2026-07-01_2026-07-31.xlsx"
"","313681691007684160_1","Delivered","214","","","123.36","SETTLED","src:4276384_order_summary_2026-07-01_2026-07-31.xlsx"
"","313722253626740288_1","Delivered","215","","","127.32","SETTLED","src:4276384_order_summary_2026-07-01_2026-07-31.xlsx"
"","313738444000890432_1","Delivered","354","","","251.72","SETTLED","src:4276384_order_summary_2026-07-01_2026-07-31.xlsx"
"","313744335005715840_1","Delivered","355","","","251.72","SETTLED","src:4276384_order_summary_2026-07-01_2026-07-31.xlsx"
"","313442643768938048_1","Cancelled","385","","","0","NA","src:4276384_order_summary_2026-07-01_2026-07-31.xlsx"
"","313495439890383552_1","Cancelled","356","","","0","NA","src:4276384_order_summary_2026-07-01_2026-07-31.xlsx"
"","313664444675558976_1","Cancelled","211","","","0","NA","src:4276384_order_summary_2026-07-01_2026-07-31.xlsx"
"","313675974217469504_1","Cancelled","384","","","0","NA","src:4276384_order_summary_2026-07-01_2026-07-31.xlsx"
"","313676015083573888_1","Cancelled","356","","","0","NA","src:4276384_order_summary_2026-07-01_2026-07-31.xlsx"
"","313679495713727232_1","Cancelled","383","","","0","NA","src:4276384_order_summary_2026-07-01_2026-07-31.xlsx"
"","313695300828472064_1","Cancelled","357","","","0","NA","src:4276384_order_summary_2026-07-01_2026-07-31.xlsx"
"","313705313835885312_1","Cancelled","355","","","0","NA","src:4276384_order_summary_2026-07-01_2026-07-31.xlsx"
"","313196088386293120_1","RTO","192","","","0","NA","src:4276384_order_summary_2026-07-01_2026-07-31.xlsx"
"","313260529077358144_1","RTO","354","","","0","NA","src:4276384_order_summary_2026-07-01_2026-07-31.xlsx"
"","313379326867133056_1","RTO","356","","","0","NA","src:4276384_order_summary_2026-07-01_2026-07-31.xlsx"
"","313143609179147648_1","Delivered","192","","","119.21","SETTLED","src:4276384_order_summary_2026-07-01_2026-07-31.xlsx"
"","313145989909041792_1","Delivered","183","","","109.26","SETTLED","src:4276384_order_summary_2026-07-01_2026-07-31.xlsx"
"","313148865242407680_1","Delivered","248","","","129.34","SETTLED","src:4276384_order_summary_2026-07-01_2026-07-31.xlsx"
"","313166953485030016_1","Delivered","321","","","198.69","SETTLED","src:4276384_order_summary_2026-07-01_2026-07-31.xlsx"
"","313214011831157440_1","Delivered","222","","","118.87","SETTLED","src:4276384_order_summary_2026-07-01_2026-07-31.xlsx"
"","313227144993821312_1","Delivered","243","","","127.35","SETTLED","src:4276384_order_summary_2026-07-01_2026-07-31.xlsx"
"","313265620756893056_1","Delivered","219","","","101.23","SETTLED","src:4276384_order_summary_2026-07-01_2026-07-31.xlsx"
"","313327348299501120_1","Delivered","227","","","142.11","SETTLED","src:4276384_order_summary_2026-07-01_2026-07-31.xlsx"
"","313339042732647168_1","Delivered","173","","","100.12","SETTLED","src:4276384_order_summary_2026-07-01_2026-07-31.xlsx"
"","313346693394801408_1","Delivered","172","","","82.42","SETTLED","src:4276384_order_summary_2026-07-01_2026-07-31.xlsx"
"","313369338152128064_1","Delivered","210","","","123.2","SETTLED","src:4276384_order_summary_2026-07-01_2026-07-31.xlsx"
"","313372065322646720_1","Delivered","388","","","298.21","SETTLED","src:4276384_order_summary_2026-07-01_2026-07-31.xlsx"
"","313370155295384320_1","Cancelled","358","","","0","NA","src:4276384_order_summary_2026-07-01_2026-07-31.xlsx"
"","312847822075929344_1","RTO","228","","","0","NA","src:4276384_order_summary_2026-07-01_2026-07-31.xlsx"
"","312859750684331393_1","RTO","355","","","0","NA","src:4276384_order_summary_2026-07-01_2026-07-31.xlsx"
"","313001569993740928_1","RTO","192","","","0","NA","src:4276384_order_summary_2026-07-01_2026-07-31.xlsx"
"","312898178768556672_1","Returned","173","","","-157","SETTLED","src:4276384_order_summary_2026-07-01_2026-07-31.xlsx"
"","312992595042575104_1","Returned","324","","","-157","SETTLED","src:4276384_order_summary_2026-07-01_2026-07-31.xlsx | claim:REJECTED"
"","312679271818011392_1","Delivered","175","","","82.41","SETTLED","src:4276384_order_summary_2026-07-01_2026-07-31.xlsx"
"","312770914558616320_1","Delivered","226","","","158.85","SETTLED","src:4276384_order_summary_2026-07-01_2026-07-31.xlsx"
"","312778563474462080_1","Delivered","320","","","180.74","SETTLED","src:4276384_order_summary_2026-07-01_2026-07-31.xlsx"
"","312781828056454528_1","Delivered","356","","","269.62","SETTLED","src:4276384_order_summary_2026-07-01_2026-07-31.xlsx"
"","312785857109071232_1","Delivered","320","","","180.69","SETTLED","src:4276384_order_summary_2026-07-01_2026-07-31.xlsx"
"","312795585844252032_1","Delivered","172","","","82.44","SETTLED","src:4276384_order_summary_2026-07-01_2026-07-31.xlsx"
"","312802682933775744_1","Delivered","269","","","168.63","SETTLED","src:4276384_order_summary_2026-07-01_2026-07-31.xlsx"
"","312812316738921216_1","Delivered","227","","","142.11","SETTLED","src:4276384_order_summary_2026-07-01_2026-07-31.xlsx"
"","312820256387143040_1","Delivered","152","","","61.68","SETTLED","src:4276384_order_summary_2026-07-01_2026-07-31.xlsx"
"","312842729880932992_1","Delivered","211","","","127.17","SETTLED","src:4276384_order_summary_2026-07-01_2026-07-31.xlsx"
"","312846740166317440_1","Delivered","192","","","119.39","SETTLED","src:4276384_order_summary_2026-07-01_2026-07-31.xlsx"
"","312849101074349248_1","Delivered","320","","","180.69","SETTLED","src:4276384_order_summary_2026-07-01_2026-07-31.xlsx"
"","312854587023229632_1","Delivered","384","","","280.48","SETTLED","src:4276384_order_summary_2026-07-01_2026-07-31.xlsx"
"","312858979834733312_1","Delivered","412","","","312.2","SETTLED","src:4276384_order_summary_2026-07-01_2026-07-31.xlsx"
"","312868829016264064_1","Delivered","150","","","67.65","SETTLED","src:4276384_order_summary_2026-07-01_2026-07-31.xlsx"
"","312869026250293952_1","Delivered","191","","","101.3","SETTLED","src:4276384_order_summary_2026-07-01_2026-07-31.xlsx"
"","312874098652807872_1","Delivered","211","","","127.15","SETTLED","src:4276384_order_summary_2026-07-01_2026-07-31.xlsx"
"","312878464155714240_1","Delivered","191","","","126.22","SETTLED","src:4276384_order_summary_2026-07-01_2026-07-31.xlsx"
"","312888071564967104_1","Delivered","227","","","142.27","SETTLED","src:4276384_order_summary_2026-07-01_2026-07-31.xlsx"
"","312893198984741568_1","Delivered","192","","","126.03","SETTLED","src:4276384_order_summary_2026-07-01_2026-07-31.xlsx"
"","312915911419925888_1","Delivered","383","","","280.36","SETTLED","src:4276384_order_summary_2026-07-01_2026-07-31.xlsx"
"","312935402245756289_1","Delivered","192","","","101.29","SETTLED","src:4276384_order_summary_2026-07-01_2026-07-31.xlsx"
"","312942065541382848_1","Delivered","201","","","128.16","SETTLED","src:4276384_order_summary_2026-07-01_2026-07-31.xlsx"
"","312947404914462080_1","Delivered","355","","","251.69","SETTLED","src:4276384_order_summary_2026-07-01_2026-07-31.xlsx"
"","312949821652456064_1","Delivered","320","","","198.37","SETTLED","src:4276384_order_summary_2026-07-01_2026-07-31.xlsx"
"","312952343535455616_1","Delivered","150","","","61.66","SETTLED","src:4276384_order_summary_2026-07-01_2026-07-31.xlsx"
"","312995435874550464_1","Delivered","213","","","127.15","SETTLED","src:4276384_order_summary_2026-07-01_2026-07-31.xlsx"
"","312856287846978177_1","Cancelled","358","","","0","NA","src:4276384_order_summary_2026-07-01_2026-07-31.xlsx"
"","312872005937806528_1","Cancelled","191","","","0","NA","src:4276384_order_summary_2026-07-01_2026-07-31.xlsx"
"","312479941110173056_1","Returned","174","","","-157","SETTLED","src:4276384_order_summary_2026-07-01_2026-07-31.xlsx"
"","312552842140728514_1","Returned","231","","","-157","SETTLED","src:4276384_order_summary_2026-07-01_2026-07-31.xlsx | claim:REJECTED"
"","312589712713880960_1","Returned","320","","","-157","SETTLED","src:4276384_order_summary_2026-07-01_2026-07-31.xlsx | claim:REJECTED"
"","312636124113704320_1","Returned","207","","","-157","SETTLED","src:4276384_order_summary_2026-07-01_2026-07-31.xlsx"
"","312298915073234048_1","Delivered","192","","","108.44","SETTLED","src:4276384_order_summary_2026-07-01_2026-07-31.xlsx"
"","312435997549827456_1","Delivered","227","","","159.04","SETTLED","src:4276384_order_summary_2026-07-01_2026-07-31.xlsx"
"","312459011370713794_1","Delivered","228","","","142.27","SETTLED","src:4276384_order_summary_2026-07-01_2026-07-31.xlsx"
"","312471569456053440_1","Delivered","413","","","328.08","SETTLED","src:4276384_order_summary_2026-07-01_2026-07-31.xlsx"
"","312489741743760128_1","Delivered","472","","","263.24","SETTLED","src:4276384_order_summary_2026-07-01_2026-07-31.xlsx"
"","312492487343488192_1","Delivered","472","","","263.46","SETTLED","src:4276384_order_summary_2026-07-01_2026-07-31.xlsx"
"","312571943928144640_1","Delivered","194","","","108.23","SETTLED","src:4276384_order_summary_2026-07-01_2026-07-31.xlsx"
"","312576505925804800_1","Delivered","342","","","248.48","SETTLED","src:4276384_order_summary_2026-07-01_2026-07-31.xlsx"
"","312582019753648896_1","Delivered","192","","","216.68","SETTLED","src:4276384_order_summary_2026-07-01_2026-07-31.xlsx"
"","312602254686195072_1","Delivered","192","","","126.21","SETTLED","src:4276384_order_summary_2026-07-01_2026-07-31.xlsx"
"","312605764199764608_1","Delivered","173","","","82.39","SETTLED","src:4276384_order_summary_2026-07-01_2026-07-31.xlsx"
"","312609802987438784_1","Delivered","301","","","161.79","SETTLED","src:4276384_order_summary_2026-07-01_2026-07-31.xlsx"
"","312610146060018432_1","Delivered","201","","","128.16","SETTLED","src:4276384_order_summary_2026-07-01_2026-07-31.xlsx"
"","312618761301562752_1","Delivered","208","","","123.17","SETTLED","src:4276384_order_summary_2026-07-01_2026-07-31.xlsx"
"","312642671952646784_1","Delivered","192","","","101.29","SETTLED","src:4276384_order_summary_2026-07-01_2026-07-31.xlsx"
"","312643186625385856_1","Delivered","192","","","108.22","SETTLED","src:4276384_order_summary_2026-07-01_2026-07-31.xlsx"
"","312497344524178048_1","Cancelled","192","","","0","NA","src:4276384_order_summary_2026-07-01_2026-07-31.xlsx"
"","312637892391805696_1","Cancelled","192","","","0","NA","src:4276384_order_summary_2026-07-01_2026-07-31.xlsx"
"","312075532959076992_1","RTO","192","","","0","NA","src:4276384_order_summary_2026-07-01_2026-07-31.xlsx"
"","312089594158002880_1","RTO","227","","","0","NA","src:4276384_order_summary_2026-07-01_2026-07-31.xlsx"
"","312256029485052672_1","RTO","270","","","0","NA","src:4276384_order_summary_2026-07-01_2026-07-31.xlsx"
"","312057812350075840_1","Delivered","192","","","108.23","SETTLED","src:4276384_order_summary_2026-07-01_2026-07-31.xlsx"
"","312059705841013376_1","Delivered","230","","","142.26","SETTLED","src:4276384_order_summary_2026-07-01_2026-07-31.xlsx"
"","312111676151497664_1","Delivered","218","","","127.32","SETTLED","src:4276384_order_summary_2026-07-01_2026-07-31.xlsx"
"","312117402130084736_1","Delivered","192","","","108.45","SETTLED","src:4276384_order_summary_2026-07-01_2026-07-31.xlsx"
"","312126158867936000_1","Delivered","259","","","142.27","SETTLED","src:4276384_order_summary_2026-07-01_2026-07-31.xlsx"
"","312162216387186048_1","Delivered","214","","","127.28","SETTLED","src:4276384_order_summary_2026-07-01_2026-07-31.xlsx"
"","312188469221667584_1","Delivered","215","","","140.09","SETTLED","src:4276384_order_summary_2026-07-01_2026-07-31.xlsx"
"","312244892878140288_1","Delivered","211","","","140.11","SETTLED","src:4276384_order_summary_2026-07-01_2026-07-31.xlsx"
"","312250034864157568_1","Delivered","211","","","127.34","SETTLED","src:4276384_order_summary_2026-07-01_2026-07-31.xlsx"
"","312270834654678400_1","Delivered","384","","","298.25","SETTLED","src:4276384_order_summary_2026-07-01_2026-07-31.xlsx"
"","312148544753382144_1","Cancelled","211","","","0","NA","src:4276384_order_summary_2026-07-01_2026-07-31.xlsx"
"","312230127106720448_1","Cancelled","211","","","0","NA","src:4276384_order_summary_2026-07-01_2026-07-31.xlsx"
"","311589128162706304_1","RTO","381","","","0","NA","src:4276384_order_summary_2026-07-01_2026-07-31.xlsx"
"","311904873958540160_1","Returned","208","","","-157","SETTLED","src:4276384_order_summary_2026-07-01_2026-07-31.xlsx | claim:REJECTED"
"","311766613626127360_1","Delivered","227","","","142.27","SETTLED","src:4276384_order_summary_2026-07-01_2026-07-31.xlsx"
"","311777732583425088_1","Delivered","192","","","108.24","SETTLED","src:4276384_order_summary_2026-07-01_2026-07-31.xlsx"
"","311833986646045568_1","Delivered","274","","","151.18","SETTLED","src:4276384_order_summary_2026-07-01_2026-07-31.xlsx"
"","311876157364646592_1","Delivered","226","","","142.27","SETTLED","src:4276384_order_summary_2026-07-01_2026-07-31.xlsx"
"","311880447258985472_1","Delivered","193","","","108.41","SETTLED","src:4276384_order_summary_2026-07-01_2026-07-31.xlsx"
"","311895911804633984_1","Delivered","191","","","108.24","SETTLED","src:4276384_order_summary_2026-07-01_2026-07-31.xlsx"
"","311901736057111552_1","Delivered","192","","","108.44","SETTLED","src:4276384_order_summary_2026-07-01_2026-07-31.xlsx"
"","311909528356717504_1","Delivered","212","","","127.17","SETTLED","src:4276384_order_summary_2026-07-01_2026-07-31.xlsx"
"","311921850209678080_1","Cancelled","232","","","0","NA","src:4276384_order_summary_2026-07-01_2026-07-31.xlsx"
"","311450400769377216_1","Returned","192","","","-74","SETTLED","src:4276384_order_summary_2026-07-01_2026-07-31.xlsx"
"","311322959212119104_1","Delivered","211","","","145.11","SETTLED","src:4276384_order_summary_2026-07-01_2026-07-31.xlsx"
"","311411666736841728_1","Delivered","228","","","142.08","SETTLED","src:4276384_order_summary_2026-07-01_2026-07-31.xlsx"
"","311460138055828416_1","Delivered","211","","","127.34","SETTLED","src:4276384_order_summary_2026-07-01_2026-07-31.xlsx"
"","311478103455237056_1","Delivered","226","","","142.27","SETTLED","src:4276384_order_summary_2026-07-01_2026-07-31.xlsx"
"","311496075330651200_1","Delivered","229","","","142.1","SETTLED","src:4276384_order_summary_2026-07-01_2026-07-31.xlsx"
"","311547592108606464_1","Delivered","301","","","162.17","SETTLED","src:4276384_order_summary_2026-07-01_2026-07-31.xlsx"
"","311441679305606080_1","Cancelled","227","","","0","NA","src:4276384_order_summary_2026-07-01_2026-07-31.xlsx"
"","310998420624936320_1","RTO","227","","","0","NA","src:4276384_order_summary_2026-07-01_2026-07-31.xlsx"
"","311126456175332736_1","RTO","211","","","0","NA","src:4276384_order_summary_2026-07-01_2026-07-31.xlsx"
"","311062460507554880_1","Returned","211","","","-157","SETTLED","src:4276384_order_summary_2026-07-01_2026-07-31.xlsx | claim:REJECTED"
"","311136295386809280_1","Returned","211","","","-100.97","SETTLED","src:4276384_order_summary_2026-07-01_2026-07-31.xlsx | claim:APPROVED"
"","310991879284130881_1","Delivered","211","","","144.94","SETTLED","src:4276384_order_summary_2026-07-01_2026-07-31.xlsx"
"","310993317460640640_1","Delivered","192","","","108.44","SETTLED","src:4276384_order_summary_2026-07-01_2026-07-31.xlsx"
"","310999754710647680_1","Delivered","240","","","158.78","SETTLED","src:4276384_order_summary_2026-07-01_2026-07-31.xlsx"
"","311023724092654528_1","Delivered","197","","","108.4","SETTLED","src:4276384_order_summary_2026-07-01_2026-07-31.xlsx"
"","311044514078983232_1","Delivered","212","","","127.33","SETTLED","src:4276384_order_summary_2026-07-01_2026-07-31.xlsx"
"","311149514289513408_1","Delivered","211","","","127.17","SETTLED","src:4276384_order_summary_2026-07-01_2026-07-31.xlsx"
"","311171484993389632_1","Delivered","227","","","142.18","SETTLED","src:4276384_order_summary_2026-07-01_2026-07-31.xlsx"
"","311192836408280128_1","Delivered","211","","","127.16","SETTLED","src:4276384_order_summary_2026-07-01_2026-07-31.xlsx"
"","311195688041906880_1","Delivered","211","","","127.35","SETTLED","src:4276384_order_summary_2026-07-01_2026-07-31.xlsx"
"","311200214216016576_1","Delivered","249","","","129.02","SETTLED","src:4276384_order_summary_2026-07-01_2026-07-31.xlsx"
"","311092826001834880_1","Cancelled","353","","","0","NA","src:4276384_order_summary_2026-07-01_2026-07-31.xlsx"
"","310658239320753088_1","RTO","193","","","0","NA","src:4276384_order_summary_2026-07-01_2026-07-31.xlsx"
"","310762015532712960_1","RTO","226","","","0","NA","src:4276384_order_summary_2026-07-01_2026-07-31.xlsx"
"","310517390188413952_1","Delivered","192","","","108.41","SETTLED","src:4276384_order_summary_2026-07-01_2026-07-31.xlsx"
"","310643489304150912_1","Delivered","215","","","127.32","SETTLED","src:4276384_order_summary_2026-07-01_2026-07-31.xlsx"
"","310647802097238976_1","Delivered","382","","","298.24","SETTLED","src:4276384_order_summary_2026-07-01_2026-07-31.xlsx"
"","310654637877429184_1","Delivered","209","","","123.35","SETTLED","src:4276384_order_summary_2026-07-01_2026-07-31.xlsx"
"","310790818803942464_1","Delivered","216","","","127.32","SETTLED","src:4276384_order_summary_2026-07-01_2026-07-31.xlsx"
"","310841788577547264_1","Delivered","208","","","140.28","SETTLED","src:4276384_order_summary_2026-07-01_2026-07-31.xlsx"
"","310738217282503616_1","Cancelled","352","","","0","NA","src:4276384_order_summary_2026-07-01_2026-07-31.xlsx"
"","310152082676944256_1","RTO","385","","","0","NA","src:4276384_order_summary_2026-07-01_2026-07-31.xlsx"
"","310423017900379520_1","RTO","352","","","0","NA","src:4276384_order_summary_2026-07-01_2026-07-31.xlsx"
"","310212800416776896_1","Delivered","214","","","144.94","SETTLED","src:4276384_order_summary_2026-07-01_2026-07-31.xlsx"
"","310269488770485632_1","Delivered","386","","","298.03","SETTLED","src:4276384_order_summary_2026-07-01_2026-07-31.xlsx"
"","310299006486119360_1","Delivered","212","","","127.33","SETTLED","src:4276384_order_summary_2026-07-01_2026-07-31.xlsx"
"","310321444850697280_1","Delivered","271","","","168.88","SETTLED","src:4276384_order_summary_2026-07-01_2026-07-31.xlsx"
"","310334363042776128_1","Delivered","227","","","142.08","SETTLED","src:4276384_order_summary_2026-07-01_2026-07-31.xlsx"
"","310339347377488768_1","Delivered","289","","","146.54","SETTLED","src:4276384_order_summary_2026-07-01_2026-07-31.xlsx"
"","310404799952782400_1","Delivered","270","","","151.16","SETTLED","src:4276384_order_summary_2026-07-01_2026-07-31.xlsx"
"","310419115313660864_1","Delivered","212","","","127.34","SETTLED","src:4276384_order_summary_2026-07-01_2026-07-31.xlsx"
"","310419515626423360_1","Delivered","212","","","127.34","SETTLED","src:4276384_order_summary_2026-07-01_2026-07-31.xlsx"
"","310442449279583296_1","Delivered","192","","","108.42","SETTLED","src:4276384_order_summary_2026-07-01_2026-07-31.xlsx"
"","310451326976984000_1","Delivered","211","","","127.34","SETTLED","src:4276384_order_summary_2026-07-01_2026-07-31.xlsx"
"","310123179643437952_1","Cancelled","353","","","0","NA","src:4276384_order_summary_2026-07-01_2026-07-31.xlsx"
"","310151639481617792_1","Cancelled","356","","","0","NA","src:4276384_order_summary_2026-07-01_2026-07-31.xlsx"
"","310269129661809600_1","Cancelled","248","","","0","NA","src:4276384_order_summary_2026-07-01_2026-07-31.xlsx"
"","310286430268228480_1","Cancelled","191","","","0","NA","src:4276384_order_summary_2026-07-01_2026-07-31.xlsx"
"","309907925199946432_1","RTO","211","","","0","NA","src:4276384_order_summary_2026-07-01_2026-07-31.xlsx"
"","309911390699848768_1","RTO","211","","","0","NA","src:4276384_order_summary_2026-07-01_2026-07-31.xlsx"
"","309857209163121600_1","Delivered","270","","","168.88","SETTLED","src:4276384_order_summary_2026-07-01_2026-07-31.xlsx"
"","309905300364919808_1","Delivered","211","","","127.15","SETTLED","src:4276384_order_summary_2026-07-01_2026-07-31.xlsx"
"","309918840794579904_1","Delivered","280","","","176.57","SETTLED","src:4276384_order_summary_2026-07-01_2026-07-31.xlsx"
"","309952350167172032_1","Delivered","211","","","127.35","SETTLED","src:4276384_order_summary_2026-07-01_2026-07-31.xlsx"
"","309967957528871808_1","Delivered","191","","","108.42","SETTLED","src:4276384_order_summary_2026-07-01_2026-07-31.xlsx"
"","309972071056605888_1","Delivered","211","","","508.58","SETTLED","src:4276384_order_summary_2026-07-01_2026-07-31.xlsx"
"","309977221476289920_1","Delivered","208","","","140.14","SETTLED","src:4276384_order_summary_2026-07-01_2026-07-31.xlsx"
"","309980692657114496_1","Delivered","364","","","279.15","SETTLED","src:4276384_order_summary_2026-07-01_2026-07-31.xlsx"
"","310011507147443584_1","Delivered","212","","","145.11","SETTLED","src:4276384_order_summary_2026-07-01_2026-07-31.xlsx"
"","310023296677481856_1","Delivered","221","","","126.1","SETTLED","src:4276384_order_summary_2026-07-01_2026-07-31.xlsx"
"","310047116684624576_1","Delivered","354","","","251.72","SETTLED","src:4276384_order_summary_2026-07-01_2026-07-31.xlsx"
"","310106928686760896_1","Delivered","211","","","127.35","SETTLED","src:4276384_order_summary_2026-07-01_2026-07-31.xlsx"
"","310111249759404992_1","Delivered","192","","","108.44","SETTLED","src:4276384_order_summary_2026-07-01_2026-07-31.xlsx"
"","310083537386537664_1","Cancelled","353","","","0","NA","src:4276384_order_summary_2026-07-01_2026-07-31.xlsx"
"","309468937886827392_1","RTO","269","","","148.77","SETTLED","src:4276384_order_summary_2026-07-01_2026-07-31.xlsx | claim:APPROVED"
"","309503129723011968_1","RTO","384","","","0","NA","src:4276384_order_summary_2026-07-01_2026-07-31.xlsx"
"","309517178729565568_1","RTO","385","","","0","NA","src:4276384_order_summary_2026-07-01_2026-07-31.xlsx"
"","309524357641571712_1","RTO","191","","","0","NA","src:4276384_order_summary_2026-07-01_2026-07-31.xlsx"
"","309601644595839873_1","RTO","208","","","0","NA","src:4276384_order_summary_2026-07-01_2026-07-31.xlsx"
"","309607034150650816_1","RTO","385","","","0","NA","src:4276384_order_summary_2026-07-01_2026-07-31.xlsx"
"","309618833352754240_1","RTO","384","","","0","NA","src:4276384_order_summary_2026-07-01_2026-07-31.xlsx"
"","309621682463769600_1","RTO","211","","","0","NA","src:4276384_order_summary_2026-07-01_2026-07-31.xlsx"
"","309727917629148545_1","RTO","273","","","0","NA","src:4276384_order_summary_2026-07-01_2026-07-31.xlsx"
"","309476665711592448_1","Delivered","251","","","146.98","SETTLED","src:4276384_order_summary_2026-07-01_2026-07-31.xlsx"
"","309486911049892800_1","Delivered","249","","","129.05","SETTLED","src:4276384_order_summary_2026-07-01_2026-07-31.xlsx"
"","309530280335442624_1","Delivered","384","","","280.36","SETTLED","src:4276384_order_summary_2026-07-01_2026-07-31.xlsx"
"","309546436217996224_1","Delivered","355","","","251.5","SETTLED","src:4276384_order_summary_2026-07-01_2026-07-31.xlsx"
"","309579670142256000_1","Delivered","355","","","251.5","SETTLED","src:4276384_order_summary_2026-07-01_2026-07-31.xlsx"
"","309584586692822016_1","Delivered","361","","","269.16","SETTLED","src:4276384_order_summary_2026-07-01_2026-07-31.xlsx"
"","309590733810238528_1","Delivered","192","","","108.28","SETTLED","src:4276384_order_summary_2026-07-01_2026-07-31.xlsx"
"","309597743457668480_1","Delivered","384","","","298.45","SETTLED","src:4276384_order_summary_2026-07-01_2026-07-31.xlsx"
"","309602154413491136_1","Delivered","384","","","298.24","SETTLED","src:4276384_order_summary_2026-07-01_2026-07-31.xlsx"
"","309602173929587776_1","Delivered","355","","","269.38","SETTLED","src:4276384_order_summary_2026-07-01_2026-07-31.xlsx"
"","309617430761475456_1","Delivered","386","","","298.48","SETTLED","src:4276384_order_summary_2026-07-01_2026-07-31.xlsx"
"","309624150224470912_1","Delivered","360","","","269.36","SETTLED","src:4276384_order_summary_2026-07-01_2026-07-31.xlsx"
"","309643653872288832_1","Delivered","269","","","168.63","SETTLED","src:4276384_order_summary_2026-07-01_2026-07-31.xlsx"
"","309647133481304768_1","Delivered","211","","","127.35","SETTLED","src:4276384_order_summary_2026-07-01_2026-07-31.xlsx"
"","309674103927931968_1","Delivered","384","","","280.55","SETTLED","src:4276384_order_summary_2026-07-01_2026-07-31.xlsx"
"","309679327358944128_1","Delivered","385","","","298.48","SETTLED","src:4276384_order_summary_2026-07-01_2026-07-31.xlsx"
"","309705648050996160_1","Delivered","383","","","298.25","SETTLED","src:4276384_order_summary_2026-07-01_2026-07-31.xlsx"
"","309708035872457728_1","Delivered","192","","","108.28","SETTLED","src:4276384_order_summary_2026-07-01_2026-07-31.xlsx"
"","309709055718231424_1","Delivered","248","","","129.32","SETTLED","src:4276384_order_summary_2026-07-01_2026-07-31.xlsx"
"","309717554849580032_1","Delivered","250","","","129.34","SETTLED","src:4276384_order_summary_2026-07-01_2026-07-31.xlsx"
"","309723535520236608_1","Delivered","383","","","298.25","SETTLED","src:4276384_order_summary_2026-07-01_2026-07-31.xlsx"
"","309744025039209344_1","Delivered","193","","","108.42","SETTLED","src:4276384_order_summary_2026-07-01_2026-07-31.xlsx"
"","309757444534502400_1","Delivered","271","","","168.88","SETTLED","src:4276384_order_summary_2026-07-01_2026-07-31.xlsx"
"","309625328987472768_1","Cancelled","355","","","0","NA","src:4276384_order_summary_2026-07-01_2026-07-31.xlsx"
"","309672971683955776_1","Cancelled","389","","","0","NA","src:4276384_order_summary_2026-07-01_2026-07-31.xlsx"
"","309696692651754176_1","Cancelled","227","","","0","NA","src:4276384_order_summary_2026-07-01_2026-07-31.xlsx"
"","309036092845100416_1","RTO","358","","","0","NA","src:4276384_order_summary_2026-07-01_2026-07-31.xlsx"
"","309067647646106560_1","RTO","357","","","0","NA","src:4276384_order_summary_2026-07-01_2026-07-31.xlsx"
"","309102425238572416_1","RTO","196","","","0","NA","src:4276384_order_summary_2026-07-01_2026-07-31.xlsx"
"","309145783084420480_1","RTO","383","","","0","NA","src:4276384_order_summary_2026-07-01_2026-07-31.xlsx"
"","309154427592180416_1","RTO","384","","","0","NA","src:4276384_order_summary_2026-07-01_2026-07-31.xlsx"
"","309156983369272704_1","RTO","384","","","0","NA","src:4276384_order_summary_2026-07-01_2026-07-31.xlsx"
"","309182794746233856_1","RTO","384","","","0","NA","src:4276384_order_summary_2026-07-01_2026-07-31.xlsx"
"","309183071701077376_1","RTO","358","","","0","NA","src:4276384_order_summary_2026-07-01_2026-07-31.xlsx"
"","309183875192390336_1","RTO","384","","","0","NA","src:4276384_order_summary_2026-07-01_2026-07-31.xlsx"
"","309189863433765568_1","RTO","387","","","0","NA","src:4276384_order_summary_2026-07-01_2026-07-31.xlsx"
"","309190986788932992_1","RTO","355","","","0","NA","src:4276384_order_summary_2026-07-01_2026-07-31.xlsx"
"","309195561112896448_1","RTO","383","","","0","NA","src:4276384_order_summary_2026-07-01_2026-07-31.xlsx"
"","309204019138462400_1","RTO","355","","","0","NA","src:4276384_order_summary_2026-07-01_2026-07-31.xlsx"
"","309331367875773120_1","RTO","384","","","0","NA","src:4276384_order_summary_2026-07-01_2026-07-31.xlsx"
"","309368438065660608_1","RTO","270","","","0","NA","src:4276384_order_summary_2026-07-01_2026-07-31.xlsx"
"","309373912318411712_1","RTO","382","","","0","NA","src:4276384_order_summary_2026-07-01_2026-07-31.xlsx"
"","309159140754916416_1","Returned","271","","","-8.39","SETTLED","src:4276384_order_summary_2026-07-01_2026-07-31.xlsx | claim:APPROVED"
"","309251016690435136_1","Returned","387","","","-157","SETTLED","src:4276384_order_summary_2026-07-01_2026-07-31.xlsx"
"","309335155675139456_1","Returned","364","","","-34.09","SETTLED","src:4276384_order_summary_2026-07-01_2026-07-31.xlsx | claim:APPROVED"
"","309376188697972096_1","Returned","247","","","-314","SETTLED","src:4276384_order_summary_2026-07-01_2026-07-31.xlsx | claim:REJECTED"
"","309047815568264576_1","Delivered","355","","","269.24","SETTLED","src:4276384_order_summary_2026-07-01_2026-07-31.xlsx"
"","309097936541647552_1","Delivered","274","","","168.87","SETTLED","src:4276384_order_summary_2026-07-01_2026-07-31.xlsx"
"","309126250885219392_1","Delivered","358","","","269.37","SETTLED","src:4276384_order_summary_2026-07-01_2026-07-31.xlsx"
"","309139531301585920_1","Delivered","383","","","298.25","SETTLED","src:4276384_order_summary_2026-07-01_2026-07-31.xlsx"
"","309142513162322944_1","Delivered","384","","","298.04","SETTLED","src:4276384_order_summary_2026-07-01_2026-07-31.xlsx"
"","309147998213803392_1","Delivered","364","","","279.57","SETTLED","src:4276384_order_summary_2026-07-01_2026-07-31.xlsx"
"","309152782139720640_1","Delivered","384","","","298.04","SETTLED","src:4276384_order_summary_2026-07-01_2026-07-31.xlsx"
"","309153979554792512_1","Delivered","384","","","298.24","SETTLED","src:4276384_order_summary_2026-07-01_2026-07-31.xlsx"
"","309157430967862272_1","Delivered","248","","","129.06","SETTLED","src:4276384_order_summary_2026-07-01_2026-07-31.xlsx"
"","309170312489141184_1","Delivered","354","","","251.68","SETTLED","src:4276384_order_summary_2026-07-01_2026-07-31.xlsx"
"","309175904456868864_1","Delivered","384","","","298.04","SETTLED","src:4276384_order_summary_2026-07-01_2026-07-31.xlsx"
"","309176170816144320_1","Delivered","171","","","92.36","SETTLED","src:4276384_order_summary_2026-07-01_2026-07-31.xlsx"
"","309177229831767104_1","Delivered","196","","","108.4","SETTLED","src:4276384_order_summary_2026-07-01_2026-07-31.xlsx"
"","309182304747425153_1","Delivered","356","","","251.68","SETTLED","src:4276384_order_summary_2026-07-01_2026-07-31.xlsx"
"","309182756454073024_1","Delivered","384","","","298.24","SETTLED","src:4276384_order_summary_2026-07-01_2026-07-31.xlsx"
"","309188779348787904_1","Delivered","354","","","269.62","SETTLED","src:4276384_order_summary_2026-07-01_2026-07-31.xlsx"
"","309190798742586048_1","Delivered","384","","","298.24","SETTLED","src:4276384_order_summary_2026-07-01_2026-07-31.xlsx"
"","309193755591609728_1","Delivered","384","","","298.24","SETTLED","src:4276384_order_summary_2026-07-01_2026-07-31.xlsx"
"","309194225040163520_1","Delivered","387","","","280.52","SETTLED","src:4276384_order_summary_2026-07-01_2026-07-31.xlsx"
"","309194619182026112_1","Delivered","248","","","129.32","SETTLED","src:4276384_order_summary_2026-07-01_2026-07-31.xlsx"
"","309199400503280512_1","Delivered","363","","","269.2","SETTLED","src:4276384_order_summary_2026-07-01_2026-07-31.xlsx"
"","309203951421424320_1","Delivered","385","","","298.24","SETTLED","src:4276384_order_summary_2026-07-01_2026-07-31.xlsx"
"","309208796026015104_1","Delivered","360","","","269.16","SETTLED","src:4276384_order_summary_2026-07-01_2026-07-31.xlsx"
"","309209304460624576_1","Delivered","359","","","269.62","SETTLED","src:4276384_order_summary_2026-07-01_2026-07-31.xlsx"
"","309210674634883776_1","Delivered","384","","","-100","SETTLED","src:4276384_order_summary_2026-07-01_2026-07-31.xlsx"
"","309215238362956672_1","Delivered","278","","","158.96","SETTLED","src:4276384_order_summary_2026-07-01_2026-07-31.xlsx"
"","309228950780052352_1","Delivered","301","","","162.03","SETTLED","src:4276384_order_summary_2026-07-01_2026-07-31.xlsx"
"","309230924904727616_1","Delivered","355","","","251.67","SETTLED","src:4276384_order_summary_2026-07-01_2026-07-31.xlsx"
"","309249404173485120_1","Delivered","196","","","108.24","SETTLED","src:4276384_order_summary_2026-07-01_2026-07-31.xlsx"
"","309256555869408640_1","Delivered","275","","","168.66","SETTLED","src:4276384_order_summary_2026-07-01_2026-07-31.xlsx"
"","309265377385185984_1","Delivered","385","","","280.54","SETTLED","src:4276384_order_summary_2026-07-01_2026-07-31.xlsx"
"","309283773747495872_1","Delivered","208","","","123.35","SETTLED","src:4276384_order_summary_2026-07-01_2026-07-31.xlsx"
"","309283932541485760_1","Delivered","384","","","280.55","SETTLED","src:4276384_order_summary_2026-07-01_2026-07-31.xlsx"
"","309288271647802432_1","Delivered","355","","","269.38","SETTLED","src:4276384_order_summary_2026-07-01_2026-07-31.xlsx"
"","309289784906548096_1","Delivered","248","","","147","SETTLED","src:4276384_order_summary_2026-07-01_2026-07-31.xlsx"
"","309297134451229568_1","Delivered","385","","","298.04","SETTLED","src:4276384_order_summary_2026-07-01_2026-07-31.xlsx"
"","309301023382373057_1","Delivered","269","","","150.99","SETTLED","src:4276384_order_summary_2026-07-01_2026-07-31.xlsx"
"","309340519460146560_1","Delivered","320","","","198.7","SETTLED","src:4276384_order_summary_2026-07-01_2026-07-31.xlsx"
"","309352363179836416_1","Delivered","301","","","162.05","SETTLED","src:4276384_order_summary_2026-07-01_2026-07-31.xlsx"
"","309352338547445120_1","Delivered","228","","","142.27","SETTLED","src:4276384_order_summary_2026-07-01_2026-07-31.xlsx"
"","309362768300147648_1","Delivered","320","","","180.94","SETTLED","src:4276384_order_summary_2026-07-01_2026-07-31.xlsx"
"","309365294793687937_1","Delivered","227","","","159.04","SETTLED","src:4276384_order_summary_2026-07-01_2026-07-31.xlsx"
"","309373587872220224_1","Delivered","273","","","168.61","SETTLED","src:4276384_order_summary_2026-07-01_2026-07-31.xlsx"
"","309375773516402048_1","Delivered","274","","","150.97","SETTLED","src:4276384_order_summary_2026-07-01_2026-07-31.xlsx"
"","309395502785299136_1","Delivered","273","","","151.2","SETTLED","src:4276384_order_summary_2026-07-01_2026-07-31.xlsx"
"","309123863038592064_1","Cancelled","387","","","0","NA","src:4276384_order_summary_2026-07-01_2026-07-31.xlsx"
"","309137734663078848_1","Cancelled","383","","","0","NA","src:4276384_order_summary_2026-07-01_2026-07-31.xlsx"
"","309186969966906752_1","Cancelled","384","","","0","NA","src:4276384_order_summary_2026-07-01_2026-07-31.xlsx"
"","309189660129821696_1","Cancelled","384","","","0","NA","src:4276384_order_summary_2026-07-01_2026-07-31.xlsx"
"","309198424425825344_1","Cancelled","392","","","0","NA","src:4276384_order_summary_2026-07-01_2026-07-31.xlsx"
"","309202075064140864_1","Cancelled","425","","","0","NA","src:4276384_order_summary_2026-07-01_2026-07-31.xlsx"
"","309234712123998912_1","Cancelled","269","","","0","NA","src:4276384_order_summary_2026-07-01_2026-07-31.xlsx"
"","309272822704964480_1","Cancelled","191","","","0","NA","src:4276384_order_summary_2026-07-01_2026-07-31.xlsx"
"","309308772336962944_1","Cancelled","270","","","0","NA","src:4276384_order_summary_2026-07-01_2026-07-31.xlsx"
"","309310191529296832_1","Cancelled","270","","","168.88","SETTLED","src:4276384_order_summary_2026-07-01_2026-07-31.xlsx"
"","309364723005195200_1","Cancelled","356","","","0","NA","src:4276384_order_summary_2026-07-01_2026-07-31.xlsx"
"","308828634293142208_1","RTO","357","","","0","NA","src:4276384_order_summary_2026-07-01_2026-07-31.xlsx"
"","308861621311308544_1","RTO","390","","","0","NA","src:4276384_order_summary_2026-07-01_2026-07-31.xlsx"
"","308865824276546112_1","RTO","387","","","0","NA","src:4276384_order_summary_2026-07-01_2026-07-31.xlsx"
"","308879883730354880_1","RTO","270","","","0","NA","src:4276384_order_summary_2026-07-01_2026-07-31.xlsx"
"","308891452933604032_1","RTO","358","","","0","NA","src:4276384_order_summary_2026-07-01_2026-07-31.xlsx"
"","309014872010720320_1","RTO","392","","","0","NA","src:4276384_order_summary_2026-07-01_2026-07-31.xlsx"
"","309016755005752320_1","RTO","384","","","0","NA","src:4276384_order_summary_2026-07-01_2026-07-31.xlsx"
"","308884159462572672_1","Returned","386","","","105.43","SETTLED","src:4276384_order_summary_2026-07-01_2026-07-31.xlsx | claim:APPROVED"
"","308684834061622144_1","Delivered","277","","","176.6","SETTLED","src:4276384_order_summary_2026-07-01_2026-07-31.xlsx"
"","308767845121180160_1","Delivered","358","","","251.68","SETTLED","src:4276384_order_summary_2026-07-01_2026-07-31.xlsx"
"","308800826095370880_1","Delivered","385","","","298.24","SETTLED","src:4276384_order_summary_2026-07-01_2026-07-31.xlsx"
"","308813623818633728_1","Delivered","383","","","298.06","SETTLED","src:4276384_order_summary_2026-07-01_2026-07-31.xlsx"
"","308828269921370752_1","Delivered","385","","","280.54","SETTLED","src:4276384_order_summary_2026-07-01_2026-07-31.xlsx"
"","308832692666511936_1","Delivered","386","","","298.03","SETTLED","src:4276384_order_summary_2026-07-01_2026-07-31.xlsx"
"","308835943283098176_1","Delivered","356","","","269.38","SETTLED","src:4276384_order_summary_2026-07-01_2026-07-31.xlsx"
"","308841604041605888_1","Delivered","384","","","280.55","SETTLED","src:4276384_order_summary_2026-07-01_2026-07-31.xlsx"
"","308857605386846720_1","Delivered","384","","","298.24","SETTLED","src:4276384_order_summary_2026-07-01_2026-07-31.xlsx"
"","308864999596688000_1","Delivered","385","","","298.24","SETTLED","src:4276384_order_summary_2026-07-01_2026-07-31.xlsx"
"","308881332472316544_1","Delivered","388","","","251.66","SETTLED","src:4276384_order_summary_2026-07-01_2026-07-31.xlsx"
"","308885009585079040_1","Delivered","384","","","298.24","SETTLED","src:4276384_order_summary_2026-07-01_2026-07-31.xlsx"
"","308890172257403648_1","Delivered","384","","","298.24","SETTLED","src:4276384_order_summary_2026-07-01_2026-07-31.xlsx"
"","308890196471120640_1","Delivered","385","","","280.52","SETTLED","src:4276384_order_summary_2026-07-01_2026-07-31.xlsx"
"","308894727082803904_1","Delivered","355","","","251.72","SETTLED","src:4276384_order_summary_2026-07-01_2026-07-31.xlsx"
"","308899196825121344_1","Delivered","229","","","142.26","SETTLED","src:4276384_order_summary_2026-07-01_2026-07-31.xlsx"
"","308992667344372672_1","Delivered","384","","","298.25","SETTLED","src:4276384_order_summary_2026-07-01_2026-07-31.xlsx"
"","308993948256210304_1","Delivered","384","","","298.24","SETTLED","src:4276384_order_summary_2026-07-01_2026-07-31.xlsx"
"","308995822509556800_1","Delivered","354","","","251.69","SETTLED","src:4276384_order_summary_2026-07-01_2026-07-31.xlsx"
"","308996003319448256_1","Delivered","354","","","269.2","SETTLED","src:4276384_order_summary_2026-07-01_2026-07-31.xlsx"
"","308999826459264000_1","Delivered","392","","","298.01","SETTLED","src:4276384_order_summary_2026-07-01_2026-07-31.xlsx"
"","309000150590882816_1","Delivered","384","","","280.36","SETTLED","src:4276384_order_summary_2026-07-01_2026-07-31.xlsx"
"","309000750556709952_1","Delivered","384","","","298.24","SETTLED","src:4276384_order_summary_2026-07-01_2026-07-31.xlsx"
"","309002237668920704_1","Delivered","354","","","269.39","SETTLED","src:4276384_order_summary_2026-07-01_2026-07-31.xlsx"
"","309002383975711424_1","Delivered","389","","","298.21","SETTLED","src:4276384_order_summary_2026-07-01_2026-07-31.xlsx"
"","308887232457146944_1","Cancelled","384","","","0","NA","src:4276384_order_summary_2026-07-01_2026-07-31.xlsx"
"","308933172514426240_1","Cancelled","384","","","0","NA","src:4276384_order_summary_2026-07-01_2026-07-31.xlsx"
"","308988977092690624_1","Cancelled","383","","","0","NA","src:4276384_order_summary_2026-07-01_2026-07-31.xlsx"
"","309017543245497280_1","Cancelled","384","","","0","NA","src:4276384_order_summary_2026-07-01_2026-07-31.xlsx"
"","309022634270720896_1","Cancelled","384","","","0","NA","src:4276384_order_summary_2026-07-01_2026-07-31.xlsx"
"","308327073524161536_1","RTO","389","","","0","NA","src:4276384_order_summary_2026-07-01_2026-07-31.xlsx"
"","308411450434198016_1","RTO","383","","","0","NA","src:4276384_order_summary_2026-07-01_2026-07-31.xlsx"
"","308465859679689728_1","RTO","383","","","0","NA","src:4276384_order_summary_2026-07-01_2026-07-31.xlsx"
"","308543345784462208_1","RTO","384","","","0","NA","src:4276384_order_summary_2026-07-01_2026-07-31.xlsx"
"","308631487203974016_1","RTO","384","","","0","NA","src:4276384_order_summary_2026-07-01_2026-07-31.xlsx"
"","308436920609479232_1","Returned","248","","","-100.09","SETTLED","src:4276384_order_summary_2026-07-01_2026-07-31.xlsx | claim:APPROVED"
"","308546941557087104_1","Returned","355","","","80.05","SETTLED","src:4276384_order_summary_2026-07-01_2026-07-31.xlsx | claim:APPROVED"
"","308551164390742912_1","Returned","270","","","-90.59","SETTLED","src:4276384_order_summary_2026-07-01_2026-07-31.xlsx | claim:APPROVED"
"","308594186685651328_1","Returned","384","","","-157","SETTLED","src:4276384_order_summary_2026-07-01_2026-07-31.xlsx | claim:REJECTED"
"","308633294705728064_1","Returned","383","","","-157","SETTLED","src:4276384_order_summary_2026-07-01_2026-07-31.xlsx | claim:REJECTED"
"","308339415334984256_1","Delivered","361","","","269.36","SETTLED","src:4276384_order_summary_2026-07-01_2026-07-31.xlsx"
"","308381213331757632_1","Delivered","274","","","151.23","SETTLED","src:4276384_order_summary_2026-07-01_2026-07-31.xlsx"
"","308415100976044544_1","Delivered","386","","","280.57","SETTLED","src:4276384_order_summary_2026-07-01_2026-07-31.xlsx"
"","308428660179409472_1","Delivered","383","","","280.38","SETTLED","src:4276384_order_summary_2026-07-01_2026-07-31.xlsx"
"","308431971122813312_1","Delivered","358","","","269.38","SETTLED","src:4276384_order_summary_2026-07-01_2026-07-31.xlsx"
"","308436737804933760_1","Delivered","354","","","251.5","SETTLED","src:4276384_order_summary_2026-07-01_2026-07-31.xlsx"
"","308440636322421760_1","Delivered","355","","","269.2","SETTLED","src:4276384_order_summary_2026-07-01_2026-07-31.xlsx"
"","308449334532971072_1","Delivered","272","","","151.2","SETTLED","src:4276384_order_summary_2026-07-01_2026-07-31.xlsx"
"","308454886700948352_1","Delivered","355","","","251.68","SETTLED","src:4276384_order_summary_2026-07-01_2026-07-31.xlsx"
"","308455237472360832_1","Delivered","387","","","298.22","SETTLED","src:4276384_order_summary_2026-07-01_2026-07-31.xlsx"
"","308456005326019136_1","Delivered","384","","","280.55","SETTLED","src:4276384_order_summary_2026-07-01_2026-07-31.xlsx"
"","308460164490140160_1","Delivered","355","","","251.69","SETTLED","src:4276384_order_summary_2026-07-01_2026-07-31.xlsx"
"","308467455603972672_1","Delivered","352","","","269.21","SETTLED","src:4276384_order_summary_2026-07-01_2026-07-31.xlsx"
"","308468639530162688_1","Delivered","355","","","251.69","SETTLED","src:4276384_order_summary_2026-07-01_2026-07-31.xlsx"
"","308483408425327232_1","Delivered","227","","","142.27","SETTLED","src:4276384_order_summary_2026-07-01_2026-07-31.xlsx"
"","308490966221396992_1","Delivered","383","","","298.25","SETTLED","src:4276384_order_summary_2026-07-01_2026-07-31.xlsx"
"","308497172600134272_1","Delivered","359","","","251.66","SETTLED","src:4276384_order_summary_2026-07-01_2026-07-31.xlsx"
"","308501299149347712_1","Delivered","360","","","269.16","SETTLED","src:4276384_order_summary_2026-07-01_2026-07-31.xlsx"
"","308501962528857088_1","Delivered","387","","","298.03","SETTLED","src:4276384_order_summary_2026-07-01_2026-07-31.xlsx"
"","308513411984726592_1","Delivered","272","","","151.08","SETTLED","src:4276384_order_summary_2026-07-01_2026-07-31.xlsx"
"","308523010586516480_1","Delivered","270","","","151.21","SETTLED","src:4276384_order_summary_2026-07-01_2026-07-31.xlsx"
"","308568934117481088_1","Delivered","355","","","269.2","SETTLED","src:4276384_order_summary_2026-07-01_2026-07-31.xlsx"
"","308597737678117440_1","Delivered","211","","","127.15","SETTLED","src:4276384_order_summary_2026-07-01_2026-07-31.xlsx"
"","308630703225641472_1","Delivered","355","","","269.56","SETTLED","src:4276384_order_summary_2026-07-01_2026-07-31.xlsx"
"","308643640036235776_1","Delivered","383","","","298.24","SETTLED","src:4276384_order_summary_2026-07-01_2026-07-31.xlsx"
"","308655500563258240_1","Delivered","382","","","298.24","SETTLED","src:4276384_order_summary_2026-07-01_2026-07-31.xlsx"
"","308408980144331264_1","Cancelled","383","","","0","NA","src:4276384_order_summary_2026-07-01_2026-07-31.xlsx"
"","308445909183306624_1","Cancelled","385","","","0","NA","src:4276384_order_summary_2026-07-01_2026-07-31.xlsx"
"","308447530719779200_1","Cancelled","355","","","269.38","SETTLED","src:4276384_order_summary_2026-07-01_2026-07-31.xlsx"
"","308544022266976896_1","Cancelled","270","","","0","NA","src:4276384_order_summary_2026-07-01_2026-07-31.xlsx"
"","308617576247073152_1","Cancelled","382","","","0","NA","src:4276384_order_summary_2026-07-01_2026-07-31.xlsx"
"","308618984696781376_1","Cancelled","385","","","0","NA","src:4276384_order_summary_2026-07-01_2026-07-31.xlsx"
"","308079724744547520_1","RTO","352","","","0","NA","src:4276384_order_summary_2026-07-01_2026-07-31.xlsx"
"","308126958092622016_1","RTO","269","","","0","NA","src:4276384_order_summary_2026-07-01_2026-07-31.xlsx"
"","308148303183617216_1","RTO","354","","","0","NA","src:4276384_order_summary_2026-07-01_2026-07-31.xlsx"
"","308149001999685824_1","RTO","383","","","0","NA","src:4276384_order_summary_2026-07-01_2026-07-31.xlsx"
"","308150798939332096_1","RTO","383","","","0","NA","src:4276384_order_summary_2026-07-01_2026-07-31.xlsx"
"","308211623876260160_1","RTO","384","","","0","NA","src:4276384_order_summary_2026-07-01_2026-07-31.xlsx"
"","308223979101475904_1","RTO","192","","","0","NA","src:4276384_order_summary_2026-07-01_2026-07-31.xlsx"
"","308234416495610752_1","RTO","270","","","0","NA","src:4276384_order_summary_2026-07-01_2026-07-31.xlsx"
"","308084125871906304_1","Returned","311","","","-8.5","SETTLED","src:4276384_order_summary_2026-07-01_2026-07-31.xlsx | claim:APPROVED"
"","308134259454254272_1","Returned","273","","","-23.92","SETTLED","src:4276384_order_summary_2026-07-01_2026-07-31.xlsx | claim:APPROVED"
"","308174144615751168_1","Returned","352","","","-40","SETTLED","src:4276384_order_summary_2026-07-01_2026-07-31.xlsx"
"","308092340731015488_1","Delivered","211","","","145.11","SETTLED","src:4276384_order_summary_2026-07-01_2026-07-31.xlsx"
"","308105906330693952_1","Delivered","278","","","177.1","SETTLED","src:4276384_order_summary_2026-07-01_2026-07-31.xlsx"
"","308129474179395904_1","Delivered","282","","","159.04","SETTLED","src:4276384_order_summary_2026-07-01_2026-07-31.xlsx"
"","308131545700004160_1","Delivered","300","","","181.05","SETTLED","src:4276384_order_summary_2026-07-01_2026-07-31.xlsx"
"","308132670948890752_1","Delivered","383","","","298.25","SETTLED","src:4276384_order_summary_2026-07-01_2026-07-31.xlsx"
"","308144930074008769_1","Delivered","211","","","123.36","SETTLED","src:4276384_order_summary_2026-07-01_2026-07-31.xlsx"
"","308153305893575872_1","Delivered","211","","","127.34","SETTLED","src:4276384_order_summary_2026-07-01_2026-07-31.xlsx"
"","308181118536194240_1","Delivered","358","","","269.37","SETTLED","src:4276384_order_summary_2026-07-01_2026-07-31.xlsx"
"","308183434131042624_1","Delivered","384","","","298.04","SETTLED","src:4276384_order_summary_2026-07-01_2026-07-31.xlsx"
"","308183435222571136_1","Delivered","278","","","159.17","SETTLED","src:4276384_order_summary_2026-07-01_2026-07-31.xlsx"
"","308184732302694528_1","Delivered","301","","","180.79","SETTLED","src:4276384_order_summary_2026-07-01_2026-07-31.xlsx"
"","308185868246046848_1","Delivered","270","","","151.23","SETTLED","src:4276384_order_summary_2026-07-01_2026-07-31.xlsx"
"","308189849499365696_1","Delivered","382","","","298.28","SETTLED","src:4276384_order_summary_2026-07-01_2026-07-31.xlsx"
"","308196650182629504_1","Delivered","248","","","129.32","SETTLED","src:4276384_order_summary_2026-07-01_2026-07-31.xlsx"
"","308223841804163776_1","Delivered","192","","","108.44","SETTLED","src:4276384_order_summary_2026-07-01_2026-07-31.xlsx"
"","308235503202409280_1","Delivered","381","","","298.25","SETTLED","src:4276384_order_summary_2026-07-01_2026-07-31.xlsx"
"","308241479289656384_1","Delivered","354","","","269.4","SETTLED","src:4276384_order_summary_2026-07-01_2026-07-31.xlsx"
"","308254906077879040_1","Delivered","271","","","168.88","SETTLED","src:4276384_order_summary_2026-07-01_2026-07-31.xlsx"
"","308255978523282304_1","Delivered","274","","","168.66","SETTLED","src:4276384_order_summary_2026-07-01_2026-07-31.xlsx"
"","308258002396977984_1","Delivered","249","","","129.32","SETTLED","src:4276384_order_summary_2026-07-01_2026-07-31.xlsx"
"","308262521201695552_1","Delivered","354","","","251.5","SETTLED","src:4276384_order_summary_2026-07-01_2026-07-31.xlsx"
"","308268409379179392_1","Delivered","384","","","280.56","SETTLED","src:4276384_order_summary_2026-07-01_2026-07-31.xlsx"
"","308276136029920192_1","Delivered","173","","","82.57","SETTLED","src:4276384_order_summary_2026-07-01_2026-07-31.xlsx"
"","308289328323959296_1","Delivered","356","","","269.57","SETTLED","src:4276384_order_summary_2026-07-01_2026-07-31.xlsx"
"","308022822287318208_1","Cancelled","355","","","0","NA","src:4276384_order_summary_2026-07-01_2026-07-31.xlsx"
"","308082723234896000_1","Cancelled","382","","","0","NA","src:4276384_order_summary_2026-07-01_2026-07-31.xlsx"
"","308139669202673152_1","Cancelled","300","","","0","NA","src:4276384_order_summary_2026-07-01_2026-07-31.xlsx"
"","308162053502869248_1","Cancelled","355","","","0","NA","src:4276384_order_summary_2026-07-01_2026-07-31.xlsx"
"","308242424655072128_1","Cancelled","385","","","0","NA","src:4276384_order_summary_2026-07-01_2026-07-31.xlsx"
"","307753352275761344_1","RTO","280","","","0","NA","src:4276384_order_summary_2026-07-01_2026-07-31.xlsx"
"","307762953532545216_1","RTO","280","","","0","NA","src:4276384_order_summary_2026-07-01_2026-07-31.xlsx"
"","307767204932951808_1","RTO","383","","","0","NA","src:4276384_order_summary_2026-07-01_2026-07-31.xlsx"
"","307827368940656768_1","RTO","357","","","0","NA","src:4276384_order_summary_2026-07-01_2026-07-31.xlsx"
"","307848951024525056_1","RTO","352","","","0","NA","src:4276384_order_summary_2026-07-01_2026-07-31.xlsx"
"","307860091499567232_1","RTO","281","","","0","NA","src:4276384_order_summary_2026-07-01_2026-07-31.xlsx"
"","307927506765863040_1","RTO","301","","","0","NA","src:4276384_order_summary_2026-07-01_2026-07-31.xlsx"
"","307787342612536832_1","Returned","174","","","-157","SETTLED","src:4276384_order_summary_2026-07-01_2026-07-31.xlsx | claim:REJECTED"
"","307733561426517760_1","Delivered","302","","","180.79","SETTLED","src:4276384_order_summary_2026-07-01_2026-07-31.xlsx"
"","307743177551912448_1","Delivered","284","","","176.79","SETTLED","src:4276384_order_summary_2026-07-01_2026-07-31.xlsx"
"","307747894655086912_1","Delivered","359","","","251.66","SETTLED","src:4276384_order_summary_2026-07-01_2026-07-31.xlsx"
"","307759821869161664_1","Delivered","304","","","180.78","SETTLED","src:4276384_order_summary_2026-07-01_2026-07-31.xlsx"
"","307763069442136256_1","Delivered","211","","","127.34","SETTLED","src:4276384_order_summary_2026-07-01_2026-07-31.xlsx"
"","307777389127342272_1","Delivered","390","","","280.33","SETTLED","src:4276384_order_summary_2026-07-01_2026-07-31.xlsx"
"","307796016259013824_1","Delivered","286","","","159.18","SETTLED","src:4276384_order_summary_2026-07-01_2026-07-31.xlsx"
"","307826309258943680_1","Delivered","192","","","119.03","SETTLED","src:4276384_order_summary_2026-07-01_2026-07-31.xlsx"
"","307867360777853056_1","Delivered","249","","","129.1","SETTLED","src:4276384_order_summary_2026-07-01_2026-07-31.xlsx"
"","307893060590313216_1","Delivered","382","","","298.24","SETTLED","src:4276384_order_summary_2026-07-01_2026-07-31.xlsx"
"","307893889079564416_1","Delivered","279","","","159.18","SETTLED","src:4276384_order_summary_2026-07-01_2026-07-31.xlsx"
"","307896543204810496_1","Delivered","352","","","251.51","SETTLED","src:4276384_order_summary_2026-07-01_2026-07-31.xlsx"
"","307899450881857664_1","Delivered","278","","","159.12","SETTLED","src:4276384_order_summary_2026-07-01_2026-07-31.xlsx"
"","307904051004731712_1","Delivered","299","","","198.72","SETTLED","src:4276384_order_summary_2026-07-01_2026-07-31.xlsx"
"","307918880058798400_1","Delivered","383","","","298.22","SETTLED","src:4276384_order_summary_2026-07-01_2026-07-31.xlsx"
"","307932474135420096_1","Delivered","282","","","159.18","SETTLED","src:4276384_order_summary_2026-07-01_2026-07-31.xlsx"
"","307723934433287680_1","Cancelled","358","","","0","NA","src:4276384_order_summary_2026-07-01_2026-07-31.xlsx"
"","307744344286501056_1","Cancelled","382","","","0","NA","src:4276384_order_summary_2026-07-01_2026-07-31.xlsx"
"","307351517588364800_1","RTO","354","","","0","NA","src:4276384_order_summary_2026-07-01_2026-07-31.xlsx"
"","307559525082847360_1","RTO","191","","","0","NA","src:4276384_order_summary_2026-07-01_2026-07-31.xlsx"
"","307227382891880192_1","Returned","301","","","2.32","SETTLED","src:4276384_order_summary_2026-07-01_2026-07-31.xlsx | claim:APPROVED"
"","307352547151584768_1","Returned","300","","","-157","SETTLED","src:4276384_order_summary_2026-07-01_2026-07-31.xlsx | claim:REJECTED"
"","307572854793859392_1","Returned","353","","","-157","SETTLED","src:4276384_order_summary_2026-07-01_2026-07-31.xlsx | claim:REJECTED"
"","307393010306915840_1","Delivered","281","","","317.78","SETTLED","src:4276384_order_summary_2026-07-01_2026-07-31.xlsx"
"","307434916354316416_1","Delivered","353","","","251.69","SETTLED","src:4276384_order_summary_2026-07-01_2026-07-31.xlsx"
"","307461984369516032_1","Delivered","353","","","251.5","SETTLED","src:4276384_order_summary_2026-07-01_2026-07-31.xlsx"
"","307490633827229184_1","Delivered","353","","","269.39","SETTLED","src:4276384_order_summary_2026-07-01_2026-07-31.xlsx"
"","307506271456188544_1","Delivered","192","","","126.03","SETTLED","src:4276384_order_summary_2026-07-01_2026-07-31.xlsx"
"","307523404687941376_1","Delivered","357","","","269.38","SETTLED","src:4276384_order_summary_2026-07-01_2026-07-31.xlsx"
"","307224949880987392_1","Cancelled","300","","","0","NA","src:4276384_order_summary_2026-07-01_2026-07-31.xlsx"
"","307305175068563584_1","Cancelled","281","","","0","NA","src:4276384_order_summary_2026-07-01_2026-07-31.xlsx"
"","307419880024972800_1","Cancelled","301","","","0","NA","src:4276384_order_summary_2026-07-01_2026-07-31.xlsx"
"","307545687436417152_1","Cancelled","387","","","0","NA","src:4276384_order_summary_2026-07-01_2026-07-31.xlsx"
"","306878125829397696_1","RTO","278","","","0","NA","src:4276384_order_summary_2026-07-01_2026-07-31.xlsx"
"","307001368064454976_1","RTO","355","","","0","NA","src:4276384_order_summary_2026-07-01_2026-07-31.xlsx"
"","307021445258026496_1","RTO","362","","","0","NA","src:4276384_order_summary_2026-07-01_2026-07-31.xlsx"
"","307051715751517952_1","RTO","278","","","0","NA","src:4276384_order_summary_2026-07-01_2026-07-31.xlsx"
"","307113215400615424_1","RTO","354","","","0","NA","src:4276384_order_summary_2026-07-01_2026-07-31.xlsx"
"","307202186777581696_1","RTO","302","","","0","NA","src:4276384_order_summary_2026-07-01_2026-07-31.xlsx"
"","306930631077207808_1","Returned","281","","","-157","SETTLED","src:4276384_order_summary_2026-07-01_2026-07-31.xlsx | claim:REJECTED"
"","307029744746616960_1","Returned","383","","","105.29","SETTLED","src:4276384_order_summary_2026-07-01_2026-07-31.xlsx | claim:APPROVED"
"","307208467931209216_1","Returned","211","","","-157","SETTLED","src:4276384_order_summary_2026-07-01_2026-07-31.xlsx"
"","306871361368348800_1","Delivered","387","","","298.22","SETTLED","src:4276384_order_summary_2026-07-01_2026-07-31.xlsx"
"","306954038233538048_1","Delivered","300","","","181.05","SETTLED","src:4276384_order_summary_2026-07-01_2026-07-31.xlsx"
"","306967939336444096_1","Delivered","363","","","269.34","SETTLED","src:4276384_order_summary_2026-07-01_2026-07-31.xlsx"
"","306993379195607168_1","Delivered","173","","","100.48","SETTLED","src:4276384_order_summary_2026-07-01_2026-07-31.xlsx"
"","306999579034263040_1","Delivered","355","","","269.38","SETTLED","src:4276384_order_summary_2026-07-01_2026-07-31.xlsx"
"","307013449111248640_1","Delivered","384","","","280.55","SETTLED","src:4276384_order_summary_2026-07-01_2026-07-31.xlsx"
"","307013698916571264_1","Delivered","387","","","298.04","SETTLED","src:4276384_order_summary_2026-07-01_2026-07-31.xlsx"
"","307015817413384320_1","Delivered","353","","","269.39","SETTLED","src:4276384_order_summary_2026-07-01_2026-07-31.xlsx"
"","307016271093308928_1","Delivered","357","","","269.62","SETTLED","src:4276384_order_summary_2026-07-01_2026-07-31.xlsx"
"","307037073886009472_1","Delivered","384","","","298.24","SETTLED","src:4276384_order_summary_2026-07-01_2026-07-31.xlsx"
"","307105044787371520_1","Delivered","217","","","145.09","SETTLED","src:4276384_order_summary_2026-07-01_2026-07-31.xlsx"
"","307133182331132096_1","Delivered","384","","","298.24","SETTLED","src:4276384_order_summary_2026-07-01_2026-07-31.xlsx"
"","307141613716838592_1","Delivered","353","","","251.72","SETTLED","src:4276384_order_summary_2026-07-01_2026-07-31.xlsx"
"","307219780250115585_1","Delivered","301","","","180.79","SETTLED","src:4276384_order_summary_2026-07-01_2026-07-31.xlsx"
"","306907074884476672_1","Cancelled","384","","","0","NA","src:4276384_order_summary_2026-07-01_2026-07-31.xlsx"
"","306989442820020416_1","Cancelled","357","","","0","NA","src:4276384_order_summary_2026-07-01_2026-07-31.xlsx"
"","307007991487078144_1","Cancelled","355","","","0","NA","src:4276384_order_summary_2026-07-01_2026-07-31.xlsx"
"","307016201879101184_1","Cancelled","384","","","0","NA","src:4276384_order_summary_2026-07-01_2026-07-31.xlsx"
"","307021352375164416_1","Cancelled","356","","","0","NA","src:4276384_order_summary_2026-07-01_2026-07-31.xlsx"
"","307078061824268416_1","Cancelled","192","","","0","NA","src:4276384_order_summary_2026-07-01_2026-07-31.xlsx"
"","306665358956896000_1","RTO","196","","","0","NA","src:4276384_order_summary_2026-07-01_2026-07-31.xlsx"
"","306704666330470592_1","RTO","301","","","0","NA","src:4276384_order_summary_2026-07-01_2026-07-31.xlsx"
"","306807503635208320_1","RTO","277","","","0","NA","src:4276384_order_summary_2026-07-01_2026-07-31.xlsx"
"","306825900263282880_1","RTO","381","","","0","NA","src:4276384_order_summary_2026-07-01_2026-07-31.xlsx"
"","306667493728262336_1","Returned","299","","","2.33","SETTLED","src:4276384_order_summary_2026-07-01_2026-07-31.xlsx | claim:APPROVED"
"","306772038285729536_1","Returned","300","","","-157","SETTLED","src:4276384_order_summary_2026-07-01_2026-07-31.xlsx | claim:REJECTED"
"","306814081779964096_1","Returned","304","","","-157","SETTLED","src:4276384_order_summary_2026-07-01_2026-07-31.xlsx | claim:REJECTED"
"","306829350039723523_1","Returned","304","","","-157","SETTLED","src:4276384_order_summary_2026-07-01_2026-07-31.xlsx | claim:REJECTED"
"","306638242111412352_1","Delivered","300","","","198.74","SETTLED","src:4276384_order_summary_2026-07-01_2026-07-31.xlsx"
"","306651577480540480_1","Delivered","193","","","108.42","SETTLED","src:4276384_order_summary_2026-07-01_2026-07-31.xlsx"
"","306656392067576128_1","Delivered","210","","","144.97","SETTLED","src:4276384_order_summary_2026-07-01_2026-07-31.xlsx"
"","306698532617199104_1","Delivered","210","","","145.12","SETTLED","src:4276384_order_summary_2026-07-01_2026-07-31.xlsx"
"","306705001343229120_1","Delivered","301","","","181.02","SETTLED","src:4276384_order_summary_2026-07-01_2026-07-31.xlsx"
"","306718418949970112_1","Delivered","299","","","198.98","SETTLED","src:4276384_order_summary_2026-07-01_2026-07-31.xlsx"
"","306749400466988225_1","Delivered","383","","","298.24","SETTLED","src:4276384_order_summary_2026-07-01_2026-07-31.xlsx"
"","306754735541180544_1","Delivered","300","","","181.05","SETTLED","src:4276384_order_summary_2026-07-01_2026-07-31.xlsx"
"","306774060972056320_1","Delivered","277","","","158.91","SETTLED","src:4276384_order_summary_2026-07-01_2026-07-31.xlsx"
"","306779076562678080_1","Delivered","305","","","181.03","SETTLED","src:4276384_order_summary_2026-07-01_2026-07-31.xlsx"
"","306798859651653120_1","Delivered","286","","","176.55","SETTLED","src:4276384_order_summary_2026-07-01_2026-07-31.xlsx"
"","306821771235236032_1","Delivered","211","","","123.36","SETTLED","src:4276384_order_summary_2026-07-01_2026-07-31.xlsx"
"","306825473191976128_1","Delivered","353","","","269.2","SETTLED","src:4276384_order_summary_2026-07-01_2026-07-31.xlsx"
"","306828514442092032_1","Delivered","279","","","158.9","SETTLED","src:4276384_order_summary_2026-07-01_2026-07-31.xlsx"
"","306828505987225792_1","Delivered","227","","","142.27","SETTLED","src:4276384_order_summary_2026-07-01_2026-07-31.xlsx"
"","306852105443352064_1","Delivered","303","","","181","SETTLED","src:4276384_order_summary_2026-07-01_2026-07-31.xlsx"
"","306681351339579584_1","Cancelled","280","","","0","NA","src:4276384_order_summary_2026-07-01_2026-07-31.xlsx"
"","306836342904987136_1","Cancelled","192","","","0","NA","src:4276384_order_summary_2026-07-01_2026-07-31.xlsx"
"","306843857982070272_1","Cancelled","382","","","0","NA","src:4276384_order_summary_2026-07-01_2026-07-31.xlsx"
"","306845630996028608_1","Cancelled","303","","","0","NA","src:4276384_order_summary_2026-07-01_2026-07-31.xlsx"
"","306275304442896128_1","RTO","300","","","0","NA","src:4276384_order_summary_2026-07-01_2026-07-31.xlsx"
"","306382679049574592_1","RTO","353","","","0","NA","src:4276384_order_summary_2026-07-01_2026-07-31.xlsx"
"","306402629973122816_1","Returned","279","","","-157","SETTLED","src:4276384_order_summary_2026-07-01_2026-07-31.xlsx"
"","306477652143052992_1","Returned","315","","","-157","SETTLED","src:4276384_order_summary_2026-07-01_2026-07-31.xlsx | claim:REJECTED"
"","306145618186367296_1","Delivered","385","","","298.22","SETTLED","src:4276384_order_summary_2026-07-01_2026-07-31.xlsx"
"","306147807957997696_1","Delivered","196","","","108.41","SETTLED","src:4276384_order_summary_2026-07-01_2026-07-31.xlsx"
"","306150769919991552_1","Delivered","196","","","126.2","SETTLED","src:4276384_order_summary_2026-07-01_2026-07-31.xlsx"
"","306243737645379904_1","Delivered","300","","","180.8","SETTLED","src:4276384_order_summary_2026-07-01_2026-07-31.xlsx"
"","306305333407194880_1","Delivered","386","","","298.24","SETTLED","src:4276384_order_summary_2026-07-01_2026-07-31.xlsx"
"","306354333347551424_1","Delivered","247","","","146.74","SETTLED","src:4276384_order_summary_2026-07-01_2026-07-31.xlsx"
"","306371545839378176_1","Delivered","303","","","181","SETTLED","src:4276384_order_summary_2026-07-01_2026-07-31.xlsx"
"","306434609020999872_1","Delivered","247","","","146.74","SETTLED","src:4276384_order_summary_2026-07-01_2026-07-31.xlsx"
"","306442078421458688_1","Delivered","382","","","298.24","SETTLED","src:4276384_order_summary_2026-07-01_2026-07-31.xlsx"
"","306461885187387712_1","Delivered","389","","","269.02","SETTLED","src:4276384_order_summary_2026-07-01_2026-07-31.xlsx"
"","306287404397523264_1","Cancelled","195","","","0","NA","src:4276384_order_summary_2026-07-01_2026-07-31.xlsx"
"","306405490144473408_1","Cancelled","280","","","0","NA","src:4276384_order_summary_2026-07-01_2026-07-31.xlsx"
"","305953148244598272_1","RTO","300","","","0","NA","src:4276384_order_summary_2026-07-01_2026-07-31.xlsx"
"","306054875472142080_1","RTO","300","","","0","NA","src:4276384_order_summary_2026-07-01_2026-07-31.xlsx"
"","305875264105420992_1","Returned","358","","","-157","SETTLED","src:4276384_order_summary_2026-07-01_2026-07-31.xlsx | claim:REJECTED"
"","306036987952373248_1","Returned","270","","","-8.39","SETTLED","src:4276384_order_summary_2026-07-01_2026-07-31.xlsx | claim:APPROVED"
"","305953101546068160_1","Delivered","282","","","176.81","SETTLED","src:4276384_order_summary_2026-07-01_2026-07-31.xlsx"
"","305912619461189376_1","Cancelled","412","","","0","NA","src:4276384_order_summary_2026-07-01_2026-07-31.xlsx"
"","305550068923703040_1","RTO","388","","","0","NA","src:4276384_order_summary_2026-07-01_2026-07-31.xlsx"
"","305604532833558272_1","RTO","384","","","0","NA","src:4276384_order_summary_2026-07-01_2026-07-31.xlsx"
"","305646141999225024_1","RTO","384","","","0","NA","src:4276384_order_summary_2026-07-01_2026-07-31.xlsx"
"","305662282453080256_1","RTO","420","","","0","NA","src:4276384_order_summary_2026-07-01_2026-07-31.xlsx"
"","305655302974873088_1","Returned","193","","","-67.71","SETTLED","src:4276384_order_summary_2026-07-01_2026-07-31.xlsx | claim:APPROVED"
"","305734475479457536_1","Returned","227","","","-157","SETTLED","src:4276384_order_summary_2026-07-01_2026-07-31.xlsx | claim:REJECTED"
"","305428930945752256_1","Delivered","279","","","159.12","SETTLED","src:4276384_order_summary_2026-07-01_2026-07-31.xlsx"
"","305445782583391680_1","Delivered","386","","","280.37","SETTLED","src:4276384_order_summary_2026-07-01_2026-07-31.xlsx"
"","305545191142054080_1","Delivered","383","","","298.25","SETTLED","src:4276384_order_summary_2026-07-01_2026-07-31.xlsx"
"","305554560624506304_1","Delivered","384","","","298.24","SETTLED","src:4276384_order_summary_2026-07-01_2026-07-31.xlsx"
"","305561674990690048_1","Delivered","384","","","298.04","SETTLED","src:4276384_order_summary_2026-07-01_2026-07-31.xlsx"
"","305572798569913856_1","Delivered","356","","","269.25","SETTLED","src:4276384_order_summary_2026-07-01_2026-07-31.xlsx"
"","305623911475304640_1","Delivered","300","","","181.05","SETTLED","src:4276384_order_summary_2026-07-01_2026-07-31.xlsx"
"","305666581001024960_1","Delivered","300","","","180.84","SETTLED","src:4276384_order_summary_2026-07-01_2026-07-31.xlsx"
"","305677333160139968_1","Delivered","383","","","298.06","SETTLED","src:4276384_order_summary_2026-07-01_2026-07-31.xlsx"
"","305679198780274112_1","Delivered","355","","","269.62","SETTLED","src:4276384_order_summary_2026-07-01_2026-07-31.xlsx"
"","305739005822705408_1","Delivered","403","","","318.14","SETTLED","src:4276384_order_summary_2026-07-01_2026-07-31.xlsx"
"","305460782559862528_1","Cancelled","355","","","0","NA","src:4276384_order_summary_2026-07-01_2026-07-31.xlsx"
"","305590270987759936_1","Cancelled","356","","","0","NA","src:4276384_order_summary_2026-07-01_2026-07-31.xlsx"
"","305608806306011200_1","Cancelled","173","","","0","NA","src:4276384_order_summary_2026-07-01_2026-07-31.xlsx"
"","305703172570816256_1","Cancelled","352","","","0","NA","src:4276384_order_summary_2026-07-01_2026-07-31.xlsx"
"","305724742781378048_1","Cancelled","392","","","0","NA","src:4276384_order_summary_2026-07-01_2026-07-31.xlsx"
"","305725046255924672_1","Cancelled","392","","","0","NA","src:4276384_order_summary_2026-07-01_2026-07-31.xlsx"
"","305166254666488000_1","RTO","353","","","0","NA","src:4276384_order_summary_2026-07-01_2026-07-31.xlsx"
"","305261236799002688_1","RTO","354","","","0","NA","src:4276384_order_summary_2026-07-01_2026-07-31.xlsx"
"","305265014330826496_1","RTO","383","","","0","NA","src:4276384_order_summary_2026-07-01_2026-07-31.xlsx"
"","305270549792846144_1","RTO","383","","","0","NA","src:4276384_order_summary_2026-07-01_2026-07-31.xlsx"
"","305284834553092224_1","RTO","383","","","0","NA","src:4276384_order_summary_2026-07-01_2026-07-31.xlsx"
"","305314839113920832_1","RTO","381","","","0","NA","src:4276384_order_summary_2026-07-01_2026-07-31.xlsx"
"","305366178862931712_1","RTO","382","","","0","NA","src:4276384_order_summary_2026-07-01_2026-07-31.xlsx"
"","305270365344133440_1","Returned","300","","","-69.67","SETTLED","src:4276384_order_summary_2026-07-01_2026-07-31.xlsx | claim:APPROVED"
"","305150873129334144_1","Delivered","249","","","129.34","SETTLED","src:4276384_order_summary_2026-07-01_2026-07-31.xlsx"
"","305156779088140352_1","Delivered","227","","","142.27","SETTLED","src:4276384_order_summary_2026-07-01_2026-07-31.xlsx"
"","305207921468972800_1","Delivered","381","","","280.37","SETTLED","src:4276384_order_summary_2026-07-01_2026-07-31.xlsx"
"","305231896916908160_1","Delivered","382","","","298.14","SETTLED","src:4276384_order_summary_2026-07-01_2026-07-31.xlsx"
"","305234071398281536_1","Delivered","353","","","269.43","SETTLED","src:4276384_order_summary_2026-07-01_2026-07-31.xlsx"
"","305240656213301376_1","Delivered","354","","","251.64","SETTLED","src:4276384_order_summary_2026-07-01_2026-07-31.xlsx"
"","305250459219336960_1","Delivered","208","","","123.36","SETTLED","src:4276384_order_summary_2026-07-01_2026-07-31.xlsx"
"","305274164886248640_1","Delivered","382","","","280.54","SETTLED","src:4276384_order_summary_2026-07-01_2026-07-31.xlsx"
"","305283661648246208_1","Delivered","383","","","298.06","SETTLED","src:4276384_order_summary_2026-07-01_2026-07-31.xlsx"
"","305291455455698112_1","Delivered","386","","","280.51","SETTLED","src:4276384_order_summary_2026-07-01_2026-07-31.xlsx"
"","305304936832948352_1","Delivered","302","","","198.7","SETTLED","src:4276384_order_summary_2026-07-01_2026-07-31.xlsx"
"","305334843252267136_1","Delivered","229","","","110.4","SETTLED","src:4276384_order_summary_2026-07-01_2026-07-31.xlsx"
"","305342838526826688_1","Delivered","383","","","298.1","SETTLED","src:4276384_order_summary_2026-07-01_2026-07-31.xlsx"
"","305352779765504128_1","Delivered","352","","","251.69","SETTLED","src:4276384_order_summary_2026-07-01_2026-07-31.xlsx"
"","305353170761555456_1","Delivered","353","","","269.26","SETTLED","src:4276384_order_summary_2026-07-01_2026-07-31.xlsx"
"","305356644472395968_1","Delivered","384","","","298.1","SETTLED","src:4276384_order_summary_2026-07-01_2026-07-31.xlsx"
"","305366854587242560_1","Delivered","392","","","280.48","SETTLED","src:4276384_order_summary_2026-07-01_2026-07-31.xlsx"
"","305381011962076352_1","Delivered","302","","","181","SETTLED","src:4276384_order_summary_2026-07-01_2026-07-31.xlsx"
"","305399759316196864_1","Delivered","354","","","251.68","SETTLED","src:4276384_order_summary_2026-07-01_2026-07-31.xlsx"
"","305209433771372864_1","Cancelled","353","","","0","NA","src:4276384_order_summary_2026-07-01_2026-07-31.xlsx"
"","305281943430641088_1","Cancelled","383","","","0","NA","src:4276384_order_summary_2026-07-01_2026-07-31.xlsx"
"","305308594849044672_1","Cancelled","382","","","0","NA","src:4276384_order_summary_2026-07-01_2026-07-31.xlsx"
"","305394068954291712_1","Cancelled","387","","","0","NA","src:4276384_order_summary_2026-07-01_2026-07-31.xlsx"
"","305395189799311488_1","Cancelled","382","","","0","NA","src:4276384_order_summary_2026-07-01_2026-07-31.xlsx"
"","305403911815721280_1","Cancelled","353","","","0","NA","src:4276384_order_summary_2026-07-01_2026-07-31.xlsx"
"","304771666662536640_1","RTO","299","","","0","NA","src:4276384_order_summary_2026-07-01_2026-07-31.xlsx"
"","304877534340307136_1","RTO","385","","","0","NA","src:4276384_order_summary_2026-07-01_2026-07-31.xlsx"
"","304966141628543296_1","RTO","382","","","0","NA","src:4276384_order_summary_2026-07-01_2026-07-31.xlsx"
"","304966491672572224_1","RTO","383","","","0","NA","src:4276384_order_summary_2026-07-01_2026-07-31.xlsx"
"","304999721298679936_1","RTO","386","","","0","NA","src:4276384_order_summary_2026-07-01_2026-07-31.xlsx"
"","305007550784985280_1","RTO","383","","","0","NA","src:4276384_order_summary_2026-07-01_2026-07-31.xlsx"
"","305013237504947584_1","Returned","300","","","-157","SETTLED","src:4276384_order_summary_2026-07-01_2026-07-31.xlsx"
"","304705309138081984_1","Delivered","356","","","269.39","SETTLED","src:4276384_order_summary_2026-07-01_2026-07-31.xlsx"
"","304711209495043584_1","Delivered","382","","","298.24","SETTLED","src:4276384_order_summary_2026-07-01_2026-07-31.xlsx"
"","304829000933038272_1","Delivered","270","","","168.63","SETTLED","src:4276384_order_summary_2026-07-01_2026-07-31.xlsx"
"","304876841154786752_1","Delivered","353","","","269.62","SETTLED","src:4276384_order_summary_2026-07-01_2026-07-31.xlsx"
"","304943802253456832_1","Delivered","303","","","181.08","SETTLED","src:4276384_order_summary_2026-07-01_2026-07-31.xlsx"
"","304950034302310592_1","Delivered","383","","","298.24","SETTLED","src:4276384_order_summary_2026-07-01_2026-07-31.xlsx"
"","304950138970513152_1","Delivered","319","","","181.02","SETTLED","src:4276384_order_summary_2026-07-01_2026-07-31.xlsx"
"","304962088032672960_1","Delivered","381","","","298.07","SETTLED","src:4276384_order_summary_2026-07-01_2026-07-31.xlsx"
"","304962949776791680_1","Delivered","384","","","298.04","SETTLED","src:4276384_order_summary_2026-07-01_2026-07-31.xlsx"
"","304986917622396288_1","Delivered","305","","","180.99","SETTLED","src:4276384_order_summary_2026-07-01_2026-07-31.xlsx"
"","305003598562619712_1","Delivered","385","","","298.22","SETTLED","src:4276384_order_summary_2026-07-01_2026-07-31.xlsx"
"","305011834376041920_1","Delivered","358","","","251.72","SETTLED","src:4276384_order_summary_2026-07-01_2026-07-31.xlsx"
"","304712850323697984_1","Cancelled","382","","","0","NA","src:4276384_order_summary_2026-07-01_2026-07-31.xlsx"
"","304848329061816448_1","Cancelled","387","","","0","NA","src:4276384_order_summary_2026-07-01_2026-07-31.xlsx"
"","304861293215078592_1","Cancelled","352","","","0","NA","src:4276384_order_summary_2026-07-01_2026-07-31.xlsx"
"","304872890120543744_1","Cancelled","382","","","0","NA","src:4276384_order_summary_2026-07-01_2026-07-31.xlsx"
"","304969824642413952_1","Cancelled","381","","","0","NA","src:4276384_order_summary_2026-07-01_2026-07-31.xlsx"
"","304995550348253376_1","Cancelled","353","","","0","NA","src:4276384_order_summary_2026-07-01_2026-07-31.xlsx"
"","304999220040593728_1","Cancelled","353","","","0","NA","src:4276384_order_summary_2026-07-01_2026-07-31.xlsx"
"","304470879659956416_1","RTO","382","","","0","NA","src:4276384_order_summary_2026-07-01_2026-07-31.xlsx"
"","304474976317480128_1","RTO","382","","","0","NA","src:4276384_order_summary_2026-07-01_2026-07-31.xlsx"
"","304501563023061312_1","RTO","355","","","0","NA","src:4276384_order_summary_2026-07-01_2026-07-31.xlsx"
"","304510697801659776_1","RTO","384","","","0","NA","src:4276384_order_summary_2026-07-01_2026-07-31.xlsx"
"","304531294406383809_1","RTO","249","","","0","NA","src:4276384_order_summary_2026-07-01_2026-07-31.xlsx"
"","304604443637718528_1","RTO","286","","","0","NA","src:4276384_order_summary_2026-07-01_2026-07-31.xlsx"
"","304613561698098688_1","RTO","382","","","0","NA","src:4276384_order_summary_2026-07-01_2026-07-31.xlsx"
"","304627594820219200_1","RTO","282","","","0","NA","src:4276384_order_summary_2026-07-01_2026-07-31.xlsx"
"","304634563106584000_1","RTO","300","","","0","NA","src:4276384_order_summary_2026-07-01_2026-07-31.xlsx"
"","304652884308800960_1","RTO","300","","","0","NA","src:4276384_order_summary_2026-07-01_2026-07-31.xlsx"
"","304667209691962560_1","RTO","304","","","0","NA","src:4276384_order_summary_2026-07-01_2026-07-31.xlsx"
"","304614129952758976_1","Returned","302","","","-157","SETTLED","src:4276384_order_summary_2026-07-01_2026-07-31.xlsx | claim:REJECTED"
"","304658048325393600_1","Exchanged","278","","","20.06","SETTLED","src:4276384_order_summary_2026-07-01_2026-07-31.xlsx"
"","304405924213568960_1","Delivered","353","","","269.39","SETTLED","src:4276384_order_summary_2026-07-01_2026-07-31.xlsx"
"","304452057006749056_1","Delivered","384","","","298.24","SETTLED","src:4276384_order_summary_2026-07-01_2026-07-31.xlsx"
"","304468457126435008_1","Delivered","382","","","298.06","SETTLED","src:4276384_order_summary_2026-07-01_2026-07-31.xlsx"
"","304501529560626560_1","Delivered","382","","","298.24","SETTLED","src:4276384_order_summary_2026-07-01_2026-07-31.xlsx"
"","304509057904293248_1","Delivered","385","","","298.48","SETTLED","src:4276384_order_summary_2026-07-01_2026-07-31.xlsx"
"","304558520182126016_1","Delivered","382","","","298.24","SETTLED","src:4276384_order_summary_2026-07-01_2026-07-31.xlsx"
"","304584431602659648_1","Delivered","352","","","269.21","SETTLED","src:4276384_order_summary_2026-07-01_2026-07-31.xlsx"
"","304629434870782144_1","Delivered","353","","","269.39","SETTLED","src:4276384_order_summary_2026-07-01_2026-07-31.xlsx"
"","304632389773440448_1","Delivered","301","","","198.98","SETTLED","src:4276384_order_summary_2026-07-01_2026-07-31.xlsx"
"","304635344795148032_1","Delivered","229","","","142.27","SETTLED","src:4276384_order_summary_2026-07-01_2026-07-31.xlsx"
"","304647685906176192_1","Delivered","279","","","159.18","SETTLED","src:4276384_order_summary_2026-07-01_2026-07-31.xlsx"
"","304655428893661376_1","Delivered","300","","","198.72","SETTLED","src:4276384_order_summary_2026-07-01_2026-07-31.xlsx"
"","304659781498073408_1","Delivered","303","","","181","SETTLED","src:4276384_order_summary_2026-07-01_2026-07-31.xlsx"
"","304660871345747392_1","Delivered","353","","","269.39","SETTLED","src:4276384_order_summary_2026-07-01_2026-07-31.xlsx"
"","304670100119253312_1","Delivered","382","","","298.24","SETTLED","src:4276384_order_summary_2026-07-01_2026-07-31.xlsx"
"","304549493616293312_1","Cancelled","385","","","0","NA","src:4276384_order_summary_2026-07-01_2026-07-31.xlsx"
"","304556552571204992_1","Cancelled","382","","","0","NA","src:4276384_order_summary_2026-07-01_2026-07-31.xlsx"
"","304560093868209536_1","Cancelled","354","","","0","NA","src:4276384_order_summary_2026-07-01_2026-07-31.xlsx"
"","304582865864629760_1","Cancelled","383","","","0","NA","src:4276384_order_summary_2026-07-01_2026-07-31.xlsx"
"","304627948689300992_1","Cancelled","353","","","0","NA","src:4276384_order_summary_2026-07-01_2026-07-31.xlsx"
"","304658676760065408_1","Cancelled","300","","","0","NA","src:4276384_order_summary_2026-07-01_2026-07-31.xlsx"
"","304679105177704512_1","Cancelled","382","","","0","NA","src:4276384_order_summary_2026-07-01_2026-07-31.xlsx"
"","304091993028834688_1","RTO","385","","","0","NA","src:4276384_order_summary_2026-07-01_2026-07-31.xlsx"
"","304115297505581248_1","RTO","383","","","0","NA","src:4276384_order_summary_2026-07-01_2026-07-31.xlsx"
"","304124735997228416_1","Returned","382","","","-157","SETTLED","src:4276384_order_summary_2026-07-01_2026-07-31.xlsx | claim:REJECTED"
"","304133689781394624_1","Returned","193","","","-157","SETTLED","src:4276384_order_summary_2026-07-01_2026-07-31.xlsx"
"","303987990913752256_1","Delivered","383","","","298.24","SETTLED","src:4276384_order_summary_2026-07-01_2026-07-31.xlsx"
"","304040744189304000_1","Delivered","352","","","269.46","SETTLED","src:4276384_order_summary_2026-07-01_2026-07-31.xlsx"
"","304212620263962048_1","Delivered","385","","","280.52","SETTLED","src:4276384_order_summary_2026-07-01_2026-07-31.xlsx"
"","304219567973473792_1","Delivered","249","","","129.34","SETTLED","src:4276384_order_summary_2026-07-01_2026-07-31.xlsx"
"","304296629450978688_1","Delivered","173","","","100.12","SETTLED","src:4276384_order_summary_2026-07-01_2026-07-31.xlsx"
"","304302910702237056_1","Delivered","361","","","251.63","SETTLED","src:4276384_order_summary_2026-07-01_2026-07-31.xlsx"
"","304291600648379904_1","Cancelled","359","","","0","NA","src:4276384_order_summary_2026-07-01_2026-07-31.xlsx"
"","303796276045705536_1","RTO","247","","","0","NA","src:4276384_order_summary_2026-07-01_2026-07-31.xlsx"
"","303820306266790080_1","RTO","382","","","0","NA","src:4276384_order_summary_2026-07-01_2026-07-31.xlsx"
"","303601246224586944_1","Returned","164","","","-157","SETTLED","src:4276384_order_summary_2026-07-01_2026-07-31.xlsx"
"","303628592632706496_1","Returned","300","","","-157","SETTLED","src:4276384_order_summary_2026-07-01_2026-07-31.xlsx"
"","303916339226484224_1","Returned","381","","","105.3","SETTLED","src:4276384_order_summary_2026-07-01_2026-07-31.xlsx | claim:APPROVED"
"","303926384064470528_1","Returned","302","","","-157","SETTLED","src:4276384_order_summary_2026-07-01_2026-07-31.xlsx"
"","303773794378855808_1","Delivered","352","","","269.42","SETTLED","src:4276384_order_summary_2026-07-01_2026-07-31.xlsx"
"","303818849919856960_1","Delivered","386","","","280.37","SETTLED","src:4276384_order_summary_2026-07-01_2026-07-31.xlsx"
"","303836876186727808_1","Delivered","354","","","269.26","SETTLED","src:4276384_order_summary_2026-07-01_2026-07-31.xlsx"
"","303886007458477504_1","Delivered","210","","","127.15","SETTLED","src:4276384_order_summary_2026-07-01_2026-07-31.xlsx"
"","303930322956328448_1","Delivered","300","","","198.93","SETTLED","src:4276384_order_summary_2026-07-01_2026-07-31.xlsx"
"","303937348974221504_1","Delivered","388","","","298.08","SETTLED","src:4276384_order_summary_2026-07-01_2026-07-31.xlsx"
"","303952274831973888_1","Delivered","271","","","168.62","SETTLED","src:4276384_order_summary_2026-07-01_2026-07-31.xlsx"
"","303930016726151488_1","Cancelled","248","","","0","NA","src:4276384_order_summary_2026-07-01_2026-07-31.xlsx"