"Reason for Credit Entry","Sub Order No","Catalog ID","Order Date","Order source","Customer State","Product Name","SKU","Size","Quantity","Supplier Listed Price (Incl. GST + Commission)","Supplier Discounted Price (Incl GST and Commision)","Packet Id"
"DELIVERED","303601246224586944_1","508960861","2026-07-01","","Haryana","MJM 3 In 1 Fast Charging Cable 120W Super Charge USB Cable with Type C, Micro USB & 8 Pin Connector 1 Meter","MJM-3IN1-CABLE-120W-1M-ORANGE","Free Size","1","90.0","72.0","NP1SLEU06013291"
"DELIVERED","303628592632706496_1","509589936","2026-07-01","","Tamil Nadu","MJM Waterproof Bike Mobile Holder | 360? Rotatable Motorcycle Phone Mount | Touch Screen Rainproof Mobile Case for Bicycle, Scooter & Bike","MJM-A1BIKEHOLDER-360","Free Size","1","200.0","200.0","TP5SPEU09252777"
"DELIVERED","303773794378855808_1","511487094","2026-07-01","","Gujarat","MJM Airdopes Prime TWS Earbuds Bluetooth 5.4 Wireless Earbuds with Deep Bass, HD Calling, Type-C Charging & 18 Hours Playback - Black","MJM-AIRDOPES-PRIME-BLACK","Free Size","1","271.0","271.0","TP4COEU06755352"
"RTO_COMPLETE","303796276045705536_1","508240986","2026-07-01","","Bihar","MJM 360? Rotating Bike Mobile Holder Stand for Motorcycle, Bicycle & Scooter Handlebar Phone Mount","PT05-BIKESTAND","Free Size","1","148.0","148.0","TP4COEU06755342"
"DELIVERED","303818849919856960_1","511487094","2026-07-01","","Chhattisgarh","MJM Airdopes Prime TWS Earbuds Bluetooth 5.4 Wireless Earbuds with Deep Bass, HD Calling, Type-C Charging & 18 Hours Playback - Black","MJM-AIRDOPES-PRIME-BLACK","Free Size","1","300.0","282.0","TP4COEU06755351"
"RTO_COMPLETE","303820306266790080_1","511488761","2026-07-01","","Bihar","MJM Airdopes Prime TWS Earbuds Bluetooth 5.4 Wireless Earbuds with Deep Bass, HD Calling, Type-C Charging & 18 Hours Playback - Blue","MJM-AIRDOPES-PRIME-BLUE","Free Size","1","300.0","300.0","TP4COEU06755350"
"DELIVERED","303836876186727808_1","511487094","2026-07-01","","Gujarat","MJM Airdopes Prime TWS Earbuds Bluetooth 5.4 Wireless Earbuds with Deep Bass, HD Calling, Type-C Charging & 18 Hours Playback - Black","MJM-AIRDOPES-PRIME-BLACK","Free Size","1","271.0","271.0","TP4COEU06755353"
"DELIVERED","303886007458477504_1","505105292","2026-07-01","","Telangana","MJM Waterproof Mobile Pouch Combo Pack of 8 | Universal Touch Screen Phone Cover with Neck Strap, Triple Lock Waterproof Case for Swimming, Travel, Beach & Rain Protection","3lockrainpouch-8pc","Free Size","1","146.0","128.0","TP4COEU06755349"
"DELIVERED","303916339226484224_1","511487094","2026-07-01","","Rajasthan","MJM Airdopes Prime TWS Earbuds Bluetooth 5.4 Wireless Earbuds with Deep Bass, HD Calling, Type-C Charging & 18 Hours Playback - Black","MJM-AIRDOPES-PRIME-BLACK","Free Size","1","300.0","300.0","TP4COEU06755348"
"DELIVERED","303926384064470528_1","509589936","2026-07-01","","Tamil Nadu","MJM Waterproof Bike Mobile Holder | 360? Rotatable Motorcycle Phone Mount | Touch Screen Rainproof Mobile Case for Bicycle, Scooter & Bike","MJM-A1BIKEHOLDER-360","Free Size","1","200.0","182.0","TP5SPEU09252774"
"CANCELLED","303930016726151488_1","508240986","2026-07-01","","Uttar Pradesh","MJM 360? Rotating Bike Mobile Holder Stand for Motorcycle, Bicycle & Scooter Handlebar Phone Mount","PT05-BIKESTAND","Free Size","1","148.0","148.0",
"DELIVERED","303930322956328448_1","509589936","2026-07-01","","Gujarat","MJM Waterproof Bike Mobile Holder | 360? Rotatable Motorcycle Phone Mount | Touch Screen Rainproof Mobile Case for Bicycle, Scooter & Bike","MJM-A1BIKEHOLDER-360","Free Size","1","200.0","200.0","TP5SPEU09252775"
"DELIVERED","303937348974221504_1","511488761","2026-07-01","","Maharashtra","MJM Airdopes Prime TWS Earbuds Bluetooth 5.4 Wireless Earbuds with Deep Bass, HD Calling, Type-C Charging & 18 Hours Playback - Blue","MJM-AIRDOPES-PRIME-BLUE","Free Size","1","300.0","300.0","TP4COEU06755357"
"DELIVERED","303952274831973888_1","508240986","2026-07-01","","Rajasthan","MJM 360? Rotating Bike Mobile Holder Stand for Motorcycle, Bicycle & Scooter Handlebar Phone Mount","PT05-BIKESTAND","Free Size","1","170.0","170.0","TP4COEU06755334"
"DELIVERED","303987990913752256_1","511487094","2026-07-02","","Arunachal Pradesh","MJM Airdopes Prime TWS Earbuds Bluetooth 5.4 Wireless Earbuds with Deep Bass, HD Calling, Type-C Charging & 18 Hours Playback - Black","MJM-AIRDOPES-PRIME-BLACK","Free Size","1","300.0","300.0","TP4COEU06755354"
"DELIVERED","304040744189304000_1","511488761","2026-07-02","","Uttar Pradesh","MJM Airdopes Prime TWS Earbuds Bluetooth 5.4 Wireless Earbuds with Deep Bass, HD Calling, Type-C Charging & 18 Hours Playback - Blue","MJM-AIRDOPES-PRIME-BLUE","Free Size","1","271.0","271.0","TP4COEU06755355"
"RTO_COMPLETE","304091993028834688_1","511488761","2026-07-02","","Madhya Pradesh","MJM Airdopes Prime TWS Earbuds Bluetooth 5.4 Wireless Earbuds with Deep Bass, HD Calling, Type-C Charging & 18 Hours Playback - Blue","MJM-AIRDOPES-PRIME-BLUE","Free Size","1","300.0","300.0","TP4COEU06755356"
"RTO_COMPLETE","304115297505581248_1","511487094","2026-07-02","","Maharashtra","MJM Airdopes Prime TWS Earbuds Bluetooth 5.4 Wireless Earbuds with Deep Bass, HD Calling, Type-C Charging & 18 Hours Playback - Black","MJM-AIRDOPES-PRIME-BLACK","Free Size","1","300.0","300.0","TP4COEU06755360"
"DELIVERED","304124735997228416_1","511487094","2026-07-02","","Uttarakhand","MJM Airdopes Prime TWS Earbuds Bluetooth 5.4 Wireless Earbuds with Deep Bass, HD Calling, Type-C Charging & 18 Hours Playback - Black","MJM-AIRDOPES-PRIME-BLACK","Free Size","1","300.0","300.0","TP4COEU06755361"
"DELIVERED","304133689781394624_1","512895768","2026-07-02","","Tamil Nadu","MJM 3 In 1 Black Fast Charging Cable 120W Super Charge USB Cable with Type C, Micro USB & 8 Pin Connector 1 Meter","MJM-3IN1-CABLE-120W-1M-BLACK-01","Free Size","1","120.0","120.0","NP1SLEU06013297"
"DELIVERED","304212620263962048_1","511488761","2026-07-02","","Gujarat","MJM Airdopes Prime TWS Earbuds Bluetooth 5.4 Wireless Earbuds with Deep Bass, HD Calling, Type-C Charging & 18 Hours Playback - Blue","MJM-AIRDOPES-PRIME-BLUE","Free Size","1","300.0","282.0","TP4COEU06755359"
"DELIVERED","304219567973473792_1","508240986","2026-07-02","","Maharashtra","MJM 360? Rotating Bike Mobile Holder Stand for Motorcycle, Bicycle & Scooter Handlebar Phone Mount","PT05-BIKESTAND","Free Size","1","148.0","130.0","TP4COEU06755336"
"CANCELLED","304291600648379904_1","511487094","2026-07-02","","Bihar","MJM Airdopes Prime TWS Earbuds Bluetooth 5.4 Wireless Earbuds with Deep Bass, HD Calling, Type-C Charging & 18 Hours Playback - Black","MJM-AIRDOPES-PRIME-BLACK","Free Size","1","271.0","271.0",
"DELIVERED","304296629450978688_1","512895768","2026-07-02","","Assam","MJM 3 In 1 Black Fast Charging Cable 120W Super Charge USB Cable with Type C, Micro USB & 8 Pin Connector 1 Meter","MJM-3IN1-CABLE-120W-1M-BLACK-01","Free Size","1","101.0","101.0","NP1SLEU06013298"
"DELIVERED","304302910702237056_1","511487094","2026-07-02","","Kerala","MJM Airdopes Prime TWS Earbuds Bluetooth 5.4 Wireless Earbuds with Deep Bass, HD Calling, Type-C Charging & 18 Hours Playback - Black","MJM-AIRDOPES-PRIME-BLACK","Free Size","1","271.0","253.0","TP4COEU06755362"
"DELIVERED","304405924213568960_1","511488761","2026-07-03","","Bihar","MJM Airdopes Prime TWS Earbuds Bluetooth 5.4 Wireless Earbuds with Deep Bass, HD Calling, Type-C Charging & 18 Hours Playback - Blue","MJM-AIRDOPES-PRIME-BLUE","Free Size","1","271.0","271.0","TP4COEU06755358"
"DELIVERED","304452057006749056_1","511488761","2026-07-03","","Chhattisgarh","MJM Airdopes Prime TWS Earbuds Bluetooth 5.4 Wireless Earbuds with Deep Bass, HD Calling, Type-C Charging & 18 Hours Playback - Blue","MJM-AIRDOPES-PRIME-BLUE","Free Size","1","300.0","300.0","TP4COEU06755363"
"DELIVERED","304468457126435008_1","511488761","2026-07-03","","Karnataka","MJM Airdopes Prime TWS Earbuds Bluetooth 5.4 Wireless Earbuds with Deep Bass, HD Calling, Type-C Charging & 18 Hours Playback - Blue","MJM-AIRDOPES-PRIME-BLUE","Free Size","1","300.0","300.0","NP1SLEU06013302"
"RTO_COMPLETE","304470879659956416_1","511488761","2026-07-03","","Haryana","MJM Airdopes Prime TWS Earbuds Bluetooth 5.4 Wireless Earbuds with Deep Bass, HD Calling, Type-C Charging & 18 Hours Playback - Blue","MJM-AIRDOPES-PRIME-BLUE","Free Size","1","300.0","300.0","TP4COEU06755376"
"RTO_COMPLETE","304474976317480128_1","511488761","2026-07-03","","Haryana","MJM Airdopes Prime TWS Earbuds Bluetooth 5.4 Wireless Earbuds with Deep Bass, HD Calling, Type-C Charging & 18 Hours Playback - Blue","MJM-AIRDOPES-PRIME-BLUE","Free Size","1","300.0","300.0","TP4COEU06755372"
"DELIVERED","304501529560626560_1","511488761","2026-07-03","","Odisha","MJM Airdopes Prime TWS Earbuds Bluetooth 5.4 Wireless Earbuds with Deep Bass, HD Calling, Type-C Charging & 18 Hours Playback - Blue","MJM-AIRDOPES-PRIME-BLUE","Free Size","1","300.0","300.0","NP1SLEU06013299"
"RTO_COMPLETE","304501563023061312_1","511487094","2026-07-03","","Maharashtra","MJM Airdopes Prime TWS Earbuds Bluetooth 5.4 Wireless Earbuds with Deep Bass, HD Calling, Type-C Charging & 18 Hours Playback - Black","MJM-AIRDOPES-PRIME-BLACK","Free Size","1","271.0","271.0","TP4COEU06755366"
"DELIVERED","304509057904293248_1","511488761","2026-07-03","","Chhattisgarh","MJM Airdopes Prime TWS Earbuds Bluetooth 5.4 Wireless Earbuds with Deep Bass, HD Calling, Type-C Charging & 18 Hours Playback - Blue","MJM-AIRDOPES-PRIME-BLUE","Free Size","1","300.0","300.0","NP1SLEU06013303"
"RTO_COMPLETE","304510697801659776_1","511487094","2026-07-03","","Uttar Pradesh","MJM Airdopes Prime TWS Earbuds Bluetooth 5.4 Wireless Earbuds with Deep Bass, HD Calling, Type-C Charging & 18 Hours Playback - Black","MJM-AIRDOPES-PRIME-BLACK","Free Size","1","300.0","300.0","TP4COEU06755371"
"RTO_COMPLETE","304531294406383809_1","508240986","2026-07-03","","Gujarat","MJM 360? Rotating Bike Mobile Holder Stand for Motorcycle, Bicycle & Scooter Handlebar Phone Mount","PT05-BIKESTAND","Free Size","1","148.0","148.0","TP4COEU06755335"
"CANCELLED","304549493616293312_1","511487094","2026-07-03","","Bihar","MJM Airdopes Prime TWS Earbuds Bluetooth 5.4 Wireless Earbuds with Deep Bass, HD Calling, Type-C Charging & 18 Hours Playback - Black","MJM-AIRDOPES-PRIME-BLACK","Free Size","1","300.0","300.0",
"CANCELLED","304556552571204992_1","511487094","2026-07-03","","Delhi","MJM Airdopes Prime TWS Earbuds Bluetooth 5.4 Wireless Earbuds with Deep Bass, HD Calling, Type-C Charging & 18 Hours Playback - Black","MJM-AIRDOPES-PRIME-BLACK","Free Size","1","300.0","300.0","TP4COEU06755370"
"DELIVERED","304558520182126016_1","511488761","2026-07-03","","Bihar","MJM Airdopes Prime TWS Earbuds Bluetooth 5.4 Wireless Earbuds with Deep Bass, HD Calling, Type-C Charging & 18 Hours Playback - Blue","MJM-AIRDOPES-PRIME-BLUE","Free Size","1","300.0","300.0","NP1SLEU06013300"
"CANCELLED","304560093868209536_1","511488761","2026-07-03","","Uttar Pradesh","MJM Airdopes Prime TWS Earbuds Bluetooth 5.4 Wireless Earbuds with Deep Bass, HD Calling, Type-C Charging & 18 Hours Playback - Blue","MJM-AIRDOPES-PRIME-BLUE","Free Size","1","271.0","253.0",
"CANCELLED","304582865864629760_1","511488761","2026-07-03","","Uttar Pradesh","MJM Airdopes Prime TWS Earbuds Bluetooth 5.4 Wireless Earbuds with Deep Bass, HD Calling, Type-C Charging & 18 Hours Playback - Blue","MJM-AIRDOPES-PRIME-BLUE","Free Size","1","300.0","300.0",
"DELIVERED","304584431602659648_1","511488761","2026-07-03","","Bihar","MJM Airdopes Prime TWS Earbuds Bluetooth 5.4 Wireless Earbuds with Deep Bass, HD Calling, Type-C Charging & 18 Hours Playback - Blue","MJM-AIRDOPES-PRIME-BLUE","Free Size","1","271.0","271.0","TP4COEU06755368"
"RTO_COMPLETE","304604443637718528_1","509589936","2026-07-03","","Maharashtra","MJM Waterproof Bike Mobile Holder | 360? Rotatable Motorcycle Phone Mount | Touch Screen Rainproof Mobile Case for Bicycle, Scooter & Bike","MJM-A1BIKEHOLDER-360","Free Size","1","178.0","178.0","TP5SPEU09252793"
"RTO_COMPLETE","304613561698098688_1","511488761","2026-07-03","","Madhya Pradesh","MJM Airdopes Prime TWS Earbuds Bluetooth 5.4 Wireless Earbuds with Deep Bass, HD Calling, Type-C Charging & 18 Hours Playback - Blue","MJM-AIRDOPES-PRIME-BLUE","Free Size","1","300.0","300.0","TP4COEU06755375"
"DELIVERED","304614129952758976_1","509589936","2026-07-03","","Gujarat","MJM Waterproof Bike Mobile Holder | 360? Rotatable Motorcycle Phone Mount | Touch Screen Rainproof Mobile Case for Bicycle, Scooter & Bike","MJM-A1BIKEHOLDER-360","Free Size","1","200.0","182.0","TP4COEU06755364"
"RTO_COMPLETE","304627594820219200_1","509589936","2026-07-03","","Rajasthan","MJM Waterproof Bike Mobile Holder | 360? Rotatable Motorcycle Phone Mount | Touch Screen Rainproof Mobile Case for Bicycle, Scooter & Bike","MJM-A1BIKEHOLDER-360","Free Size","1","178.0","178.0","TP5SPEU09252791"
"CANCELLED","304627948689300992_1","511488761","2026-07-03","","Gujarat","MJM Airdopes Prime TWS Earbuds Bluetooth 5.4 Wireless Earbuds with Deep Bass, HD Calling, Type-C Charging & 18 Hours Playback - Blue","MJM-AIRDOPES-PRIME-BLUE","Free Size","1","271.0","271.0",
"DELIVERED","304629434870782144_1","511487094","2026-07-03","","Odisha","MJM Airdopes Prime TWS Earbuds Bluetooth 5.4 Wireless Earbuds with Deep Bass, HD Calling, Type-C Charging & 18 Hours Playback - Black","MJM-AIRDOPES-PRIME-BLACK","Free Size","1","271.0","271.0","TP4COEU06755369"
"DELIVERED","304632389773440448_1","509589936","2026-07-03","","Karnataka","MJM Waterproof Bike Mobile Holder | 360? Rotatable Motorcycle Phone Mount | Touch Screen Rainproof Mobile Case for Bicycle, Scooter & Bike","MJM-A1BIKEHOLDER-360","Free Size","1","200.0","200.0","TP5SPEU09252790"
"RTO_COMPLETE","304634563106584000_1","509589936","2026-07-03","","Rajasthan","MJM Waterproof Bike Mobile Holder | 360? Rotatable Motorcycle Phone Mount | Touch Screen Rainproof Mobile Case for Bicycle, Scooter & Bike","MJM-A1BIKEHOLDER-360","Free Size","1","200.0","200.0","TP4COEU06755365"
"DELIVERED","304635344795148032_1","508573229","2026-07-03","","West Bengal","MJM Premium Metal Mobile Stand | 360? Rotation Adjustable Phone Holder | Foldable Desk Table Stand for Smartphone & Tablet","L396-STAND","Free Size","1","160.0","143.0","NP1SLEU06013305"
"DELIVERED","304647685906176192_1","509589936","2026-07-03","","Chhattisgarh","MJM Waterproof Bike Mobile Holder | 360? Rotatable Motorcycle Phone Mount | Touch Screen Rainproof Mobile Case for Bicycle, Scooter & Bike","MJM-A1BIKEHOLDER-360","Free Size","1","178.0","160.0","TP5SPEU09252799"
"RTO_COMPLETE","304652884308800960_1","509589936","2026-07-03","","Rajasthan","MJM Waterproof Bike Mobile Holder | 360? Rotatable Motorcycle Phone Mount | Touch Screen Rainproof Mobile Case for Bicycle, Scooter & Bike","MJM-A1BIKEHOLDER-360","Free Size","1","200.0","200.0","TP5SPEU09252795"
"DELIVERED","304655428893661376_1","509589936","2026-07-03","","Gujarat","MJM Waterproof Bike Mobile Holder | 360? Rotatable Motorcycle Phone Mount | Touch Screen Rainproof Mobile Case for Bicycle, Scooter & Bike","MJM-A1BIKEHOLDER-360","Free Size","1","200.0","200.0","TP5SPEU09252800"
"DELIVERED","304658048325393600_1","509589936","2026-07-03","","Gujarat","MJM Waterproof Bike Mobile Holder | 360? Rotatable Motorcycle Phone Mount | Touch Screen Rainproof Mobile Case for Bicycle, Scooter & Bike","MJM-A1BIKEHOLDER-360","Free Size","1","178.0","178.0","TP5SPEU09252792"
"CANCELLED","304658676760065408_1","509589936","2026-07-03","","Odisha","MJM Waterproof Bike Mobile Holder | 360? Rotatable Motorcycle Phone Mount | Touch Screen Rainproof Mobile Case for Bicycle, Scooter & Bike","MJM-A1BIKEHOLDER-360","Free Size","1","200.0","182.0",
"DELIVERED","304659781498073408_1","509589936","2026-07-03","","Maharashtra","MJM Waterproof Bike Mobile Holder | 360? Rotatable Motorcycle Phone Mount | Touch Screen Rainproof Mobile Case for Bicycle, Scooter & Bike","MJM-A1BIKEHOLDER-360","Free Size","1","200.0","182.0","TP5SPEU09252804"
"DELIVERED","304660871345747392_1","511488761","2026-07-03","","Punjab","MJM Airdopes Prime TWS Earbuds Bluetooth 5.4 Wireless Earbuds with Deep Bass, HD Calling, Type-C Charging & 18 Hours Playback - Blue","MJM-AIRDOPES-PRIME-BLUE","Free Size","1","271.0","271.0","TP4COEU06755373"
"RTO_COMPLETE","304667209691962560_1","509589936","2026-07-03","","Maharashtra","MJM Waterproof Bike Mobile Holder | 360? Rotatable Motorcycle Phone Mount | Touch Screen Rainproof Mobile Case for Bicycle, Scooter & Bike","MJM-A1BIKEHOLDER-360","Free Size","1","200.0","200.0","TP5SPEU09252796"
"DELIVERED","304670100119253312_1","511488761","2026-07-03","","Andhra Pradesh","MJM Airdopes Prime TWS Earbuds Bluetooth 5.4 Wireless Earbuds with Deep Bass, HD Calling, Type-C Charging & 18 Hours Playback - Blue","MJM-AIRDOPES-PRIME-BLUE","Free Size","1","300.0","300.0","NP1SLEU06013301"
"CANCELLED","304679105177704512_1","511488761","2026-07-03","","Rajasthan","MJM Airdopes Prime TWS Earbuds Bluetooth 5.4 Wireless Earbuds with Deep Bass, HD Calling, Type-C Charging & 18 Hours Playback - Blue","MJM-AIRDOPES-PRIME-BLUE","Free Size","1","300.0","300.0",
"DELIVERED","304705309138081984_1","511488761","2026-07-04","","Maharashtra","MJM Airdopes Prime TWS Earbuds Bluetooth 5.4 Wireless Earbuds with Deep Bass, HD Calling, Type-C Charging & 18 Hours Playback - Blue","MJM-AIRDOPES-PRIME-BLUE","Free Size","1","271.0","271.0","TP4COEU06755367"
"DELIVERED","304711209495043584_1","511488761","2026-07-04","","Gujarat","MJM Airdopes Prime TWS Earbuds Bluetooth 5.4 Wireless Earbuds with Deep Bass, HD Calling, Type-C Charging & 18 Hours Playback - Blue","MJM-AIRDOPES-PRIME-BLUE","Free Size","1","300.0","300.0","NP1SLEU06013304"
"CANCELLED","304712850323697984_1","511488761","2026-07-04","","Rajasthan","MJM Airdopes Prime TWS Earbuds Bluetooth 5.4 Wireless Earbuds with Deep Bass, HD Calling, Type-C Charging & 18 Hours Playback - Blue","MJM-AIRDOPES-PRIME-BLUE","Free Size","1","300.0","300.0",
"RTO_COMPLETE","304771666662536640_1","509589936","2026-07-04","","Gujarat","MJM Waterproof Bike Mobile Holder | 360? Rotatable Motorcycle Phone Mount | Touch Screen Rainproof Mobile Case for Bicycle, Scooter & Bike","MJM-A1BIKEHOLDER-360","Free Size","1","200.0","200.0","TP5SPEU09252797"
"DELIVERED","304829000933038272_1","508240986","2026-07-04","","Karnataka","MJM 360? Rotating Bike Mobile Holder Stand for Motorcycle, Bicycle & Scooter Handlebar Phone Mount","PT05-BIKESTAND","Free Size","1","170.0","170.0","TP4COEU06755385"
"CANCELLED","304848329061816448_1","511488761","2026-07-04","","Karnataka","MJM Airdopes Prime TWS Earbuds Bluetooth 5.4 Wireless Earbuds with Deep Bass, HD Calling, Type-C Charging & 18 Hours Playback - Blue","MJM-AIRDOPES-PRIME-BLUE","Free Size","1","300.0","300.0",
"CANCELLED","304861293215078592_1","511488761","2026-07-04","","Bihar","MJM Airdopes Prime TWS Earbuds Bluetooth 5.4 Wireless Earbuds with Deep Bass, HD Calling, Type-C Charging & 18 Hours Playback - Blue","MJM-AIRDOPES-PRIME-BLUE","Free Size","1","271.0","271.0",
"CANCELLED","304872890120543744_1","511488761","2026-07-04","","Bihar","MJM Airdopes Prime TWS Earbuds Bluetooth 5.4 Wireless Earbuds with Deep Bass, HD Calling, Type-C Charging & 18 Hours Playback - Blue","MJM-AIRDOPES-PRIME-BLUE","Free Size","1","300.0","300.0",
"DELIVERED","304876841154786752_1","511488761","2026-07-04","","Odisha","MJM Airdopes Prime TWS Earbuds Bluetooth 5.4 Wireless Earbuds with Deep Bass, HD Calling, Type-C Charging & 18 Hours Playback - Blue","MJM-AIRDOPES-PRIME-BLUE","Free Size","1","271.0","271.0","TP4COEU06755374"
"RTO_COMPLETE","304877534340307136_1","511488761","2026-07-04","","Madhya Pradesh","MJM Airdopes Prime TWS Earbuds Bluetooth 5.4 Wireless Earbuds with Deep Bass, HD Calling, Type-C Charging & 18 Hours Playback - Blue","MJM-AIRDOPES-PRIME-BLUE","Free Size","1","300.0","300.0","TP4COEU06755380"
"DELIVERED","304943802253456832_1","509589936","2026-07-04","","Madhya Pradesh","MJM Waterproof Bike Mobile Holder | 360? Rotatable Motorcycle Phone Mount | Touch Screen Rainproof Mobile Case for Bicycle, Scooter & Bike","MJM-A1BIKEHOLDER-360","Free Size","1","200.0","182.0","TP5SPEU09252801"
"DELIVERED","304950034302310592_1","511488761","2026-07-04","","Tamil Nadu","MJM Airdopes Prime TWS Earbuds Bluetooth 5.4 Wireless Earbuds with Deep Bass, HD Calling, Type-C Charging & 18 Hours Playback - Blue","MJM-AIRDOPES-PRIME-BLUE","Free Size","1","300.0","300.0","TP4COEU06755378"
"DELIVERED","304950138970513152_1","506810503","2026-07-04","Ad order","West Bengal","MJM 10 Pieces 10 Watt LED Bulb Combo Pack | Cool White Energy Saving LED Light Bulbs | Long Lasting Bright Light for Home, Office, Shop | B22 Base","10wled-10pcs-leo","Free Size","1","200.0","182.0","TP8RTEU03010778"
"DELIVERED","304962088032672960_1","511488761","2026-07-04","","Tamil Nadu","MJM Airdopes Prime TWS Earbuds Bluetooth 5.4 Wireless Earbuds with Deep Bass, HD Calling, Type-C Charging & 18 Hours Playback - Blue","MJM-AIRDOPES-PRIME-BLUE","Free Size","1","300.0","300.0","NP1SLEU06013306"
"DELIVERED","304962949776791680_1","511488761","2026-07-04","","Uttar Pradesh","MJM Airdopes Prime TWS Earbuds Bluetooth 5.4 Wireless Earbuds with Deep Bass, HD Calling, Type-C Charging & 18 Hours Playback - Blue","MJM-AIRDOPES-PRIME-BLUE","Free Size","1","300.0","300.0","NP1SLEU06013307"
"CANCELLED","304966141628543296_1","511487094","2026-07-04","","West Bengal","MJM Airdopes Prime TWS Earbuds Bluetooth 5.4 Wireless Earbuds with Deep Bass, HD Calling, Type-C Charging & 18 Hours Playback - Black","MJM-AIRDOPES-PRIME-BLACK","Free Size","1","300.0","300.0","TP4COEU06755377"
"RTO_COMPLETE","304966491672572224_1","511488761","2026-07-04","","Gujarat","MJM Airdopes Prime TWS Earbuds Bluetooth 5.4 Wireless Earbuds with Deep Bass, HD Calling, Type-C Charging & 18 Hours Playback - Blue","MJM-AIRDOPES-PRIME-BLUE","Free Size","1","300.0","300.0","NP1SLEU06013308"
"CANCELLED","304969824642413952_1","511488761","2026-07-04","","Karnataka","MJM Airdopes Prime TWS Earbuds Bluetooth 5.4 Wireless Earbuds with Deep Bass, HD Calling, Type-C Charging & 18 Hours Playback - Blue","MJM-AIRDOPES-PRIME-BLUE","Free Size","1","300.0","300.0",
"DELIVERED","304986917622396288_1","509589936","2026-07-04","","Maharashtra","MJM Waterproof Bike Mobile Holder | 360? Rotatable Motorcycle Phone Mount | Touch Screen Rainproof Mobile Case for Bicycle, Scooter & Bike","MJM-A1BIKEHOLDER-360","Free Size","1","200.0","182.0","TP5SPEU09252798"
"CANCELLED","304995550348253376_1","511488761","2026-07-04","","Uttar Pradesh","MJM Airdopes Prime TWS Earbuds Bluetooth 5.4 Wireless Earbuds with Deep Bass, HD Calling, Type-C Charging & 18 Hours Playback - Blue","MJM-AIRDOPES-PRIME-BLUE","Free Size","1","271.0","271.0",
"CANCELLED","304999220040593728_1","511488761","2026-07-04","","Gujarat","MJM Airdopes Prime TWS Earbuds Bluetooth 5.4 Wireless Earbuds with Deep Bass, HD Calling, Type-C Charging & 18 Hours Playback - Blue","MJM-AIRDOPES-PRIME-BLUE","Free Size","1","271.0","271.0",
"RTO_COMPLETE","304999721298679936_1","511488761","2026-07-04","","Maharashtra","MJM Airdopes Prime TWS Earbuds Bluetooth 5.4 Wireless Earbuds with Deep Bass, HD Calling, Type-C Charging & 18 Hours Playback - Blue","MJM-AIRDOPES-PRIME-BLUE","Free Size","1","300.0","300.0","NP1SLEU06013311"
"DELIVERED","305003598562619712_1","511488761","2026-07-04","","Bihar","MJM Airdopes Prime TWS Earbuds Bluetooth 5.4 Wireless Earbuds with Deep Bass, HD Calling, Type-C Charging & 18 Hours Playback - Blue","MJM-AIRDOPES-PRIME-BLUE","Free Size","1","300.0","300.0","TP4COEU06755379"
"RTO_COMPLETE","305007550784985280_1","511488761","2026-07-04","","Telangana","MJM Airdopes Prime TWS Earbuds Bluetooth 5.4 Wireless Earbuds with Deep Bass, HD Calling, Type-C Charging & 18 Hours Playback - Blue","MJM-AIRDOPES-PRIME-BLUE","Free Size","1","300.0","300.0","NP1SLEU06013309"
"DELIVERED","305011834376041920_1","511488761","2026-07-04","","Kerala","MJM Airdopes Prime TWS Earbuds Bluetooth 5.4 Wireless Earbuds with Deep Bass, HD Calling, Type-C Charging & 18 Hours Playback - Blue","MJM-AIRDOPES-PRIME-BLUE","Free Size","1","271.0","253.0","NP1SLEU06013310"
"DELIVERED","305013237504947584_1","509589936","2026-07-04","","Bihar","MJM Waterproof Bike Mobile Holder | 360? Rotatable Motorcycle Phone Mount | Touch Screen Rainproof Mobile Case for Bicycle, Scooter & Bike","MJM-A1BIKEHOLDER-360","Free Size","1","200.0","182.0","TP5SPEU09252802"
"DELIVERED","305150873129334144_1","508240986","2026-07-05","","Gujarat","MJM 360? Rotating Bike Mobile Holder Stand for Motorcycle, Bicycle & Scooter Handlebar Phone Mount","PT05-BIKESTAND","Free Size","1","148.0","130.0","TP4COEU06755386"
"DELIVERED","305156779088140352_1","508573229","2026-07-05","","Andhra Pradesh","MJM Premium Metal Mobile Stand | 360? Rotation Adjustable Phone Holder | Foldable Desk Table Stand for Smartphone & Tablet","L396-STAND","Free Size","1","160.0","143.0","TP4COEU06755384"
"RTO_COMPLETE","305166254666488000_1","511488761","2026-07-05","","Andhra Pradesh","MJM Airdopes Prime TWS Earbuds Bluetooth 5.4 Wireless Earbuds with Deep Bass, HD Calling, Type-C Charging & 18 Hours Playback - Blue","MJM-AIRDOPES-PRIME-BLUE","Free Size","1","271.0","271.0","TP4COEU06755381"
"DELIVERED","305207921468972800_1","511488761","2026-07-05","","Uttar Pradesh","MJM Airdopes Prime TWS Earbuds Bluetooth 5.4 Wireless Earbuds with Deep Bass, HD Calling, Type-C Charging & 18 Hours Playback - Blue","MJM-AIRDOPES-PRIME-BLUE","Free Size","1","300.0","282.0","NP1SLEU06013322"
"CANCELLED","305209433771372864_1","511488761","2026-07-05","","Madhya Pradesh","MJM Airdopes Prime TWS Earbuds Bluetooth 5.4 Wireless Earbuds with Deep Bass, HD Calling, Type-C Charging & 18 Hours Playback - Blue","MJM-AIRDOPES-PRIME-BLUE","Free Size","1","271.0","271.0",
"DELIVERED","305231896916908160_1","511488761","2026-07-05","","Gujarat","MJM Airdopes Prime TWS Earbuds Bluetooth 5.4 Wireless Earbuds with Deep Bass, HD Calling, Type-C Charging & 18 Hours Playback - Blue","MJM-AIRDOPES-PRIME-BLUE","Free Size","1","300.0","300.0","NP1SLEU06013327"
"DELIVERED","305234071398281536_1","511488761","2026-07-05","","Maharashtra","MJM Airdopes Prime TWS Earbuds Bluetooth 5.4 Wireless Earbuds with Deep Bass, HD Calling, Type-C Charging & 18 Hours Playback - Blue","MJM-AIRDOPES-PRIME-BLUE","Free Size","1","271.0","271.0","NP1SLEU06013334"
"DELIVERED","305240656213301376_1","511488761","2026-07-05","","Uttar Pradesh","MJM Airdopes Prime TWS Earbuds Bluetooth 5.4 Wireless Earbuds with Deep Bass, HD Calling, Type-C Charging & 18 Hours Playback - Blue","MJM-AIRDOPES-PRIME-BLUE","Free Size","1","271.0","253.0","NP1SLEU06013331"
"DELIVERED","305250459219336960_1","508573229","2026-07-05","","Bihar","MJM Premium Metal Mobile Stand | 360? Rotation Adjustable Phone Holder | Foldable Desk Table Stand for Smartphone & Tablet","L396-STAND","Free Size","1","141.0","124.0","TP4COEU06755382"
"RTO_COMPLETE","305261236799002688_1","511488761","2026-07-05","","Andhra Pradesh","MJM Airdopes Prime TWS Earbuds Bluetooth 5.4 Wireless Earbuds with Deep Bass, HD Calling, Type-C Charging & 18 Hours Playback - Blue","MJM-AIRDOPES-PRIME-BLUE","Free Size","1","271.0","271.0","NP1SLEU06013333"
"RTO_COMPLETE","305265014330826496_1","511488761","2026-07-05","","Andhra Pradesh","MJM Airdopes Prime TWS Earbuds Bluetooth 5.4 Wireless Earbuds with Deep Bass, HD Calling, Type-C Charging & 18 Hours Playback - Blue","MJM-AIRDOPES-PRIME-BLUE","Free Size","1","300.0","300.0","NP1SLEU06013313"
"DELIVERED","305270365344133440_1","509589936","2026-07-05","","Andhra Pradesh","MJM Waterproof Bike Mobile Holder | 360? Rotatable Motorcycle Phone Mount | Touch Screen Rainproof Mobile Case for Bicycle, Scooter & Bike","MJM-A1BIKEHOLDER-360","Free Size","1","200.0","200.0","TP5SPEU09252806"
"RTO_COMPLETE","305270549792846144_1","511488761","2026-07-05","","Uttar Pradesh","MJM Airdopes Prime TWS Earbuds Bluetooth 5.4 Wireless Earbuds with Deep Bass, HD Calling, Type-C Charging & 18 Hours Playback - Blue","MJM-AIRDOPES-PRIME-BLUE","Free Size","1","300.0","300.0","NP1SLEU06013330"
"DELIVERED","305274164886248640_1","511488761","2026-07-05","","Karnataka","MJM Airdopes Prime TWS Earbuds Bluetooth 5.4 Wireless Earbuds with Deep Bass, HD Calling, Type-C Charging & 18 Hours Playback - Blue","MJM-AIRDOPES-PRIME-BLUE","Free Size","1","300.0","282.0","NP1SLEU06013314"
"CANCELLED","305281943430641088_1","511488761","2026-07-05","","Maharashtra","MJM Airdopes Prime TWS Earbuds Bluetooth 5.4 Wireless Earbuds with Deep Bass, HD Calling, Type-C Charging & 18 Hours Playback - Blue","MJM-AIRDOPES-PRIME-BLUE","Free Size","1","300.0","282.0",
"DELIVERED","305283661648246208_1","511488761","2026-07-05","","Karnataka","MJM Airdopes Prime TWS Earbuds Bluetooth 5.4 Wireless Earbuds with Deep Bass, HD Calling, Type-C Charging & 18 Hours Playback - Blue","MJM-AIRDOPES-PRIME-BLUE","Free Size","1","300.0","300.0","NP1SLEU06013323"
"RTO_COMPLETE","305284834553092224_1","511488761","2026-07-05","","Maharashtra","MJM Airdopes Prime TWS Earbuds Bluetooth 5.4 Wireless Earbuds with Deep Bass, HD Calling, Type-C Charging & 18 Hours Playback - Blue","MJM-AIRDOPES-PRIME-BLUE","Free Size","1","300.0","300.0","NP1SLEU06013319"
"DELIVERED","305291455455698112_1","511488761","2026-07-05","","Maharashtra","MJM Airdopes Prime TWS Earbuds Bluetooth 5.4 Wireless Earbuds with Deep Bass, HD Calling, Type-C Charging & 18 Hours Playback - Blue","MJM-AIRDOPES-PRIME-BLUE","Free Size","1","300.0","282.0","NP1SLEU06013321"
"DELIVERED","305304936832948352_1","509589936","2026-07-05","","Maharashtra","MJM Waterproof Bike Mobile Holder | 360? Rotatable Motorcycle Phone Mount | Touch Screen Rainproof Mobile Case for Bicycle, Scooter & Bike","MJM-A1BIKEHOLDER-360","Free Size","1","200.0","200.0","TP5SPEU09252803"
"CANCELLED","305308594849044672_1","511488761","2026-07-05","","Uttar Pradesh","MJM Airdopes Prime TWS Earbuds Bluetooth 5.4 Wireless Earbuds with Deep Bass, HD Calling, Type-C Charging & 18 Hours Playback - Blue","MJM-AIRDOPES-PRIME-BLUE","Free Size","1","300.0","300.0",
"RTO_COMPLETE","305314839113920832_1","511488761","2026-07-05","","Karnataka","MJM Airdopes Prime TWS Earbuds Bluetooth 5.4 Wireless Earbuds with Deep Bass, HD Calling, Type-C Charging & 18 Hours Playback - Blue","MJM-AIRDOPES-PRIME-BLUE","Free Size","1","300.0","300.0","TAFVEBF20896107"
"DELIVERED","305334843252267136_1","517124724","2026-07-05","","Assam","MJM 100W 3 in 1 Fast Charging Cable with LED Light | Type C + Lightning + Micro USB | Nylon Braided USB Charging Cable | Black | 1 Piece","MJM-3IN1-TDY-BLK-1PC","Free Size","1","129.0","111.0","NP1SLEU06013312"
"DELIVERED","305342838526826688_1","511488761","2026-07-05","","Goa","MJM Airdopes Prime TWS Earbuds Bluetooth 5.4 Wireless Earbuds with Deep Bass, HD Calling, Type-C Charging & 18 Hours Playback - Blue","MJM-AIRDOPES-PRIME-BLUE","Free Size","1","300.0","300.0","NP1SLEU06013324"
"DELIVERED","305352779765504128_1","511488761","2026-07-05","","Haryana","MJM Airdopes Prime TWS Earbuds Bluetooth 5.4 Wireless Earbuds with Deep Bass, HD Calling, Type-C Charging & 18 Hours Playback - Blue","MJM-AIRDOPES-PRIME-BLUE","Free Size","1","271.0","253.0","NP1SLEU06013325"
"DELIVERED","305353170761555456_1","511488761","2026-07-05","","Maharashtra","MJM Airdopes Prime TWS Earbuds Bluetooth 5.4 Wireless Earbuds with Deep Bass, HD Calling, Type-C Charging & 18 Hours Playback - Blue","MJM-AIRDOPES-PRIME-BLUE","Free Size","1","271.0","271.0","NP1SLEU06013328"
"DELIVERED","305356644472395968_1","511488761","2026-07-05","","Maharashtra","MJM Airdopes Prime TWS Earbuds Bluetooth 5.4 Wireless Earbuds with Deep Bass, HD Calling, Type-C Charging & 18 Hours Playback - Blue","MJM-AIRDOPES-PRIME-BLUE","Free Size","1","300.0","300.0","NP1SLEU06013332"
"RTO_COMPLETE","305366178862931712_1","511488761","2026-07-05","","Gujarat","MJM Airdopes Prime TWS Earbuds Bluetooth 5.4 Wireless Earbuds with Deep Bass, HD Calling, Type-C Charging & 18 Hours Playback - Blue","MJM-AIRDOPES-PRIME-BLUE","Free Size","1","300.0","300.0","NP1SLEU06013326"
"DELIVERED","305366854587242560_1","511488761","2026-07-05","","Kerala","MJM Airdopes Prime TWS Earbuds Bluetooth 5.4 Wireless Earbuds with Deep Bass, HD Calling, Type-C Charging & 18 Hours Playback - Blue","MJM-AIRDOPES-PRIME-BLUE","Free Size","1","300.0","282.0","NP1SLEU06013315"
"DELIVERED","305381011962076352_1","509589936","2026-07-05","","Gujarat","MJM Waterproof Bike Mobile Holder | 360? Rotatable Motorcycle Phone Mount | Touch Screen Rainproof Mobile Case for Bicycle, Scooter & Bike","MJM-A1BIKEHOLDER-360","Free Size","1","200.0","182.0","TP5SPEU09252805"
"CANCELLED","305394068954291712_1","511488761","2026-07-05","","Manipur","MJM Airdopes Prime TWS Earbuds Bluetooth 5.4 Wireless Earbuds with Deep Bass, HD Calling, Type-C Charging & 18 Hours Playback - Blue","MJM-AIRDOPES-PRIME-BLUE","Free Size","1","271.0","271.0",
"CANCELLED","305395189799311488_1","511488761","2026-07-05","","Uttar Pradesh","MJM Airdopes Prime TWS Earbuds Bluetooth 5.4 Wireless Earbuds with Deep Bass, HD Calling, Type-C Charging & 18 Hours Playback - Blue","MJM-AIRDOPES-PRIME-BLUE","Free Size","1","300.0","300.0",
"DELIVERED","305399759316196864_1","511487094","2026-07-05","","Delhi","MJM Airdopes Prime TWS Earbuds Bluetooth 5.4 Wireless Earbuds with Deep Bass, HD Calling, Type-C Charging & 18 Hours Playback - Black","MJM-AIRDOPES-PRIME-BLACK","Free Size","1","271.0","253.0","TP4COEU06755383"
"CANCELLED","305403911815721280_1","511488761","2026-07-05","","Uttar Pradesh","MJM Airdopes Prime TWS Earbuds Bluetooth 5.4 Wireless Earbuds with Deep Bass, HD Calling, Type-C Charging & 18 Hours Playback - Blue","MJM-AIRDOPES-PRIME-BLUE","Free Size","1","271.0","271.0",
"DELIVERED","305428930945752256_1","509589936","2026-07-06","","Maharashtra","MJM Waterproof Bike Mobile Holder | 360? Rotatable Motorcycle Phone Mount | Touch Screen Rainproof Mobile Case for Bicycle, Scooter & Bike","MJM-A1BIKEHOLDER-360","Free Size","1","178.0","160.0","TP5SPEU09252817"
"DELIVERED","305445782583391680_1","511488761","2026-07-06","","Maharashtra","MJM Airdopes Prime TWS Earbuds Bluetooth 5.4 Wireless Earbuds with Deep Bass, HD Calling, Type-C Charging & 18 Hours Playback - Blue","MJM-AIRDOPES-PRIME-BLUE","Free Size","1","300.0","282.0","NP1SLEU06013329"
"CANCELLED","305460782559862528_1","511488761","2026-07-06","","Madhya Pradesh","MJM Airdopes Prime TWS Earbuds Bluetooth 5.4 Wireless Earbuds with Deep Bass, HD Calling, Type-C Charging & 18 Hours Playback - Blue","MJM-AIRDOPES-PRIME-BLUE","Free Size","1","271.0","271.0",
"DELIVERED","305545191142054080_1","511488761","2026-07-06","","Rajasthan","MJM Airdopes Prime TWS Earbuds Bluetooth 5.4 Wireless Earbuds with Deep Bass, HD Calling, Type-C Charging & 18 Hours Playback - Blue","MJM-AIRDOPES-PRIME-BLUE","Free Size","1","300.0","300.0","NP1SLEU06013317"
"RTO_COMPLETE","305550068923703040_1","511488761","2026-07-06","","Maharashtra","MJM Airdopes Prime TWS Earbuds Bluetooth 5.4 Wireless Earbuds with Deep Bass, HD Calling, Type-C Charging & 18 Hours Playback - Blue","MJM-AIRDOPES-PRIME-BLUE","Free Size","1","300.0","300.0","TAFVEBF20896110"
"DELIVERED","305554560624506304_1","511488761","2026-07-06","","Uttar Pradesh","MJM Airdopes Prime TWS Earbuds Bluetooth 5.4 Wireless Earbuds with Deep Bass, HD Calling, Type-C Charging & 18 Hours Playback - Blue","MJM-AIRDOPES-PRIME-BLUE","Free Size","1","300.0","300.0","NP1SLEU06013316"
"DELIVERED","305561674990690048_1","511488761","2026-07-06","","Andhra Pradesh","MJM Airdopes Prime TWS Earbuds Bluetooth 5.4 Wireless Earbuds with Deep Bass, HD Calling, Type-C Charging & 18 Hours Playback - Blue","MJM-AIRDOPES-PRIME-BLUE","Free Size","1","300.0","300.0","TAFVEBF20896106"
"DELIVERED","305572798569913856_1","511488761","2026-07-06","","Goa","MJM Airdopes Prime TWS Earbuds Bluetooth 5.4 Wireless Earbuds with Deep Bass, HD Calling, Type-C Charging & 18 Hours Playback - Blue","MJM-AIRDOPES-PRIME-BLUE","Free Size","1","271.0","271.0","TAFVEBF20896105"
"CANCELLED","305590270987759936_1","511487094","2026-07-06","","Maharashtra","MJM Airdopes Prime TWS Earbuds Bluetooth 5.4 Wireless Earbuds with Deep Bass, HD Calling, Type-C Charging & 18 Hours Playback - Black","MJM-AIRDOPES-PRIME-BLACK","Free Size","1","271.0","271.0",
"RTO_COMPLETE","305604532833558272_1","511488761","2026-07-06","","Himachal Pradesh","MJM Airdopes Prime TWS Earbuds Bluetooth 5.4 Wireless Earbuds with Deep Bass, HD Calling, Type-C Charging & 18 Hours Playback - Blue","MJM-AIRDOPES-PRIME-BLUE","Free Size","1","300.0","300.0","TAFVEBF20896103"
"CANCELLED","305608806306011200_1","512895768","2026-07-06","","Bihar","MJM 3 In 1 Black Fast Charging Cable 120W Super Charge USB Cable with Type C, Micro USB & 8 Pin Connector 1 Meter","MJM-3IN1-CABLE-120W-1M-BLACK-01","Free Size","1","101.0","101.0",
"DELIVERED","305623911475304640_1","509589936","2026-07-06","","Haryana","MJM Waterproof Bike Mobile Holder | 360? Rotatable Motorcycle Phone Mount | Touch Screen Rainproof Mobile Case for Bicycle, Scooter & Bike","MJM-A1BIKEHOLDER-360","Free Size","1","200.0","182.0","TP5SPEU09252813"
"RTO_COMPLETE","305646141999225024_1","511488761","2026-07-06","","Maharashtra","MJM Airdopes Prime TWS Earbuds Bluetooth 5.4 Wireless Earbuds with Deep Bass, HD Calling, Type-C Charging & 18 Hours Playback - Blue","MJM-AIRDOPES-PRIME-BLUE","Free Size","1","300.0","300.0","NP1SLEU06013320"
"DELIVERED","305655302974873088_1","512895768","2026-07-06","","Uttar Pradesh","MJM 3 In 1 Black Fast Charging Cable 120W Super Charge USB Cable with Type C, Micro USB & 8 Pin Connector 1 Meter","MJM-3IN1-CABLE-120W-1M-BLACK-01","Free Size","1","120.0","102.0","NP1SLEU06013336"
"RTO_COMPLETE","305662282453080256_1","511488761","2026-07-06","","Jammu & Kashmir","MJM Airdopes Prime TWS Earbuds Bluetooth 5.4 Wireless Earbuds with Deep Bass, HD Calling, Type-C Charging & 18 Hours Playback - Blue","MJM-AIRDOPES-PRIME-BLUE","Free Size","1","300.0","300.0","NP1SLEU06013318"
"DELIVERED","305666581001024960_1","509589936","2026-07-06","","Madhya Pradesh","MJM Waterproof Bike Mobile Holder | 360? Rotatable Motorcycle Phone Mount | Touch Screen Rainproof Mobile Case for Bicycle, Scooter & Bike","MJM-A1BIKEHOLDER-360","Free Size","1","200.0","182.0","TP5SPEU09252809"
"DELIVERED","305677333160139968_1","511488761","2026-07-06","","Karnataka","MJM Airdopes Prime TWS Earbuds Bluetooth 5.4 Wireless Earbuds with Deep Bass, HD Calling, Type-C Charging & 18 Hours Playback - Blue","MJM-AIRDOPES-PRIME-BLUE","Free Size","1","300.0","300.0","TAFVEBF20896104"
"DELIVERED","305679198780274112_1","511488761","2026-07-06","","Bihar","MJM Airdopes Prime TWS Earbuds Bluetooth 5.4 Wireless Earbuds with Deep Bass, HD Calling, Type-C Charging & 18 Hours Playback - Blue","MJM-AIRDOPES-PRIME-BLUE","Free Size","1","271.0","271.0","TAFVEBF20896111"
"CANCELLED","305703172570816256_1","511491324","2026-07-06","","Rajasthan","MJM Airdopes Prime TWS Earbuds Bluetooth 5.4 Wireless Earbuds with Deep Bass, HD Calling, Type-C Charging & 18 Hours Playback - Green","MJM-AIRDOPES-PRIME-GREEN","Free Size","1","271.0","271.0",
"DOOR_STEP_EXCHANGED","304658048325393600_1","509589936","2026-07-06","","Gujarat","MJM Waterproof Bike Mobile Holder | 360? Rotatable Motorcycle Phone Mount | Touch Screen Rainproof Mobile Case for Bicycle, Scooter & Bike","MJM-A1BIKEHOLDER-360","Free Size","1","178.0","178.0","TP0SQEU02153592"
"CANCELLED","305724742781378048_1","511488761","2026-07-06","","Maharashtra","MJM Airdopes Prime TWS Earbuds Bluetooth 5.4 Wireless Earbuds with Deep Bass, HD Calling, Type-C Charging & 18 Hours Playback - Blue","MJM-AIRDOPES-PRIME-BLUE","Free Size","1","300.0","300.0",
"CANCELLED","305725046255924672_1","511488761","2026-07-06","","Maharashtra","MJM Airdopes Prime TWS Earbuds Bluetooth 5.4 Wireless Earbuds with Deep Bass, HD Calling, Type-C Charging & 18 Hours Playback - Blue","MJM-AIRDOPES-PRIME-BLUE","Free Size","1","300.0","300.0",
"DELIVERED","305734475479457536_1","508573229","2026-07-06","","Chhattisgarh","MJM Premium Metal Mobile Stand | 360? Rotation Adjustable Phone Holder | Foldable Desk Table Stand for Smartphone & Tablet","L396-STAND","Free Size","1","160.0","143.0","TAFVEBF20896112"
"DELIVERED","305739005822705408_1","485574721","2026-07-06","","Uttar Pradesh","MJM Interactive Dancing Cactus Toy ? Talking, Mimicking & Singing Plush Toy with LED Lights and USB Charging for Kids","Dancing-Cactus-01","Free Size","1","320.0","320.0","TP8RTEU03010777"
"DELIVERED","305875264105420992_1","511491324","2026-07-07","","Rajasthan","MJM Airdopes Prime TWS Earbuds Bluetooth 5.4 Wireless Earbuds with Deep Bass, HD Calling, Type-C Charging & 18 Hours Playback - Green","MJM-AIRDOPES-PRIME-GREEN","Free Size","1","271.0","253.0","TAFVEBF20896101"
"CANCELLED","305912619461189376_1","508876433","2026-07-07","","Karnataka","MJM Crystal Pro Wireless Bluetooth Earbuds TWS | 18H Playtime | Bluetooth 5.4 | Type-C Charging | IPX4 Water Resistant Earphones","MJM-CP18-BTB54","Free Size","1","330.0","330.0","TAFVEBF20896108"
"DELIVERED","305953101546068160_1","509589936","2026-07-07","","Gujarat","MJM Waterproof Bike Mobile Holder | 360? Rotatable Motorcycle Phone Mount | Touch Screen Rainproof Mobile Case for Bicycle, Scooter & Bike","MJM-A1BIKEHOLDER-360","Free Size","1","178.0","178.0","TP5SPEU09252808"
"RTO_COMPLETE","305953148244598272_1","509589936","2026-07-07","","Gujarat","MJM Waterproof Bike Mobile Holder | 360? Rotatable Motorcycle Phone Mount | Touch Screen Rainproof Mobile Case for Bicycle, Scooter & Bike","MJM-A1BIKEHOLDER-360","Free Size","1","200.0","200.0","TP5SPEU09252814"
"DELIVERED","306036987952373248_1","508240986","2026-07-07","","Uttar Pradesh","MJM 360? Rotating Bike Mobile Holder Stand for Motorcycle, Bicycle & Scooter Handlebar Phone Mount","PT05-BIKESTAND","Free Size","1","170.0","170.0","TAFVEBF20896116"
"RTO_COMPLETE","306054875472142080_1","509589936","2026-07-07","","Maharashtra","MJM Waterproof Bike Mobile Holder | 360? Rotatable Motorcycle Phone Mount | Touch Screen Rainproof Mobile Case for Bicycle, Scooter & Bike","MJM-A1BIKEHOLDER-360","Free Size","1","200.0","200.0","TP5SPEU09252818"
"DELIVERED","306145618186367296_1","511491324","2026-07-08","","Tamil Nadu","MJM Airdopes Prime TWS Earbuds Bluetooth 5.4 Wireless Earbuds with Deep Bass, HD Calling, Type-C Charging & 18 Hours Playback - Green","MJM-AIRDOPES-PRIME-GREEN","Free Size","1","300.0","300.0","TAFVEBF20896109"
"DELIVERED","306147807957997696_1","505105292","2026-07-08","","Delhi","MJM Waterproof Mobile Pouch Combo Pack of 8 | Universal Touch Screen Phone Cover with Neck Strap, Triple Lock Waterproof Case for Swimming, Travel, Beach & Rain Protection","3lockrainpouch-8pc","Free Size","1","127.0","109.0","TAFVEBF20896115"
"DELIVERED","306150769919991552_1","505105292","2026-07-08","","Delhi","MJM Waterproof Mobile Pouch Combo Pack of 8 | Universal Touch Screen Phone Cover with Neck Strap, Triple Lock Waterproof Case for Swimming, Travel, Beach & Rain Protection","3lockrainpouch-8pc","Free Size","1","127.0","127.0","TAFVEBF20896114"
"DELIVERED","306243737645379904_1","509589936","2026-07-08","","Uttarakhand","MJM Waterproof Bike Mobile Holder | 360? Rotatable Motorcycle Phone Mount | Touch Screen Rainproof Mobile Case for Bicycle, Scooter & Bike","MJM-A1BIKEHOLDER-360","Free Size","1","200.0","182.0","TP5SPEU09252810"
"RTO_COMPLETE","306275304442896128_1","509589936","2026-07-08","","Rajasthan","MJM Waterproof Bike Mobile Holder | 360? Rotatable Motorcycle Phone Mount | Touch Screen Rainproof Mobile Case for Bicycle, Scooter & Bike","MJM-A1BIKEHOLDER-360","Free Size","1","200.0","200.0","TP5SPEU09252811"
"CANCELLED","306287404397523264_1","512895768","2026-07-08","","Maharashtra","MJM 3 In 1 Black Fast Charging Cable 120W Super Charge USB Cable with Type C, Micro USB & 8 Pin Connector 1 Meter","MJM-3IN1-CABLE-120W-1M-BLACK-01","Free Size","1","120.0","120.0",
"DELIVERED","306305333407194880_1","511487094","2026-07-08","","Gujarat","MJM Airdopes Prime TWS Earbuds Bluetooth 5.4 Wireless Earbuds with Deep Bass, HD Calling, Type-C Charging & 18 Hours Playback - Black","MJM-AIRDOPES-PRIME-BLACK","Free Size","1","300.0","300.0","TP4COEU06755387"
"DELIVERED","306354333347551424_1","508240986","2026-07-08","","Bihar","MJM 360? Rotating Bike Mobile Holder Stand for Motorcycle, Bicycle & Scooter Handlebar Phone Mount","PT05-BIKESTAND","Free Size","1","148.0","148.0","TAFVEBF20896118"
"DELIVERED","306371545839378176_1","509589936","2026-07-08","","Maharashtra","MJM Waterproof Bike Mobile Holder | 360? Rotatable Motorcycle Phone Mount | Touch Screen Rainproof Mobile Case for Bicycle, Scooter & Bike","MJM-A1BIKEHOLDER-360","Free Size","1","200.0","182.0","TP5SPEU09252835"
"RTO_COMPLETE","306382679049574592_1","511487094","2026-07-08","","Andhra Pradesh","MJM Airdopes Prime TWS Earbuds Bluetooth 5.4 Wireless Earbuds with Deep Bass, HD Calling, Type-C Charging & 18 Hours Playback - Black","MJM-AIRDOPES-PRIME-BLACK","Free Size","1","271.0","271.0","TP4COEU06755388"
"DELIVERED","306402629973122816_1","509589936","2026-07-08","","Uttarakhand","MJM Waterproof Bike Mobile Holder | 360? Rotatable Motorcycle Phone Mount | Touch Screen Rainproof Mobile Case for Bicycle, Scooter & Bike","MJM-A1BIKEHOLDER-360","Free Size","1","178.0","160.0","TP5SPEU09252807"
"CANCELLED","306405490144473408_1","509589936","2026-07-08","","Jharkhand","MJM Waterproof Bike Mobile Holder | 360? Rotatable Motorcycle Phone Mount | Touch Screen Rainproof Mobile Case for Bicycle, Scooter & Bike","MJM-A1BIKEHOLDER-360","Free Size","1","178.0","178.0",
"DELIVERED","306434609020999872_1","508240986","2026-07-08","","Karnataka","MJM 360? Rotating Bike Mobile Holder Stand for Motorcycle, Bicycle & Scooter Handlebar Phone Mount","PT05-BIKESTAND","Free Size","1","148.0","148.0","TAFVEBF20896117"
"DELIVERED","306442078421458688_1","511491324","2026-07-08","","Telangana","MJM Airdopes Prime TWS Earbuds Bluetooth 5.4 Wireless Earbuds with Deep Bass, HD Calling, Type-C Charging & 18 Hours Playback - Green","MJM-AIRDOPES-PRIME-GREEN","Free Size","1","300.0","300.0","TAFVEBF20896102"
"DELIVERED","306461885187387712_1","511491324","2026-07-08","","Assam","MJM Airdopes Prime TWS Earbuds Bluetooth 5.4 Wireless Earbuds with Deep Bass, HD Calling, Type-C Charging & 18 Hours Playback - Green","MJM-AIRDOPES-PRIME-GREEN","Free Size","1","271.0","271.0","NP1SLEU06013335"
"DELIVERED","306477652143052992_1","509589936","2026-07-08","","Assam","MJM Waterproof Bike Mobile Holder | 360? Rotatable Motorcycle Phone Mount | Touch Screen Rainproof Mobile Case for Bicycle, Scooter & Bike","MJM-A1BIKEHOLDER-360","Free Size","1","178.0","160.0","TP5SPEU09252815"
"DELIVERED","306638242111412352_1","509589936","2026-07-09","","Delhi","MJM Waterproof Bike Mobile Holder | 360? Rotatable Motorcycle Phone Mount | Touch Screen Rainproof Mobile Case for Bicycle, Scooter & Bike","MJM-A1BIKEHOLDER-360","Free Size","1","200.0","200.0","TP5SPEU09252812"
"DELIVERED","306651577480540480_1","505105292","2026-07-09","","Delhi","MJM Waterproof Mobile Pouch Combo Pack of 8 | Universal Touch Screen Phone Cover with Neck Strap, Triple Lock Waterproof Case for Swimming, Travel, Beach & Rain Protection","3lockrainpouch-8pc","Free Size","1","127.0","109.0","TAFVEBF20896132"
"DELIVERED","306656392067576128_1","505105292","2026-07-09","","Gujarat","MJM Waterproof Mobile Pouch Combo Pack of 8 | Universal Touch Screen Phone Cover with Neck Strap, Triple Lock Waterproof Case for Swimming, Travel, Beach & Rain Protection","3lockrainpouch-8pc","Free Size","1","146.0","146.0","TAFVEBF20896113"
"RTO_COMPLETE","306665358956896000_1","505105292","2026-07-09","","Delhi","MJM Waterproof Mobile Pouch Combo Pack of 8 | Universal Touch Screen Phone Cover with Neck Strap, Triple Lock Waterproof Case for Swimming, Travel, Beach & Rain Protection","3lockrainpouch-8pc","Free Size","1","127.0","127.0","TAFVEBF20896133"
"DELIVERED","306667493728262336_1","509589936","2026-07-09","","Jharkhand","MJM Waterproof Bike Mobile Holder | 360? Rotatable Motorcycle Phone Mount | Touch Screen Rainproof Mobile Case for Bicycle, Scooter & Bike","MJM-A1BIKEHOLDER-360","Free Size","1","200.0","182.0","TP5SPEU09252821"
"CANCELLED","306681351339579584_1","509589936","2026-07-09","","Tamil Nadu","MJM Waterproof Bike Mobile Holder | 360? Rotatable Motorcycle Phone Mount | Touch Screen Rainproof Mobile Case for Bicycle, Scooter & Bike","MJM-A1BIKEHOLDER-360","Free Size","1","178.0","178.0",
"DELIVERED","306698532617199104_1","505105292","2026-07-09","","Delhi","MJM Waterproof Mobile Pouch Combo Pack of 8 | Universal Touch Screen Phone Cover with Neck Strap, Triple Lock Waterproof Case for Swimming, Travel, Beach & Rain Protection","3lockrainpouch-8pc","Free Size","1","146.0","146.0","TAFVEBF20896134"
"RTO_COMPLETE","306704666330470592_1","509589936","2026-07-09","","Maharashtra","MJM Waterproof Bike Mobile Holder | 360? Rotatable Motorcycle Phone Mount | Touch Screen Rainproof Mobile Case for Bicycle, Scooter & Bike","MJM-A1BIKEHOLDER-360","Free Size","1","200.0","200.0","TP5SPEU09252824"
"DELIVERED","306705001343229120_1","509589936","2026-07-09","","Maharashtra","MJM Waterproof Bike Mobile Holder | 360? Rotatable Motorcycle Phone Mount | Touch Screen Rainproof Mobile Case for Bicycle, Scooter & Bike","MJM-A1BIKEHOLDER-360","Free Size","1","200.0","182.0","TP5SPEU09252837"
"DELIVERED","306718418949970112_1","509589936","2026-07-09","","Andhra Pradesh","MJM Waterproof Bike Mobile Holder | 360? Rotatable Motorcycle Phone Mount | Touch Screen Rainproof Mobile Case for Bicycle, Scooter & Bike","MJM-A1BIKEHOLDER-360","Free Size","1","200.0","200.0","TP5SPEU09252816"
"DELIVERED","306749400466988225_1","511487094","2026-07-09","","Punjab","MJM Airdopes Prime TWS Earbuds Bluetooth 5.4 Wireless Earbuds with Deep Bass, HD Calling, Type-C Charging & 18 Hours Playback - Black","MJM-AIRDOPES-PRIME-BLACK","Free Size","1","300.0","300.0","TAFVEBF20896129"
"DELIVERED","306754735541180544_1","509589936","2026-07-09","","Delhi","MJM Waterproof Bike Mobile Holder | 360? Rotatable Motorcycle Phone Mount | Touch Screen Rainproof Mobile Case for Bicycle, Scooter & Bike","MJM-A1BIKEHOLDER-360","Free Size","1","200.0","182.0","TP5SPEU09252820"
"DELIVERED","306772038285729536_1","509589936","2026-07-09","","Uttar Pradesh","MJM Waterproof Bike Mobile Holder | 360? Rotatable Motorcycle Phone Mount | Touch Screen Rainproof Mobile Case for Bicycle, Scooter & Bike","MJM-A1BIKEHOLDER-360","Free Size","1","200.0","182.0","TP5SPEU09252828"
"DELIVERED","306774060972056320_1","509589936","2026-07-09","","Rajasthan","MJM Waterproof Bike Mobile Holder | 360? Rotatable Motorcycle Phone Mount | Touch Screen Rainproof Mobile Case for Bicycle, Scooter & Bike","MJM-A1BIKEHOLDER-360","Free Size","1","178.0","160.0","TP5SPEU09252825"
"DELIVERED","306779076562678080_1","509589936","2026-07-09","","Karnataka","MJM Waterproof Bike Mobile Holder | 360? Rotatable Motorcycle Phone Mount | Touch Screen Rainproof Mobile Case for Bicycle, Scooter & Bike","MJM-A1BIKEHOLDER-360","Free Size","1","200.0","182.0","TP5SPEU09252827"
"DELIVERED","306798859651653120_1","509589936","2026-07-09","","Kerala","MJM Waterproof Bike Mobile Holder | 360? Rotatable Motorcycle Phone Mount | Touch Screen Rainproof Mobile Case for Bicycle, Scooter & Bike","MJM-A1BIKEHOLDER-360","Free Size","1","178.0","178.0","TP5SPEU09252826"
"RTO_COMPLETE","306807503635208320_1","509589936","2026-07-09","","Haryana","MJM Waterproof Bike Mobile Holder | 360? Rotatable Motorcycle Phone Mount | Touch Screen Rainproof Mobile Case for Bicycle, Scooter & Bike","MJM-A1BIKEHOLDER-360","Free Size","1","178.0","178.0","TP5SPEU09252833"
"DELIVERED","306814081779964096_1","509589936","2026-07-09","","Uttar Pradesh","MJM Waterproof Bike Mobile Holder | 360? Rotatable Motorcycle Phone Mount | Touch Screen Rainproof Mobile Case for Bicycle, Scooter & Bike","MJM-A1BIKEHOLDER-360","Free Size","1","200.0","200.0","TP5SPEU09252831"
"DELIVERED","306821771235236032_1","508573229","2026-07-09","","Telangana","MJM Premium Metal Mobile Stand | 360? Rotation Adjustable Phone Holder | Foldable Desk Table Stand for Smartphone & Tablet","L396-STAND","Free Size","1","141.0","124.0","TAFVEBF20896120"
"DELIVERED","306825473191976128_1","511487094","2026-07-09","","Karnataka","MJM Airdopes Prime TWS Earbuds Bluetooth 5.4 Wireless Earbuds with Deep Bass, HD Calling, Type-C Charging & 18 Hours Playback - Black","MJM-AIRDOPES-PRIME-BLACK","Free Size","1","271.0","271.0","TAFVEBF20896130"
"RTO_COMPLETE","306825900263282880_1","511491324","2026-07-09","","Telangana","MJM Airdopes Prime TWS Earbuds Bluetooth 5.4 Wireless Earbuds with Deep Bass, HD Calling, Type-C Charging & 18 Hours Playback - Green","MJM-AIRDOPES-PRIME-GREEN","Free Size","1","300.0","300.0","TAFVEBF20896121"
"DELIVERED","306828514442092032_1","509589936","2026-07-09","","Karnataka","MJM Waterproof Bike Mobile Holder | 360? Rotatable Motorcycle Phone Mount | Touch Screen Rainproof Mobile Case for Bicycle, Scooter & Bike","MJM-A1BIKEHOLDER-360","Free Size","1","178.0","160.0","TP5SPEU09252829"
"DELIVERED","306828505987225792_1","508573229","2026-07-09","","Odisha","MJM Premium Metal Mobile Stand | 360? Rotation Adjustable Phone Holder | Foldable Desk Table Stand for Smartphone & Tablet","L396-STAND","Free Size","1","160.0","143.0","TAFVEBF20896119"
"DELIVERED","306829350039723523_1","509589936","2026-07-09","","Karnataka","MJM Waterproof Bike Mobile Holder | 360? Rotatable Motorcycle Phone Mount | Touch Screen Rainproof Mobile Case for Bicycle, Scooter & Bike","MJM-A1BIKEHOLDER-360","Free Size","1","200.0","182.0","TP5SPEU09252830"
"CANCELLED","306836342904987136_1","505105292","2026-07-09","","Bihar","MJM Waterproof Mobile Pouch Combo Pack of 8 | Universal Touch Screen Phone Cover with Neck Strap, Triple Lock Waterproof Case for Swimming, Travel, Beach & Rain Protection","3lockrainpouch-8pc","Free Size","1","127.0","127.0",
"CANCELLED","306843857982070272_1","511487094","2026-07-09","","Haryana","MJM Airdopes Prime TWS Earbuds Bluetooth 5.4 Wireless Earbuds with Deep Bass, HD Calling, Type-C Charging & 18 Hours Playback - Black","MJM-AIRDOPES-PRIME-BLACK","Free Size","1","300.0","300.0",
"CANCELLED","306845630996028608_1","509589936","2026-07-09","","Uttar Pradesh","MJM Waterproof Bike Mobile Holder | 360? Rotatable Motorcycle Phone Mount | Touch Screen Rainproof Mobile Case for Bicycle, Scooter & Bike","MJM-A1BIKEHOLDER-360","Free Size","1","200.0","200.0",
"DELIVERED","306852105443352064_1","509589936","2026-07-09","","Tamil Nadu","MJM Waterproof Bike Mobile Holder | 360? Rotatable Motorcycle Phone Mount | Touch Screen Rainproof Mobile Case for Bicycle, Scooter & Bike","MJM-A1BIKEHOLDER-360","Free Size","1","200.0","182.0","TP5SPEU09252834"
"DELIVERED","306871361368348800_1","511488761","2026-07-10","","Uttar Pradesh","MJM Airdopes Prime TWS Earbuds Bluetooth 5.4 Wireless Earbuds with Deep Bass, HD Calling, Type-C Charging & 18 Hours Playback - Blue","MJM-AIRDOPES-PRIME-BLUE","Free Size","1","300.0","300.0","TAFVEBF20896127"
"RTO_COMPLETE","306878125829397696_1","509589936","2026-07-10","","West Bengal","MJM Waterproof Bike Mobile Holder | 360? Rotatable Motorcycle Phone Mount | Touch Screen Rainproof Mobile Case for Bicycle, Scooter & Bike","MJM-A1BIKEHOLDER-360","Free Size","1","178.0","178.0","TP5SPEU09252819"
"CANCELLED","306907074884476672_1","511488761","2026-07-10","","Madhya Pradesh","MJM Airdopes Prime TWS Earbuds Bluetooth 5.4 Wireless Earbuds with Deep Bass, HD Calling, Type-C Charging & 18 Hours Playback - Blue","MJM-AIRDOPES-PRIME-BLUE","Free Size","1","300.0","300.0","TAFVEBF20896125"
"DELIVERED","306930631077207808_1","509589936","2026-07-10","","Haryana","MJM Waterproof Bike Mobile Holder | 360? Rotatable Motorcycle Phone Mount | Touch Screen Rainproof Mobile Case for Bicycle, Scooter & Bike","MJM-A1BIKEHOLDER-360","Free Size","1","178.0","160.0","TP5SPEU09252823"
"DELIVERED","306954038233538048_1","509589936","2026-07-10","","Rajasthan","MJM Waterproof Bike Mobile Holder | 360? Rotatable Motorcycle Phone Mount | Touch Screen Rainproof Mobile Case for Bicycle, Scooter & Bike","MJM-A1BIKEHOLDER-360","Free Size","1","200.0","182.0","TP5SPEU09252822"
"DELIVERED","306967939336444096_1","511488761","2026-07-10","","Punjab","MJM Airdopes Prime TWS Earbuds Bluetooth 5.4 Wireless Earbuds with Deep Bass, HD Calling, Type-C Charging & 18 Hours Playback - Blue","MJM-AIRDOPES-PRIME-BLUE","Free Size","1","271.0","271.0","TAFVEBF20896122"
"CANCELLED","306989442820020416_1","511488761","2026-07-10","","Karnataka","MJM Airdopes Prime TWS Earbuds Bluetooth 5.4 Wireless Earbuds with Deep Bass, HD Calling, Type-C Charging & 18 Hours Playback - Blue","MJM-AIRDOPES-PRIME-BLUE","Free Size","1","271.0","271.0",
"DELIVERED","306993379195607168_1","512895768","2026-07-10","","Maharashtra","MJM 3 In 1 Black Fast Charging Cable 120W Super Charge USB Cable with Type C, Micro USB & 8 Pin Connector 1 Meter","MJM-3IN1-CABLE-120W-1M-BLACK-01","Free Size","1","101.0","101.0","NP1SLEU06013337"
"DELIVERED","306999579034263040_1","511488761","2026-07-10","","Uttar Pradesh","MJM Airdopes Prime TWS Earbuds Bluetooth 5.4 Wireless Earbuds with Deep Bass, HD Calling, Type-C Charging & 18 Hours Playback - Blue","MJM-AIRDOPES-PRIME-BLUE","Free Size","1","271.0","271.0","TAFVEBF20896124"
"RTO_COMPLETE","307001368064454976_1","511488761","2026-07-10","","Uttar Pradesh","MJM Airdopes Prime TWS Earbuds Bluetooth 5.4 Wireless Earbuds with Deep Bass, HD Calling, Type-C Charging & 18 Hours Playback - Blue","MJM-AIRDOPES-PRIME-BLUE","Free Size","1","271.0","271.0","TAFVEBF20896123"
"CANCELLED","307007991487078144_1","511488761","2026-07-10","","Bihar","MJM Airdopes Prime TWS Earbuds Bluetooth 5.4 Wireless Earbuds with Deep Bass, HD Calling, Type-C Charging & 18 Hours Playback - Blue","MJM-AIRDOPES-PRIME-BLUE","Free Size","1","271.0","271.0",
"DELIVERED","307013449111248640_1","511488761","2026-07-10","","Andhra Pradesh","MJM Airdopes Prime TWS Earbuds Bluetooth 5.4 Wireless Earbuds with Deep Bass, HD Calling, Type-C Charging & 18 Hours Playback - Blue","MJM-AIRDOPES-PRIME-BLUE","Free Size","1","300.0","282.0","TAFVEBF20896126"
"DELIVERED","307013698916571264_1","511488761","2026-07-10","","Telangana","MJM Airdopes Prime TWS Earbuds Bluetooth 5.4 Wireless Earbuds with Deep Bass, HD Calling, Type-C Charging & 18 Hours Playback - Blue","MJM-AIRDOPES-PRIME-BLUE","Free Size","1","300.0","300.0","TAFVEBF20896128"
"DELIVERED","307015817413384320_1","511491324","2026-07-10","","Bihar","MJM Airdopes Prime TWS Earbuds Bluetooth 5.4 Wireless Earbuds with Deep Bass, HD Calling, Type-C Charging & 18 Hours Playback - Green","MJM-AIRDOPES-PRIME-GREEN","Free Size","1","271.0","271.0","TAFVEBF20896142"
"CANCELLED","307016201879101184_1","508876433","2026-07-10","","Punjab","MJM Crystal Pro Wireless Bluetooth Earbuds TWS | 18H Playtime | Bluetooth 5.4 | Type-C Charging | IPX4 Water Resistant Earphones","MJM-CP18-BTB54","Free Size","1","301.0","301.0",
"DELIVERED","307016271093308928_1","511488761","2026-07-10","","Madhya Pradesh","MJM Airdopes Prime TWS Earbuds Bluetooth 5.4 Wireless Earbuds with Deep Bass, HD Calling, Type-C Charging & 18 Hours Playback - Blue","MJM-AIRDOPES-PRIME-BLUE","Free Size","1","271.0","271.0","TAFVEBF20896125"
"CANCELLED","307021352375164416_1","511488761","2026-07-10","","Delhi","MJM Airdopes Prime TWS Earbuds Bluetooth 5.4 Wireless Earbuds with Deep Bass, HD Calling, Type-C Charging & 18 Hours Playback - Blue","MJM-AIRDOPES-PRIME-BLUE","Free Size","1","271.0","271.0",
"RTO_COMPLETE","307021445258026496_1","511488761","2026-07-10","","Maharashtra","MJM Airdopes Prime TWS Earbuds Bluetooth 5.4 Wireless Earbuds with Deep Bass, HD Calling, Type-C Charging & 18 Hours Playback - Blue","MJM-AIRDOPES-PRIME-BLUE","Free Size","1","271.0","271.0","TAFVEBF20896135"
"DELIVERED","307029744746616960_1","511488761","2026-07-10","","Odisha","MJM Airdopes Prime TWS Earbuds Bluetooth 5.4 Wireless Earbuds with Deep Bass, HD Calling, Type-C Charging & 18 Hours Playback - Blue","MJM-AIRDOPES-PRIME-BLUE","Free Size","1","300.0","300.0","TAFVEBF20896137"
"DELIVERED","307037073886009472_1","511488761","2026-07-10","","Uttar Pradesh","MJM Airdopes Prime TWS Earbuds Bluetooth 5.4 Wireless Earbuds with Deep Bass, HD Calling, Type-C Charging & 18 Hours Playback - Blue","MJM-AIRDOPES-PRIME-BLUE","Free Size","1","300.0","300.0","TP4COEU06755380"
"RTO_COMPLETE","307051715751517952_1","509589936","2026-07-10","","Uttar Pradesh","MJM Waterproof Bike Mobile Holder | 360? Rotatable Motorcycle Phone Mount | Touch Screen Rainproof Mobile Case for Bicycle, Scooter & Bike","MJM-A1BIKEHOLDER-360","Free Size","1","178.0","178.0","TP0SQEU02153604"
"CANCELLED","307078061824268416_1","505105292","2026-07-10","","Bihar","MJM Waterproof Mobile Pouch Combo Pack of 8 | Universal Touch Screen Phone Cover with Neck Strap, Triple Lock Waterproof Case for Swimming, Travel, Beach & Rain Protection","3lockrainpouch-8pc","Free Size","1","127.0","127.0",
"DELIVERED","307105044787371520_1","505105292","2026-07-10","","Meghalaya","MJM Waterproof Mobile Pouch Combo Pack of 8 | Universal Touch Screen Phone Cover with Neck Strap, Triple Lock Waterproof Case for Swimming, Travel, Beach & Rain Protection","3lockrainpouch-8pc","Free Size","1","146.0","146.0","TAFVEBF20896138"
"RTO_COMPLETE","307113215400615424_1","511491324","2026-07-10","","Assam","MJM Airdopes Prime TWS Earbuds Bluetooth 5.4 Wireless Earbuds with Deep Bass, HD Calling, Type-C Charging & 18 Hours Playback - Green","MJM-AIRDOPES-PRIME-GREEN","Free Size","1","271.0","271.0","TAFVEBF20896140"
"DELIVERED","307133182331132096_1","511487094","2026-07-10","","Haryana","MJM Airdopes Prime TWS Earbuds Bluetooth 5.4 Wireless Earbuds with Deep Bass, HD Calling, Type-C Charging & 18 Hours Playback - Black","MJM-AIRDOPES-PRIME-BLACK","Free Size","1","300.0","300.0","TAFVEBF20896131"
"DELIVERED","307141613716838592_1","511491324","2026-07-10","","Odisha","MJM Airdopes Prime TWS Earbuds Bluetooth 5.4 Wireless Earbuds with Deep Bass, HD Calling, Type-C Charging & 18 Hours Playback - Green","MJM-AIRDOPES-PRIME-GREEN","Free Size","1","271.0","253.0","TAFVEBF20896141"
"RTO_COMPLETE","307202186777581696_1","509589936","2026-07-10","","Maharashtra","MJM Waterproof Bike Mobile Holder | 360? Rotatable Motorcycle Phone Mount | Touch Screen Rainproof Mobile Case for Bicycle, Scooter & Bike","MJM-A1BIKEHOLDER-360","Free Size","1","200.0","200.0","TP5SPEU09252840"
"DELIVERED","307208467931209216_1","505105292","2026-07-10","","Uttar Pradesh","MJM Waterproof Mobile Pouch Combo Pack of 8 | Universal Touch Screen Phone Cover with Neck Strap, Triple Lock Waterproof Case for Swimming, Travel, Beach & Rain Protection","3lockrainpouch-8pc","Free Size","1","146.0","128.0","TAFVEBF20896136"
"DELIVERED","307219780250115585_1","509589936","2026-07-10","","West Bengal","MJM Waterproof Bike Mobile Holder | 360? Rotatable Motorcycle Phone Mount | Touch Screen Rainproof Mobile Case for Bicycle, Scooter & Bike","MJM-A1BIKEHOLDER-360","Free Size","1","200.0","182.0","TP0AQEU03488276"
"CANCELLED","307224949880987392_1","509589936","2026-07-11","","Maharashtra","MJM Waterproof Bike Mobile Holder | 360? Rotatable Motorcycle Phone Mount | Touch Screen Rainproof Mobile Case for Bicycle, Scooter & Bike","MJM-A1BIKEHOLDER-360","Free Size","1","200.0","182.0",
"DELIVERED","307227382891880192_1","509589936","2026-07-11","","Gujarat","MJM Waterproof Bike Mobile Holder | 360? Rotatable Motorcycle Phone Mount | Touch Screen Rainproof Mobile Case for Bicycle, Scooter & Bike","MJM-A1BIKEHOLDER-360","Free Size","1","200.0","182.0","TP0SQEU02153603"
"CANCELLED","307305175068563584_1","509589936","2026-07-11","","Jharkhand","MJM Waterproof Bike Mobile Holder | 360? Rotatable Motorcycle Phone Mount | Touch Screen Rainproof Mobile Case for Bicycle, Scooter & Bike","MJM-A1BIKEHOLDER-360","Free Size","1","178.0","178.0",
"RTO_COMPLETE","307351517588364800_1","511487094","2026-07-11","","Telangana","MJM Airdopes Prime TWS Earbuds Bluetooth 5.4 Wireless Earbuds with Deep Bass, HD Calling, Type-C Charging & 18 Hours Playback - Black","MJM-AIRDOPES-PRIME-BLACK","Free Size","1","271.0","271.0","TAFVEBF20896139"
"DELIVERED","307352547151584768_1","509589936","2026-07-11","","West Bengal","MJM Waterproof Bike Mobile Holder | 360? Rotatable Motorcycle Phone Mount | Touch Screen Rainproof Mobile Case for Bicycle, Scooter & Bike","MJM-A1BIKEHOLDER-360","Free Size","1","200.0","200.0","TP0SQEU02153605"
"DELIVERED","307393010306915840_1","509589936","2026-07-11","","Bihar","MJM Waterproof Bike Mobile Holder | 360? Rotatable Motorcycle Phone Mount | Touch Screen Rainproof Mobile Case for Bicycle, Scooter & Bike","MJM-A1BIKEHOLDER-360","Free Size","2","178.0","160.0","TP5SPEU09252846"
"CANCELLED","307419880024972800_1","509589936","2026-07-11","","Rajasthan","MJM Waterproof Bike Mobile Holder | 360? Rotatable Motorcycle Phone Mount | Touch Screen Rainproof Mobile Case for Bicycle, Scooter & Bike","MJM-A1BIKEHOLDER-360","Free Size","1","200.0","200.0",
"DELIVERED","307434916354316416_1","511491324","2026-07-11","","Haryana","MJM Airdopes Prime TWS Earbuds Bluetooth 5.4 Wireless Earbuds with Deep Bass, HD Calling, Type-C Charging & 18 Hours Playback - Green","MJM-AIRDOPES-PRIME-GREEN","Free Size","1","271.0","253.0","TAFVEBF20896149"
"DELIVERED","307461984369516032_1","511491324","2026-07-11","","Uttar Pradesh","MJM Airdopes Prime TWS Earbuds Bluetooth 5.4 Wireless Earbuds with Deep Bass, HD Calling, Type-C Charging & 18 Hours Playback - Green","MJM-AIRDOPES-PRIME-GREEN","Free Size","1","271.0","253.0","TAFVEBF20896144"
"DELIVERED","307490633827229184_1","511491324","2026-07-11","","Rajasthan","MJM Airdopes Prime TWS Earbuds Bluetooth 5.4 Wireless Earbuds with Deep Bass, HD Calling, Type-C Charging & 18 Hours Playback - Green","MJM-AIRDOPES-PRIME-GREEN","Free Size","1","271.0","271.0","TAFVEBF20896148"
"DELIVERED","307506271456188544_1","505105292","2026-07-11","","Telangana","MJM Waterproof Mobile Pouch Combo Pack of 8 | Universal Touch Screen Phone Cover with Neck Strap, Triple Lock Waterproof Case for Swimming, Travel, Beach & Rain Protection","3lockrainpouch-8pc","Free Size","1","127.0","127.0","TAFVEBF20896157"
"DELIVERED","307523404687941376_1","511487094","2026-07-11","","Karnataka","MJM Airdopes Prime TWS Earbuds Bluetooth 5.4 Wireless Earbuds with Deep Bass, HD Calling, Type-C Charging & 18 Hours Playback - Black","MJM-AIRDOPES-PRIME-BLACK","Free Size","1","271.0","271.0","TAFVEBF20896146"
"CANCELLED","307545687436417152_1","511487094","2026-07-11","","Haryana","MJM Airdopes Prime TWS Earbuds Bluetooth 5.4 Wireless Earbuds with Deep Bass, HD Calling, Type-C Charging & 18 Hours Playback - Black","MJM-AIRDOPES-PRIME-BLACK","Free Size","1","300.0","300.0","TAFVEBF20896147"
"RTO_COMPLETE","307559525082847360_1","512895768","2026-07-11","","Rajasthan","MJM 3 In 1 Black Fast Charging Cable 120W Super Charge USB Cable with Type C, Micro USB & 8 Pin Connector 1 Meter","MJM-3IN1-CABLE-120W-1M-BLACK-01","Free Size","1","120.0","120.0","NP1NLEU03980957"
"DELIVERED","307572854793859392_1","511491324","2026-07-11","","Uttar Pradesh","MJM Airdopes Prime TWS Earbuds Bluetooth 5.4 Wireless Earbuds with Deep Bass, HD Calling, Type-C Charging & 18 Hours Playback - Green","MJM-AIRDOPES-PRIME-GREEN","Free Size","1","271.0","271.0","TAFVEBF20896145"
"CANCELLED","307723934433287680_1","511487094","2026-07-12","","Tamil Nadu","MJM Airdopes Prime TWS Earbuds Bluetooth 5.4 Wireless Earbuds with Deep Bass, HD Calling, Type-C Charging & 18 Hours Playback - Black","MJM-AIRDOPES-PRIME-BLACK","Free Size","1","271.0","271.0",
"DELIVERED","307733561426517760_1","509589936","2026-07-12","","Uttar Pradesh","MJM Waterproof Bike Mobile Holder | 360? Rotatable Motorcycle Phone Mount | Touch Screen Rainproof Mobile Case for Bicycle, Scooter & Bike","MJM-A1BIKEHOLDER-360","Free Size","1","200.0","182.0","TP5SPEU09252839"
"DELIVERED","307743177551912448_1","509589936","2026-07-12","","Telangana","MJM Waterproof Bike Mobile Holder | 360? Rotatable Motorcycle Phone Mount | Touch Screen Rainproof Mobile Case for Bicycle, Scooter & Bike","MJM-A1BIKEHOLDER-360","Free Size","1","178.0","178.0","TP5SPEU09252836"
"CANCELLED","307744344286501056_1","511491324","2026-07-12","","Rajasthan","MJM Airdopes Prime TWS Earbuds Bluetooth 5.4 Wireless Earbuds with Deep Bass, HD Calling, Type-C Charging & 18 Hours Playback - Green","MJM-AIRDOPES-PRIME-GREEN","Free Size","1","300.0","300.0",
"DELIVERED","307747894655086912_1","511491324","2026-07-12","","Maharashtra","MJM Airdopes Prime TWS Earbuds Bluetooth 5.4 Wireless Earbuds with Deep Bass, HD Calling, Type-C Charging & 18 Hours Playback - Green","MJM-AIRDOPES-PRIME-GREEN","Free Size","1","271.0","253.0","TAFVEBF20896154"
"RTO_COMPLETE","307753352275761344_1","509589936","2026-07-12","","Tamil Nadu","MJM Waterproof Bike Mobile Holder | 360? Rotatable Motorcycle Phone Mount | Touch Screen Rainproof Mobile Case for Bicycle, Scooter & Bike","MJM-A1BIKEHOLDER-360","Free Size","1","178.0","178.0","TP5SPEU09252845"
"DELIVERED","307759821869161664_1","509589936","2026-07-12","","Tamil Nadu","MJM Waterproof Bike Mobile Holder | 360? Rotatable Motorcycle Phone Mount | Touch Screen Rainproof Mobile Case for Bicycle, Scooter & Bike","MJM-A1BIKEHOLDER-360","Free Size","1","200.0","182.0","TP5SPEU09252851"
"RTO_COMPLETE","307762953532545216_1","509589936","2026-07-12","","Maharashtra","MJM Waterproof Bike Mobile Holder | 360? Rotatable Motorcycle Phone Mount | Touch Screen Rainproof Mobile Case for Bicycle, Scooter & Bike","MJM-A1BIKEHOLDER-360","Free Size","1","178.0","160.0","TP5SPEU09252861"
"DELIVERED","307763069442136256_1","505105292","2026-07-12","","Bihar","MJM Waterproof Mobile Pouch Combo Pack of 8 | Universal Touch Screen Phone Cover with Neck Strap, Triple Lock Waterproof Case for Swimming, Travel, Beach & Rain Protection","3lockrainpouch-8pc","Free Size","1","146.0","128.0","TAFVEBF20896159"
"RTO_COMPLETE","307767204932951808_1","511491324","2026-07-12","","Andhra Pradesh","MJM Airdopes Prime TWS Earbuds Bluetooth 5.4 Wireless Earbuds with Deep Bass, HD Calling, Type-C Charging & 18 Hours Playback - Green","MJM-AIRDOPES-PRIME-GREEN","Free Size","1","300.0","300.0","TAFVEBF20896150"
"DELIVERED","307777389127342272_1","511491324","2026-07-12","","Goa","MJM Airdopes Prime TWS Earbuds Bluetooth 5.4 Wireless Earbuds with Deep Bass, HD Calling, Type-C Charging & 18 Hours Playback - Green","MJM-AIRDOPES-PRIME-GREEN","Free Size","1","300.0","282.0","TP2RMEU01060465"
"DELIVERED","307787342612536832_1","512895768","2026-07-12","","Delhi","MJM 3 In 1 Black Fast Charging Cable 120W Super Charge USB Cable with Type C, Micro USB & 8 Pin Connector 1 Meter","MJM-3IN1-CABLE-120W-1M-BLACK-01","Free Size","1","101.0","101.0","NP1NLEU03980958"
"DELIVERED","307796016259013824_1","509589936","2026-07-12","","Telangana","MJM Waterproof Bike Mobile Holder | 360? Rotatable Motorcycle Phone Mount | Touch Screen Rainproof Mobile Case for Bicycle, Scooter & Bike","MJM-A1BIKEHOLDER-360","Free Size","1","178.0","160.0","TP5SPEU09252848"
"DELIVERED","307826309258943680_1","512895768","2026-07-12","","Tamil Nadu","MJM 3 In 1 Black Fast Charging Cable 120W Super Charge USB Cable with Type C, Micro USB & 8 Pin Connector 1 Meter","MJM-3IN1-CABLE-120W-1M-BLACK-01","Free Size","1","120.0","120.0","NP1NLEU03980959"
"RTO_COMPLETE","307827368940656768_1","511491324","2026-07-12","","Haryana","MJM Airdopes Prime TWS Earbuds Bluetooth 5.4 Wireless Earbuds with Deep Bass, HD Calling, Type-C Charging & 18 Hours Playback - Green","MJM-AIRDOPES-PRIME-GREEN","Free Size","1","271.0","271.0","TAFVEBF20896152"
"RTO_COMPLETE","307848951024525056_1","511491324","2026-07-12","","Andhra Pradesh","MJM Airdopes Prime TWS Earbuds Bluetooth 5.4 Wireless Earbuds with Deep Bass, HD Calling, Type-C Charging & 18 Hours Playback - Green","MJM-AIRDOPES-PRIME-GREEN","Free Size","1","271.0","271.0","TAFVEBF20896156"
"RTO_COMPLETE","307860091499567232_1","509589936","2026-07-12","","Bihar","MJM Waterproof Bike Mobile Holder | 360? Rotatable Motorcycle Phone Mount | Touch Screen Rainproof Mobile Case for Bicycle, Scooter & Bike","MJM-A1BIKEHOLDER-360","Free Size","1","178.0","178.0","TP5SPEU09252843"
"DELIVERED","307867360777853056_1","508240986","2026-07-12","","Gujarat","MJM 360? Rotating Bike Mobile Holder Stand for Motorcycle, Bicycle & Scooter Handlebar Phone Mount","PT05-BIKESTAND","Free Size","1","148.0","130.0","TP4COEU06755389"
"DELIVERED","307893060590313216_1","511491324","2026-07-12","","Uttar Pradesh","MJM Airdopes Prime TWS Earbuds Bluetooth 5.4 Wireless Earbuds with Deep Bass, HD Calling, Type-C Charging & 18 Hours Playback - Green","MJM-AIRDOPES-PRIME-GREEN","Free Size","1","300.0","300.0","TAFVEBF20896155"
"DELIVERED","307893889079564416_1","509589936","2026-07-12","","West Bengal","MJM Waterproof Bike Mobile Holder | 360? Rotatable Motorcycle Phone Mount | Touch Screen Rainproof Mobile Case for Bicycle, Scooter & Bike","MJM-A1BIKEHOLDER-360","Free Size","1","178.0","160.0","TP5SPEU09252847"
"DELIVERED","307896543204810496_1","511491324","2026-07-12","","Bihar","MJM Airdopes Prime TWS Earbuds Bluetooth 5.4 Wireless Earbuds with Deep Bass, HD Calling, Type-C Charging & 18 Hours Playback - Green","MJM-AIRDOPES-PRIME-GREEN","Free Size","1","271.0","253.0","TAFVEBF20896143"
"DELIVERED","307899450881857664_1","509589936","2026-07-12","","Gujarat","MJM Waterproof Bike Mobile Holder | 360? Rotatable Motorcycle Phone Mount | Touch Screen Rainproof Mobile Case for Bicycle, Scooter & Bike","MJM-A1BIKEHOLDER-360","Free Size","1","178.0","160.0","TP5SPEU09252855"
"DELIVERED","307904051004731712_1","509589936","2026-07-12","","Gujarat","MJM Waterproof Bike Mobile Holder | 360? Rotatable Motorcycle Phone Mount | Touch Screen Rainproof Mobile Case for Bicycle, Scooter & Bike","MJM-A1BIKEHOLDER-360","Free Size","1","200.0","200.0","TP5SPEU09252844"
"DELIVERED","307918880058798400_1","511491324","2026-07-12","","Telangana","MJM Airdopes Prime TWS Earbuds Bluetooth 5.4 Wireless Earbuds with Deep Bass, HD Calling, Type-C Charging & 18 Hours Playback - Green","MJM-AIRDOPES-PRIME-GREEN","Free Size","1","300.0","300.0","TAFVEBF20896153"
"RTO_COMPLETE","307927506765863040_1","509589936","2026-07-12","","Madhya Pradesh","MJM Waterproof Bike Mobile Holder | 360? Rotatable Motorcycle Phone Mount | Touch Screen Rainproof Mobile Case for Bicycle, Scooter & Bike","MJM-A1BIKEHOLDER-360","Free Size","1","200.0","200.0","TP5SPEU09252849"
"DELIVERED","307932474135420096_1","509589936","2026-07-12","","Punjab","MJM Waterproof Bike Mobile Holder | 360? Rotatable Motorcycle Phone Mount | Touch Screen Rainproof Mobile Case for Bicycle, Scooter & Bike","MJM-A1BIKEHOLDER-360","Free Size","1","178.0","160.0","TP5SPEU09252850"
"CANCELLED","308022822287318208_1","511491324","2026-07-13","","Gujarat","MJM Airdopes Prime TWS Earbuds Bluetooth 5.4 Wireless Earbuds with Deep Bass, HD Calling, Type-C Charging & 18 Hours Playback - Green","MJM-AIRDOPES-PRIME-GREEN","Free Size","1","271.0","271.0",
"RTO_COMPLETE","308079724744547520_1","511491324","2026-07-13","","Bihar","MJM Airdopes Prime TWS Earbuds Bluetooth 5.4 Wireless Earbuds with Deep Bass, HD Calling, Type-C Charging & 18 Hours Playback - Green","MJM-AIRDOPES-PRIME-GREEN","Free Size","1","271.0","271.0","TAFVEBF20896151"
"CANCELLED","308082723234896000_1","511491324","2026-07-13","","Telangana","MJM Airdopes Prime TWS Earbuds Bluetooth 5.4 Wireless Earbuds with Deep Bass, HD Calling, Type-C Charging & 18 Hours Playback - Green","MJM-AIRDOPES-PRIME-GREEN","Free Size","1","300.0","282.0",
"DELIVERED","308084125871906304_1","508240986","2026-07-13","","Assam","MJM 360? Rotating Bike Mobile Holder Stand for Motorcycle, Bicycle & Scooter Handlebar Phone Mount","PT05-BIKESTAND","Free Size","1","170.0","170.0","TP4COEU06755390"
"DELIVERED","308092340731015488_1","505105292","2026-07-13","","West Bengal","MJM Waterproof Mobile Pouch Combo Pack of 8 | Universal Touch Screen Phone Cover with Neck Strap, Triple Lock Waterproof Case for Swimming, Travel, Beach & Rain Protection","3lockrainpouch-8pc","Free Size","1","146.0","146.0","TAFVEBF20896158"
"DELIVERED","308105906330693952_1","509589936","2026-07-13","","Uttar Pradesh","MJM Waterproof Bike Mobile Holder | 360? Rotatable Motorcycle Phone Mount | Touch Screen Rainproof Mobile Case for Bicycle, Scooter & Bike","MJM-A1BIKEHOLDER-360","Free Size","1","178.0","178.0","TP5SPEU09252854"
"RTO_COMPLETE","308126958092622016_1","508240986","2026-07-13","","Chhattisgarh","MJM 360? Rotating Bike Mobile Holder Stand for Motorcycle, Bicycle & Scooter Handlebar Phone Mount","PT05-BIKESTAND","Free Size","1","170.0","170.0",
"DELIVERED","308129474179395904_1","509589936","2026-07-13","","Delhi","MJM Waterproof Bike Mobile Holder | 360? Rotatable Motorcycle Phone Mount | Touch Screen Rainproof Mobile Case for Bicycle, Scooter & Bike","MJM-A1BIKEHOLDER-360","Free Size","1","178.0","160.0","TP5SPEU09252838"
"DELIVERED","308131545700004160_1","509589936","2026-07-13","","Punjab","MJM Waterproof Bike Mobile Holder | 360? Rotatable Motorcycle Phone Mount | Touch Screen Rainproof Mobile Case for Bicycle, Scooter & Bike","MJM-A1BIKEHOLDER-360","Free Size","1","200.0","182.0","TP5SPEU09252853"
"DELIVERED","308132670948890752_1","511487094","2026-07-13","","Uttar Pradesh","MJM Airdopes Prime TWS Earbuds Bluetooth 5.4 Wireless Earbuds with Deep Bass, HD Calling, Type-C Charging & 18 Hours Playback - Black","MJM-AIRDOPES-PRIME-BLACK","Free Size","1","300.0","300.0","TAFVEBF20896161"
"DELIVERED","308134259454254272_1","508240986","2026-07-13","","Uttarakhand","MJM 360? Rotating Bike Mobile Holder Stand for Motorcycle, Bicycle & Scooter Handlebar Phone Mount","PT05-BIKESTAND","Free Size","1","170.0","152.0","TP4COEU06755399"
"CANCELLED","308139669202673152_1","509589936","2026-07-13","","Maharashtra","MJM Waterproof Bike Mobile Holder | 360? Rotatable Motorcycle Phone Mount | Touch Screen Rainproof Mobile Case for Bicycle, Scooter & Bike","MJM-A1BIKEHOLDER-360","Free Size","1","200.0","200.0",
"DELIVERED","308144930074008769_1","508573229","2026-07-13","","Telangana","MJM Premium Metal Mobile Stand | 360? Rotation Adjustable Phone Holder | Foldable Desk Table Stand for Smartphone & Tablet","L396-STAND","Free Size","1","141.0","124.0","TP2RMEU01060468"
"RTO_COMPLETE","308148303183617216_1","511487094","2026-07-13","","Uttar Pradesh","MJM Airdopes Prime TWS Earbuds Bluetooth 5.4 Wireless Earbuds with Deep Bass, HD Calling, Type-C Charging & 18 Hours Playback - Black","MJM-AIRDOPES-PRIME-BLACK","Free Size","1","271.0","271.0","TAFVEBF20896174"
"RTO_COMPLETE","308149001999685824_1","511487094","2026-07-13","","Maharashtra","MJM Airdopes Prime TWS Earbuds Bluetooth 5.4 Wireless Earbuds with Deep Bass, HD Calling, Type-C Charging & 18 Hours Playback - Black","MJM-AIRDOPES-PRIME-BLACK","Free Size","1","300.0","300.0","TAFVEBF20896164"
"RTO_COMPLETE","308150798939332096_1","511487094","2026-07-13","","Jharkhand","MJM Airdopes Prime TWS Earbuds Bluetooth 5.4 Wireless Earbuds with Deep Bass, HD Calling, Type-C Charging & 18 Hours Playback - Black","MJM-AIRDOPES-PRIME-BLACK","Free Size","1","300.0","300.0","TAFVEBF20896175"
"DELIVERED","308153305893575872_1","505105292","2026-07-13","","Bihar","MJM Waterproof Mobile Pouch Combo Pack of 8 | Universal Touch Screen Phone Cover with Neck Strap, Triple Lock Waterproof Case for Swimming, Travel, Beach & Rain Protection","3lockrainpouch-8pc","Free Size","1","146.0","128.0","TP2RMEU01060471"
"CANCELLED","308162053502869248_1","511487094","2026-07-13","","Chandigarh","MJM Airdopes Prime TWS Earbuds Bluetooth 5.4 Wireless Earbuds with Deep Bass, HD Calling, Type-C Charging & 18 Hours Playback - Black","MJM-AIRDOPES-PRIME-BLACK","Free Size","1","271.0","271.0",
"DELIVERED","308174144615751168_1","511491324","2026-07-13","","Tamil Nadu","MJM Airdopes Prime TWS Earbuds Bluetooth 5.4 Wireless Earbuds with Deep Bass, HD Calling, Type-C Charging & 18 Hours Playback - Green","MJM-AIRDOPES-PRIME-GREEN","Free Size","1","271.0","253.0","TP2RMEU01060463"
"DELIVERED","308181118536194240_1","511487094","2026-07-13","","Haryana","MJM Airdopes Prime TWS Earbuds Bluetooth 5.4 Wireless Earbuds with Deep Bass, HD Calling, Type-C Charging & 18 Hours Playback - Black","MJM-AIRDOPES-PRIME-BLACK","Free Size","1","271.0","271.0","TAFVEBF20896167"
"DELIVERED","308183434131042624_1","511487094","2026-07-13","","Odisha","MJM Airdopes Prime TWS Earbuds Bluetooth 5.4 Wireless Earbuds with Deep Bass, HD Calling, Type-C Charging & 18 Hours Playback - Black","MJM-AIRDOPES-PRIME-BLACK","Free Size","1","300.0","300.0","TAFVEBF20896180"
"DELIVERED","308183435222571136_1","509589936","2026-07-13","","Tamil Nadu","MJM Waterproof Bike Mobile Holder | 360? Rotatable Motorcycle Phone Mount | Touch Screen Rainproof Mobile Case for Bicycle, Scooter & Bike","MJM-A1BIKEHOLDER-360","Free Size","1","178.0","160.0","TP5SPEU09252852"
"DELIVERED","308184732302694528_1","509589936","2026-07-13","","Karnataka","MJM Waterproof Bike Mobile Holder | 360? Rotatable Motorcycle Phone Mount | Touch Screen Rainproof Mobile Case for Bicycle, Scooter & Bike","MJM-A1BIKEHOLDER-360","Free Size","1","200.0","182.0","TP5SPEU09252841"
"DELIVERED","308185868246046848_1","508240986","2026-07-13","","Rajasthan","MJM 360? Rotating Bike Mobile Holder Stand for Motorcycle, Bicycle & Scooter Handlebar Phone Mount","PT05-BIKESTAND","Free Size","1","170.0","152.0","TP4COEU06755391"
"DELIVERED","308189849499365696_1","508162782","2026-07-13","","Gujarat","MJM Crystal Pro Wireless Bluetooth Earbuds with Smart LED Display, 48H Playback, ENC Calling, Type-C Charging, Low Latency Gaming Earbuds","Crystalpro-black","Free Size","1","300.0","300.0","TP4COEU06755402"
"DELIVERED","308196650182629504_1","508240986","2026-07-13","","Uttar Pradesh","MJM 360? Rotating Bike Mobile Holder Stand for Motorcycle, Bicycle & Scooter Handlebar Phone Mount","PT05-BIKESTAND","Free Size","1","148.0","130.0","TP4COEU06755400"
"RTO_COMPLETE","308211623876260160_1","511487094","2026-07-13","","Gujarat","MJM Airdopes Prime TWS Earbuds Bluetooth 5.4 Wireless Earbuds with Deep Bass, HD Calling, Type-C Charging & 18 Hours Playback - Black","MJM-AIRDOPES-PRIME-BLACK","Free Size","1","300.0","300.0","TAFVEBF20896165"
"DELIVERED","308223841804163776_1","505105292","2026-07-13","","West Bengal","MJM Waterproof Mobile Pouch Combo Pack of 8 | Universal Touch Screen Phone Cover with Neck Strap, Triple Lock Waterproof Case for Swimming, Travel, Beach & Rain Protection","3lockrainpouch-8pc","Free Size","1","127.0","109.0","TP2RMEU01060469"
"RTO_COMPLETE","308223979101475904_1","505105292","2026-07-13","","Maharashtra","MJM Waterproof Mobile Pouch Combo Pack of 8 | Universal Touch Screen Phone Cover with Neck Strap, Triple Lock Waterproof Case for Swimming, Travel, Beach & Rain Protection","3lockrainpouch-8pc","Free Size","1","127.0","109.0","TP2RMEU01060472"
"RTO_COMPLETE","308234416495610752_1","508240986","2026-07-13","","Uttar Pradesh","MJM 360? Rotating Bike Mobile Holder Stand for Motorcycle, Bicycle & Scooter Handlebar Phone Mount","PT05-BIKESTAND","Free Size","1","170.0","170.0","TP4COEU06755401"
"DELIVERED","308235503202409280_1","511491324","2026-07-13","","Telangana","MJM Airdopes Prime TWS Earbuds Bluetooth 5.4 Wireless Earbuds with Deep Bass, HD Calling, Type-C Charging & 18 Hours Playback - Green","MJM-AIRDOPES-PRIME-GREEN","Free Size","1","300.0","300.0","TP2RMEU01060464"
"DELIVERED","308241479289656384_1","511487094","2026-07-13","","Gujarat","MJM Airdopes Prime TWS Earbuds Bluetooth 5.4 Wireless Earbuds with Deep Bass, HD Calling, Type-C Charging & 18 Hours Playback - Black","MJM-AIRDOPES-PRIME-BLACK","Free Size","1","271.0","271.0","TAFVEBF20896173"
"CANCELLED","308242424655072128_1","511487094","2026-07-13","","Tamil Nadu","MJM Airdopes Prime TWS Earbuds Bluetooth 5.4 Wireless Earbuds with Deep Bass, HD Calling, Type-C Charging & 18 Hours Playback - Black","MJM-AIRDOPES-PRIME-BLACK","Free Size","1","300.0","300.0",
"DELIVERED","308254906077879040_1","508240986","2026-07-13","","Assam","MJM 360? Rotating Bike Mobile Holder Stand for Motorcycle, Bicycle & Scooter Handlebar Phone Mount","PT05-BIKESTAND","Free Size","1","170.0","170.0","TP4COEU06755397"
"DELIVERED","308255978523282304_1","508240986","2026-07-13","","Maharashtra","MJM 360? Rotating Bike Mobile Holder Stand for Motorcycle, Bicycle & Scooter Handlebar Phone Mount","PT05-BIKESTAND","Free Size","1","170.0","170.0","TP5SPEU09252857"
"DELIVERED","308258002396977984_1","508240986","2026-07-13","","Chhattisgarh","MJM 360? Rotating Bike Mobile Holder Stand for Motorcycle, Bicycle & Scooter Handlebar Phone Mount","PT05-BIKESTAND","Free Size","1","148.0","130.0","TP4COEU06755394"
"DELIVERED","308262521201695552_1","511487094","2026-07-13","","Uttar Pradesh","MJM Airdopes Prime TWS Earbuds Bluetooth 5.4 Wireless Earbuds with Deep Bass, HD Calling, Type-C Charging & 18 Hours Playback - Black","MJM-AIRDOPES-PRIME-BLACK","Free Size","1","271.0","253.0","TAFVEBF20896160"
"DELIVERED","308268409379179392_1","511487094","2026-07-13","","Madhya Pradesh","MJM Airdopes Prime TWS Earbuds Bluetooth 5.4 Wireless Earbuds with Deep Bass, HD Calling, Type-C Charging & 18 Hours Playback - Black","MJM-AIRDOPES-PRIME-BLACK","Free Size","1","300.0","282.0","TAFVEBF20896162"
"DELIVERED","308276136029920192_1","512895768","2026-07-13","","Odisha","MJM 3 In 1 Black Fast Charging Cable 120W Super Charge USB Cable with Type C, Micro USB & 8 Pin Connector 1 Meter","MJM-3IN1-CABLE-120W-1M-BLACK-01","Free Size","1","101.0","83.0","NP1NLEU03980960"
"DELIVERED","308289328323959296_1","511487094","2026-07-13","","Gujarat","MJM Airdopes Prime TWS Earbuds Bluetooth 5.4 Wireless Earbuds with Deep Bass, HD Calling, Type-C Charging & 18 Hours Playback - Black","MJM-AIRDOPES-PRIME-BLACK","Free Size","1","271.0","271.0","TAFVEBF20896166"
"RTO_COMPLETE","308327073524161536_1","511487094","2026-07-14","","Kerala","MJM Airdopes Prime TWS Earbuds Bluetooth 5.4 Wireless Earbuds with Deep Bass, HD Calling, Type-C Charging & 18 Hours Playback - Black","MJM-AIRDOPES-PRIME-BLACK","Free Size","1","300.0","300.0","TAFVEBF20896182"
"DELIVERED","308339415334984256_1","511487094","2026-07-14","","Telangana","MJM Airdopes Prime TWS Earbuds Bluetooth 5.4 Wireless Earbuds with Deep Bass, HD Calling, Type-C Charging & 18 Hours Playback - Black","MJM-AIRDOPES-PRIME-BLACK","Free Size","1","271.0","271.0","TAFVEBF20896179"
"DELIVERED","308381213331757632_1","508240986","2026-07-14","","Tamil Nadu","MJM 360? Rotating Bike Mobile Holder Stand for Motorcycle, Bicycle & Scooter Handlebar Phone Mount","PT05-BIKESTAND","Free Size","1","170.0","152.0","TP4COEU06755393"
"CANCELLED","308408980144331264_1","511488761","2026-07-14","","Uttar Pradesh","MJM Airdopes Prime TWS Earbuds Bluetooth 5.4 Wireless Earbuds with Deep Bass, HD Calling, Type-C Charging & 18 Hours Playback - Blue","MJM-AIRDOPES-PRIME-BLUE","Free Size","1","300.0","300.0",
"RTO_COMPLETE","308411450434198016_1","511488761","2026-07-14","","Uttar Pradesh","MJM Airdopes Prime TWS Earbuds Bluetooth 5.4 Wireless Earbuds with Deep Bass, HD Calling, Type-C Charging & 18 Hours Playback - Blue","MJM-AIRDOPES-PRIME-BLUE","Free Size","1","300.0","300.0","TAFVEBF20896192"
"DELIVERED","308415100976044544_1","511488761","2026-07-14","","Maharashtra","MJM Airdopes Prime TWS Earbuds Bluetooth 5.4 Wireless Earbuds with Deep Bass, HD Calling, Type-C Charging & 18 Hours Playback - Blue","MJM-AIRDOPES-PRIME-BLUE","Free Size","1","300.0","282.0","TP2RMEU01060460"
"DELIVERED","308428660179409472_1","511487094","2026-07-14","","Madhya Pradesh","MJM Airdopes Prime TWS Earbuds Bluetooth 5.4 Wireless Earbuds with Deep Bass, HD Calling, Type-C Charging & 18 Hours Playback - Black","MJM-AIRDOPES-PRIME-BLACK","Free Size","1","300.0","282.0","TP4COEU06755392"
"DELIVERED","308431971122813312_1","511488761","2026-07-14","","Gujarat","MJM Airdopes Prime TWS Earbuds Bluetooth 5.4 Wireless Earbuds with Deep Bass, HD Calling, Type-C Charging & 18 Hours Playback - Blue","MJM-AIRDOPES-PRIME-BLUE","Free Size","1","271.0","271.0","TP2RMEU01060459"
"DELIVERED","308436737804933760_1","511488761","2026-07-14","","Uttar Pradesh","MJM Airdopes Prime TWS Earbuds Bluetooth 5.4 Wireless Earbuds with Deep Bass, HD Calling, Type-C Charging & 18 Hours Playback - Blue","MJM-AIRDOPES-PRIME-BLUE","Free Size","1","271.0","253.0","TAFVEBF20896197"
"DELIVERED","308436920609479232_1","508240986","2026-07-14","","Uttar Pradesh","MJM 360? Rotating Bike Mobile Holder Stand for Motorcycle, Bicycle & Scooter Handlebar Phone Mount","PT05-BIKESTAND","Free Size","1","148.0","130.0","TP4COEU06755395"
"DELIVERED","308440636322421760_1","511488761","2026-07-14","","Tamil Nadu","MJM Airdopes Prime TWS Earbuds Bluetooth 5.4 Wireless Earbuds with Deep Bass, HD Calling, Type-C Charging & 18 Hours Playback - Blue","MJM-AIRDOPES-PRIME-BLUE","Free Size","1","271.0","271.0","TAFVEBF20896199"
"CANCELLED","308445909183306624_1","511488761","2026-07-14","","Karnataka","MJM Airdopes Prime TWS Earbuds Bluetooth 5.4 Wireless Earbuds with Deep Bass, HD Calling, Type-C Charging & 18 Hours Playback - Blue","MJM-AIRDOPES-PRIME-BLUE","Free Size","1","300.0","300.0",
"LOST","308447530719779200_1","511488761","2026-07-14","","Bihar","MJM Airdopes Prime TWS Earbuds Bluetooth 5.4 Wireless Earbuds with Deep Bass, HD Calling, Type-C Charging & 18 Hours Playback - Blue","MJM-AIRDOPES-PRIME-BLUE","Free Size","1","271.0","271.0","TP2RMEU01060458"
"DELIVERED","308449334532971072_1","508240986","2026-07-14","","Karnataka","MJM 360? Rotating Bike Mobile Holder Stand for Motorcycle, Bicycle & Scooter Handlebar Phone Mount","PT05-BIKESTAND","Free Size","1","170.0","152.0","TP4COEU06755398"
"DELIVERED","308454886700948352_1","511488761","2026-07-14","","Maharashtra","MJM Airdopes Prime TWS Earbuds Bluetooth 5.4 Wireless Earbuds with Deep Bass, HD Calling, Type-C Charging & 18 Hours Playback - Blue","MJM-AIRDOPES-PRIME-BLUE","Free Size","1","271.0","253.0","TAFVEBF20896198"
"DELIVERED","308455237472360832_1","511488761","2026-07-14","","Uttarakhand","MJM Airdopes Prime TWS Earbuds Bluetooth 5.4 Wireless Earbuds with Deep Bass, HD Calling, Type-C Charging & 18 Hours Playback - Blue","MJM-AIRDOPES-PRIME-BLUE","Free Size","1","300.0","300.0","TAFVEBF20896196"
"DELIVERED","308456005326019136_1","511487094","2026-07-14","","Uttar Pradesh","MJM Airdopes Prime TWS Earbuds Bluetooth 5.4 Wireless Earbuds with Deep Bass, HD Calling, Type-C Charging & 18 Hours Playback - Black","MJM-AIRDOPES-PRIME-BLACK","Free Size","1","300.0","282.0","TAFVEBF20896163"
"DELIVERED","308460164490140160_1","511488761","2026-07-14","","Uttar Pradesh","MJM Airdopes Prime TWS Earbuds Bluetooth 5.4 Wireless Earbuds with Deep Bass, HD Calling, Type-C Charging & 18 Hours Playback - Blue","MJM-AIRDOPES-PRIME-BLUE","Free Size","1","271.0","253.0","TAFVEBF20896194"
"RTO_COMPLETE","308465859679689728_1","511487094","2026-07-14","","Uttar Pradesh","MJM Airdopes Prime TWS Earbuds Bluetooth 5.4 Wireless Earbuds with Deep Bass, HD Calling, Type-C Charging & 18 Hours Playback - Black","MJM-AIRDOPES-PRIME-BLACK","Free Size","1","300.0","300.0","TAFVEBF20896172"
"DELIVERED","308467455603972672_1","511491324","2026-07-14","","Tamil Nadu","MJM Airdopes Prime TWS Earbuds Bluetooth 5.4 Wireless Earbuds with Deep Bass, HD Calling, Type-C Charging & 18 Hours Playback - Green","MJM-AIRDOPES-PRIME-GREEN","Free Size","1","271.0","271.0","TP2RMEU01060466"
"DELIVERED","308468639530162688_1","511488761","2026-07-14","","Uttar Pradesh","MJM Airdopes Prime TWS Earbuds Bluetooth 5.4 Wireless Earbuds with Deep Bass, HD Calling, Type-C Charging & 18 Hours Playback - Blue","MJM-AIRDOPES-PRIME-BLUE","Free Size","1","271.0","253.0","TAFVEBF20896195"
"DELIVERED","308483408425327232_1","508573229","2026-07-14","","Rajasthan","MJM Premium Metal Mobile Stand | 360? Rotation Adjustable Phone Holder | Foldable Desk Table Stand for Smartphone & Tablet","L396-STAND","Free Size","1","160.0","143.0","TP2RMEU01060467"
"DELIVERED","308490966221396992_1","511487094","2026-07-14","","West Bengal","MJM Airdopes Prime TWS Earbuds Bluetooth 5.4 Wireless Earbuds with Deep Bass, HD Calling, Type-C Charging & 18 Hours Playback - Black","MJM-AIRDOPES-PRIME-BLACK","Free Size","1","300.0","300.0","TAFVEBF20896184"
"DELIVERED","308497172600134272_1","511491324","2026-07-14","","Maharashtra","MJM Airdopes Prime TWS Earbuds Bluetooth 5.4 Wireless Earbuds with Deep Bass, HD Calling, Type-C Charging & 18 Hours Playback - Green","MJM-AIRDOPES-PRIME-GREEN","Free Size","1","271.0","253.0","TP2RMEU01060551"
"DELIVERED","308501299149347712_1","511487094","2026-07-14","","Karnataka","MJM Airdopes Prime TWS Earbuds Bluetooth 5.4 Wireless Earbuds with Deep Bass, HD Calling, Type-C Charging & 18 Hours Playback - Black","MJM-AIRDOPES-PRIME-BLACK","Free Size","1","271.0","271.0","TAFVEBF20896191"
"DELIVERED","308501962528857088_1","511487094","2026-07-14","","Bihar","MJM Airdopes Prime TWS Earbuds Bluetooth 5.4 Wireless Earbuds with Deep Bass, HD Calling, Type-C Charging & 18 Hours Playback - Black","MJM-AIRDOPES-PRIME-BLACK","Free Size","1","300.0","300.0","TAFVEBF20896189"
"DELIVERED","308513411984726592_1","508240986","2026-07-14","","Maharashtra","MJM 360? Rotating Bike Mobile Holder Stand for Motorcycle, Bicycle & Scooter Handlebar Phone Mount","PT05-BIKESTAND","Free Size","1","170.0","152.0","TP5SPEU09252858"
"DELIVERED","308523010586516480_1","508240986","2026-07-14","","Karnataka","MJM 360? Rotating Bike Mobile Holder Stand for Motorcycle, Bicycle & Scooter Handlebar Phone Mount","PT05-BIKESTAND","Free Size","1","170.0","152.0","TP5SPEU09252859"
"DELIVERED","299939536048758272_1","506810503","2026-07-14","","Uttar Pradesh","MJM 10 Pieces 10 Watt LED Bulb Combo Pack | Cool White Energy Saving LED Light Bulbs | Long Lasting Bright Light for Home, Office, Shop | B22 Base","10wled-10pcs-leo","Free Size","1","181.0","181.0","TP6GREU02647703"
"RTO_COMPLETE","308543345784462208_1","511487094","2026-07-14","","Punjab","MJM Airdopes Prime TWS Earbuds Bluetooth 5.4 Wireless Earbuds with Deep Bass, HD Calling, Type-C Charging & 18 Hours Playback - Black","MJM-AIRDOPES-PRIME-BLACK","Free Size","1","300.0","300.0","TAFVEBF20896183"
"CANCELLED","308544022266976896_1","508240986","2026-07-14","","Rajasthan","MJM 360? Rotating Bike Mobile Holder Stand for Motorcycle, Bicycle & Scooter Handlebar Phone Mount","PT05-BIKESTAND","Free Size","1","170.0","170.0",
"DELIVERED","308546941557087104_1","511487094","2026-07-14","","Haryana","MJM Airdopes Prime TWS Earbuds Bluetooth 5.4 Wireless Earbuds with Deep Bass, HD Calling, Type-C Charging & 18 Hours Playback - Black","MJM-AIRDOPES-PRIME-BLACK","Free Size","1","271.0","271.0","TAFVEBF20896186"
"DELIVERED","308551164390742912_1","508240986","2026-07-14","","Punjab","MJM 360? Rotating Bike Mobile Holder Stand for Motorcycle, Bicycle & Scooter Handlebar Phone Mount","PT05-BIKESTAND","Free Size","1","170.0","152.0","TP5SPEU09252860"
"DELIVERED","308568934117481088_1","511487094","2026-07-14","","Jammu & Kashmir","MJM Airdopes Prime TWS Earbuds Bluetooth 5.4 Wireless Earbuds with Deep Bass, HD Calling, Type-C Charging & 18 Hours Playback - Black","MJM-AIRDOPES-PRIME-BLACK","Free Size","1","271.0","271.0","TAFVEBF20896170"
"DELIVERED","308594186685651328_1","511487094","2026-07-14","","Delhi","MJM Airdopes Prime TWS Earbuds Bluetooth 5.4 Wireless Earbuds with Deep Bass, HD Calling, Type-C Charging & 18 Hours Playback - Black","MJM-AIRDOPES-PRIME-BLACK","Free Size","1","300.0","300.0","TAFVEBF20896177"
"DELIVERED","308597737678117440_1","505105292","2026-07-14","","Uttar Pradesh","MJM Waterproof Mobile Pouch Combo Pack of 8 | Universal Touch Screen Phone Cover with Neck Strap, Triple Lock Waterproof Case for Swimming, Travel, Beach & Rain Protection","3lockrainpouch-8pc","Free Size","1","146.0","128.0","TAFVEBF20896169"
"CANCELLED","308617576247073152_1","511491324","2026-07-14","","Karnataka","MJM Airdopes Prime TWS Earbuds Bluetooth 5.4 Wireless Earbuds with Deep Bass, HD Calling, Type-C Charging & 18 Hours Playback - Green","MJM-AIRDOPES-PRIME-GREEN","Free Size","1","300.0","300.0",
"CANCELLED","308618984696781376_1","511487094","2026-07-14","","Rajasthan","MJM Airdopes Prime TWS Earbuds Bluetooth 5.4 Wireless Earbuds with Deep Bass, HD Calling, Type-C Charging & 18 Hours Playback - Black","MJM-AIRDOPES-PRIME-BLACK","Free Size","1","300.0","300.0",
"DELIVERED","308630703225641472_1","511487094","2026-07-14","","Himachal Pradesh","MJM Airdopes Prime TWS Earbuds Bluetooth 5.4 Wireless Earbuds with Deep Bass, HD Calling, Type-C Charging & 18 Hours Playback - Black","MJM-AIRDOPES-PRIME-BLACK","Free Size","1","271.0","271.0","TAFVEBF20896188"
"RTO_COMPLETE","308631487203974016_1","511487094","2026-07-14","","Maharashtra","MJM Airdopes Prime TWS Earbuds Bluetooth 5.4 Wireless Earbuds with Deep Bass, HD Calling, Type-C Charging & 18 Hours Playback - Black","MJM-AIRDOPES-PRIME-BLACK","Free Size","1","300.0","300.0","TAFVEBF20896171"
"DELIVERED","308633294705728064_1","511487094","2026-07-14","","Bihar","MJM Airdopes Prime TWS Earbuds Bluetooth 5.4 Wireless Earbuds with Deep Bass, HD Calling, Type-C Charging & 18 Hours Playback - Black","MJM-AIRDOPES-PRIME-BLACK","Free Size","1","300.0","282.0","TAFVEBF20896181"
"DELIVERED","308643640036235776_1","511491324","2026-07-14","","Uttar Pradesh","MJM Airdopes Prime TWS Earbuds Bluetooth 5.4 Wireless Earbuds with Deep Bass, HD Calling, Type-C Charging & 18 Hours Playback - Green","MJM-AIRDOPES-PRIME-GREEN","Free Size","1","300.0","300.0","TP2RMEU01060462"
"DELIVERED","308655500563258240_1","511491324","2026-07-14","","Uttar Pradesh","MJM Airdopes Prime TWS Earbuds Bluetooth 5.4 Wireless Earbuds with Deep Bass, HD Calling, Type-C Charging & 18 Hours Playback - Green","MJM-AIRDOPES-PRIME-GREEN","Free Size","1","300.0","300.0","TP2RMEU01060461"
"DELIVERED","308684834061622144_1","509589936","2026-07-15","","Haryana","MJM Waterproof Bike Mobile Holder | 360? Rotatable Motorcycle Phone Mount | Touch Screen Rainproof Mobile Case for Bicycle, Scooter & Bike","MJM-A1BIKEHOLDER-360","Free Size","1","178.0","178.0","TP5SPEU09252856"
"DELIVERED","308767845121180160_1","511487094","2026-07-15","","Uttar Pradesh","MJM Airdopes Prime TWS Earbuds Bluetooth 5.4 Wireless Earbuds with Deep Bass, HD Calling, Type-C Charging & 18 Hours Playback - Black","MJM-AIRDOPES-PRIME-BLACK","Free Size","1","271.0","253.0","TAFVEBF20896185"
"DELIVERED","308800826095370880_1","511487094","2026-07-15","","Andhra Pradesh","MJM Airdopes Prime TWS Earbuds Bluetooth 5.4 Wireless Earbuds with Deep Bass, HD Calling, Type-C Charging & 18 Hours Playback - Black","MJM-AIRDOPES-PRIME-BLACK","Free Size","1","300.0","300.0","TAFVEBF20896187"
"DELIVERED","308813623818633728_1","511488761","2026-07-15","","Tamil Nadu","MJM Airdopes Prime TWS Earbuds Bluetooth 5.4 Wireless Earbuds with Deep Bass, HD Calling, Type-C Charging & 18 Hours Playback - Blue","MJM-AIRDOPES-PRIME-BLUE","Free Size","1","300.0","300.0","TAFVEBF20896200"
"DELIVERED","308828269921370752_1","511488761","2026-07-15","","Tamil Nadu","MJM Airdopes Prime TWS Earbuds Bluetooth 5.4 Wireless Earbuds with Deep Bass, HD Calling, Type-C Charging & 18 Hours Playback - Blue","MJM-AIRDOPES-PRIME-BLUE","Free Size","1","300.0","282.0","TP2RMEU01060491"
"RTO_COMPLETE","308828634293142208_1","511488761","2026-07-15","","Tamil Nadu","MJM Airdopes Prime TWS Earbuds Bluetooth 5.4 Wireless Earbuds with Deep Bass, HD Calling, Type-C Charging & 18 Hours Playback - Blue","MJM-AIRDOPES-PRIME-BLUE","Free Size","1","271.0","271.0","TP2RMEU01060494"
"DELIVERED","308832692666511936_1","511488761","2026-07-15","","Telangana","MJM Airdopes Prime TWS Earbuds Bluetooth 5.4 Wireless Earbuds with Deep Bass, HD Calling, Type-C Charging & 18 Hours Playback - Blue","MJM-AIRDOPES-PRIME-BLUE","Free Size","1","300.0","300.0","TP2RMEU01060492"
"DELIVERED","308835943283098176_1","511488761","2026-07-15","","Andhra Pradesh","MJM Airdopes Prime TWS Earbuds Bluetooth 5.4 Wireless Earbuds with Deep Bass, HD Calling, Type-C Charging & 18 Hours Playback - Blue","MJM-AIRDOPES-PRIME-BLUE","Free Size","1","271.0","271.0","TP2RMEU01060508"
"DELIVERED","308841604041605888_1","511488761","2026-07-15","","Uttar Pradesh","MJM Airdopes Prime TWS Earbuds Bluetooth 5.4 Wireless Earbuds with Deep Bass, HD Calling, Type-C Charging & 18 Hours Playback - Blue","MJM-AIRDOPES-PRIME-BLUE","Free Size","1","300.0","282.0","TP2RMEU01060483"
"DELIVERED","308857605386846720_1","511488761","2026-07-15","","Bihar","MJM Airdopes Prime TWS Earbuds Bluetooth 5.4 Wireless Earbuds with Deep Bass, HD Calling, Type-C Charging & 18 Hours Playback - Blue","MJM-AIRDOPES-PRIME-BLUE","Free Size","1","300.0","300.0","TP2RMEU01060478"
"RTO_COMPLETE","308861621311308544_1","511488761","2026-07-15","","Bihar","MJM Airdopes Prime TWS Earbuds Bluetooth 5.4 Wireless Earbuds with Deep Bass, HD Calling, Type-C Charging & 18 Hours Playback - Blue","MJM-AIRDOPES-PRIME-BLUE","Free Size","1","300.0","300.0","TP2RMEU01060496"
"DELIVERED","308864999596688000_1","511488761","2026-07-15","","Andhra Pradesh","MJM Airdopes Prime TWS Earbuds Bluetooth 5.4 Wireless Earbuds with Deep Bass, HD Calling, Type-C Charging & 18 Hours Playback - Blue","MJM-AIRDOPES-PRIME-BLUE","Free Size","1","300.0","300.0","TP2RMEU01060511"
"RTO_COMPLETE","308865824276546112_1","511488761","2026-07-15","","Gujarat","MJM Airdopes Prime TWS Earbuds Bluetooth 5.4 Wireless Earbuds with Deep Bass, HD Calling, Type-C Charging & 18 Hours Playback - Blue","MJM-AIRDOPES-PRIME-BLUE","Free Size","1","300.0","300.0","TP2RMEU01060504"
"RTO_COMPLETE","308879883730354880_1","508240986","2026-07-15","","Uttar Pradesh","MJM 360? Rotating Bike Mobile Holder Stand for Motorcycle, Bicycle & Scooter Handlebar Phone Mount","PT05-BIKESTAND","Free Size","1","170.0","170.0","TP4COEU06755406"
"DELIVERED","308881332472316544_1","511488761","2026-07-15","","Assam","MJM Airdopes Prime TWS Earbuds Bluetooth 5.4 Wireless Earbuds with Deep Bass, HD Calling, Type-C Charging & 18 Hours Playback - Blue","MJM-AIRDOPES-PRIME-BLUE","Free Size","1","271.0","253.0","TP2RMEU01060480"
"DELIVERED","308884159462572672_1","511488761","2026-07-15","","Haryana","MJM Airdopes Prime TWS Earbuds Bluetooth 5.4 Wireless Earbuds with Deep Bass, HD Calling, Type-C Charging & 18 Hours Playback - Blue","MJM-AIRDOPES-PRIME-BLUE","Free Size","1","300.0","300.0","TP2RMEU01060479"
"DELIVERED","308885009585079040_1","511488761","2026-07-15","","Bihar","MJM Airdopes Prime TWS Earbuds Bluetooth 5.4 Wireless Earbuds with Deep Bass, HD Calling, Type-C Charging & 18 Hours Playback - Blue","MJM-AIRDOPES-PRIME-BLUE","Free Size","1","300.0","300.0","TP2RMEU01060477"
"CANCELLED","308887232457146944_1","511487094","2026-07-15","","Uttar Pradesh","MJM Airdopes Prime TWS Earbuds Bluetooth 5.4 Wireless Earbuds with Deep Bass, HD Calling, Type-C Charging & 18 Hours Playback - Black","MJM-AIRDOPES-PRIME-BLACK","Free Size","1","300.0","300.0",
"DELIVERED","308890172257403648_1","511487094","2026-07-15","","Odisha","MJM Airdopes Prime TWS Earbuds Bluetooth 5.4 Wireless Earbuds with Deep Bass, HD Calling, Type-C Charging & 18 Hours Playback - Black","MJM-AIRDOPES-PRIME-BLACK","Free Size","1","300.0","300.0","TP2RMEU01060499"
"DELIVERED","308890196471120640_1","511488761","2026-07-15","","Gujarat","MJM Airdopes Prime TWS Earbuds Bluetooth 5.4 Wireless Earbuds with Deep Bass, HD Calling, Type-C Charging & 18 Hours Playback - Blue","MJM-AIRDOPES-PRIME-BLUE","Free Size","1","300.0","282.0","TP2RMEU01060493"
"RTO_COMPLETE","308891452933604032_1","511487094","2026-07-15","","Punjab","MJM Airdopes Prime TWS Earbuds Bluetooth 5.4 Wireless Earbuds with Deep Bass, HD Calling, Type-C Charging & 18 Hours Playback - Black","MJM-AIRDOPES-PRIME-BLACK","Free Size","1","271.0","271.0","TP2RMEU01060497"
"DELIVERED","308894727082803904_1","511488761","2026-07-15","","Madhya Pradesh","MJM Airdopes Prime TWS Earbuds Bluetooth 5.4 Wireless Earbuds with Deep Bass, HD Calling, Type-C Charging & 18 Hours Playback - Blue","MJM-AIRDOPES-PRIME-BLUE","Free Size","1","271.0","253.0","TP2RMEU01060489"
"DELIVERED","308899196825121344_1","508573229","2026-07-15","","Maharashtra","MJM Premium Metal Mobile Stand | 360? Rotation Adjustable Phone Holder | Foldable Desk Table Stand for Smartphone & Tablet","L396-STAND","Free Size","1","160.0","143.0","TP2RMEU01060515"
"CANCELLED","308933172514426240_1","511487094","2026-07-15","","Bihar","MJM Airdopes Prime TWS Earbuds Bluetooth 5.4 Wireless Earbuds with Deep Bass, HD Calling, Type-C Charging & 18 Hours Playback - Black","MJM-AIRDOPES-PRIME-BLACK","Free Size","1","300.0","300.0",
"CANCELLED","308988977092690624_1","511488761","2026-07-15","","Rajasthan","MJM Airdopes Prime TWS Earbuds Bluetooth 5.4 Wireless Earbuds with Deep Bass, HD Calling, Type-C Charging & 18 Hours Playback - Blue","MJM-AIRDOPES-PRIME-BLUE","Free Size","1","300.0","300.0",
"DELIVERED","308992667344372672_1","511487094","2026-07-15","","Maharashtra","MJM Airdopes Prime TWS Earbuds Bluetooth 5.4 Wireless Earbuds with Deep Bass, HD Calling, Type-C Charging & 18 Hours Playback - Black","MJM-AIRDOPES-PRIME-BLACK","Free Size","1","300.0","300.0","TAFVEBF20896176"
"DELIVERED","308993948256210304_1","511488761","2026-07-15","","Rajasthan","MJM Airdopes Prime TWS Earbuds Bluetooth 5.4 Wireless Earbuds with Deep Bass, HD Calling, Type-C Charging & 18 Hours Playback - Blue","MJM-AIRDOPES-PRIME-BLUE","Free Size","1","300.0","300.0","TP2RMEU01060487"
"DELIVERED","308995822509556800_1","511488761","2026-07-15","","Bihar","MJM Airdopes Prime TWS Earbuds Bluetooth 5.4 Wireless Earbuds with Deep Bass, HD Calling, Type-C Charging & 18 Hours Playback - Blue","MJM-AIRDOPES-PRIME-BLUE","Free Size","1","271.0","253.0","TP2RMEU01060486"
"DELIVERED","308996003319448256_1","511488761","2026-07-15","","Karnataka","MJM Airdopes Prime TWS Earbuds Bluetooth 5.4 Wireless Earbuds with Deep Bass, HD Calling, Type-C Charging & 18 Hours Playback - Blue","MJM-AIRDOPES-PRIME-BLUE","Free Size","1","271.0","271.0","TP2RMEU01060481"
"DELIVERED","308999826459264000_1","511487094","2026-07-15","","Haryana","MJM Airdopes Prime TWS Earbuds Bluetooth 5.4 Wireless Earbuds with Deep Bass, HD Calling, Type-C Charging & 18 Hours Playback - Black","MJM-AIRDOPES-PRIME-BLACK","Free Size","1","300.0","300.0","TP2RMEU01060476"
"DELIVERED","309000150590882816_1","511488761","2026-07-15","","Jammu & Kashmir","MJM Airdopes Prime TWS Earbuds Bluetooth 5.4 Wireless Earbuds with Deep Bass, HD Calling, Type-C Charging & 18 Hours Playback - Blue","MJM-AIRDOPES-PRIME-BLUE","Free Size","1","300.0","282.0","TAFVEBF20896193"
"DELIVERED","309000750556709952_1","511488761","2026-07-15","","Punjab","MJM Airdopes Prime TWS Earbuds Bluetooth 5.4 Wireless Earbuds with Deep Bass, HD Calling, Type-C Charging & 18 Hours Playback - Blue","MJM-AIRDOPES-PRIME-BLUE","Free Size","1","300.0","300.0","TP2RMEU01060490"
"DELIVERED","309002237668920704_1","511488761","2026-07-15","","Karnataka","MJM Airdopes Prime TWS Earbuds Bluetooth 5.4 Wireless Earbuds with Deep Bass, HD Calling, Type-C Charging & 18 Hours Playback - Blue","MJM-AIRDOPES-PRIME-BLUE","Free Size","1","271.0","271.0","TP2RMEU01060509"
"DELIVERED","309002383975711424_1","511488761","2026-07-15","","Telangana","MJM Airdopes Prime TWS Earbuds Bluetooth 5.4 Wireless Earbuds with Deep Bass, HD Calling, Type-C Charging & 18 Hours Playback - Blue","MJM-AIRDOPES-PRIME-BLUE","Free Size","1","300.0","300.0","TP2RMEU01060484"
"RTO_COMPLETE","309014872010720320_1","511488761","2026-07-15","","Maharashtra","MJM Airdopes Prime TWS Earbuds Bluetooth 5.4 Wireless Earbuds with Deep Bass, HD Calling, Type-C Charging & 18 Hours Playback - Blue","MJM-AIRDOPES-PRIME-BLUE","Free Size","1","300.0","300.0","TP2RMEU01060513"
"RTO_COMPLETE","309016755005752320_1","511488761","2026-07-15","","Uttar Pradesh","MJM Airdopes Prime TWS Earbuds Bluetooth 5.4 Wireless Earbuds with Deep Bass, HD Calling, Type-C Charging & 18 Hours Playback - Blue","MJM-AIRDOPES-PRIME-BLUE","Free Size","1","300.0","300.0","TP2RMEU01060495"
"CANCELLED","309017543245497280_1","511488761","2026-07-15","","Telangana","MJM Airdopes Prime TWS Earbuds Bluetooth 5.4 Wireless Earbuds with Deep Bass, HD Calling, Type-C Charging & 18 Hours Playback - Blue","MJM-AIRDOPES-PRIME-BLUE","Free Size","1","300.0","300.0",
"CANCELLED","309022634270720896_1","511488761","2026-07-15","","Uttar Pradesh","MJM Airdopes Prime TWS Earbuds Bluetooth 5.4 Wireless Earbuds with Deep Bass, HD Calling, Type-C Charging & 18 Hours Playback - Blue","MJM-AIRDOPES-PRIME-BLUE","Free Size","1","300.0","300.0",
"RTO_COMPLETE","309036092845100416_1","511487094","2026-07-16","","Dadra and Nagar Haveli and Daman and Diu","MJM Airdopes Prime TWS Earbuds Bluetooth 5.4 Wireless Earbuds with Deep Bass, HD Calling, Type-C Charging & 18 Hours Playback - Black","MJM-AIRDOPES-PRIME-BLACK","Free Size","1","271.0","271.0","TP2RMEU01060500"
"DELIVERED","309047815568264576_1","511488761","2026-07-16","","Maharashtra","MJM Airdopes Prime TWS Earbuds Bluetooth 5.4 Wireless Earbuds with Deep Bass, HD Calling, Type-C Charging & 18 Hours Playback - Blue","MJM-AIRDOPES-PRIME-BLUE","Free Size","1","271.0","271.0","TP2RMEU01060505"
"RTO_COMPLETE","309067647646106560_1","511488761","2026-07-16","","Maharashtra","MJM Airdopes Prime TWS Earbuds Bluetooth 5.4 Wireless Earbuds with Deep Bass, HD Calling, Type-C Charging & 18 Hours Playback - Blue","MJM-AIRDOPES-PRIME-BLUE","Free Size","1","271.0","271.0","TP2RMEU01060485"
"DELIVERED","309097936541647552_1","508240986","2026-07-16","","Karnataka","MJM 360? Rotating Bike Mobile Holder Stand for Motorcycle, Bicycle & Scooter Handlebar Phone Mount","PT05-BIKESTAND","Free Size","1","170.0","170.0","TP4COEU06755407"
"RTO_COMPLETE","309102425238572416_1","505105292","2026-07-16","","Telangana","MJM Waterproof Mobile Pouch Combo Pack of 8 | Universal Touch Screen Phone Cover with Neck Strap, Triple Lock Waterproof Case for Swimming, Travel, Beach & Rain Protection","3lockrainpouch-8pc","Free Size","1","127.0","109.0","TP2RMEU01771686"
"CANCELLED","309123863038592064_1","511488761","2026-07-16","","Punjab","MJM Airdopes Prime TWS Earbuds Bluetooth 5.4 Wireless Earbuds with Deep Bass, HD Calling, Type-C Charging & 18 Hours Playback - Blue","MJM-AIRDOPES-PRIME-BLUE","Free Size","1","300.0","300.0",
"DELIVERED","309126250885219392_1","511488761","2026-07-16","","Punjab","MJM Airdopes Prime TWS Earbuds Bluetooth 5.4 Wireless Earbuds with Deep Bass, HD Calling, Type-C Charging & 18 Hours Playback - Blue","MJM-AIRDOPES-PRIME-BLUE","Free Size","1","271.0","271.0","TP2RMEU01060510"
"CANCELLED","309137734663078848_1","511487094","2026-07-16","","Uttar Pradesh","MJM Airdopes Prime TWS Earbuds Bluetooth 5.4 Wireless Earbuds with Deep Bass, HD Calling, Type-C Charging & 18 Hours Playback - Black","MJM-AIRDOPES-PRIME-BLACK","Free Size","1","300.0","300.0",
"DELIVERED","309139531301585920_1","511487094","2026-07-16","","Jharkhand","MJM Airdopes Prime TWS Earbuds Bluetooth 5.4 Wireless Earbuds with Deep Bass, HD Calling, Type-C Charging & 18 Hours Playback - Black","MJM-AIRDOPES-PRIME-BLACK","Free Size","1","300.0","300.0","TP2RMEU01060473"
"DELIVERED","309142513162322944_1","511488761","2026-07-16","","Andhra Pradesh","MJM Airdopes Prime TWS Earbuds Bluetooth 5.4 Wireless Earbuds with Deep Bass, HD Calling, Type-C Charging & 18 Hours Playback - Blue","MJM-AIRDOPES-PRIME-BLUE","Free Size","1","300.0","300.0","TP2RMEU01060502"
"RTO_COMPLETE","309145783084420480_1","511488761","2026-07-16","","Uttar Pradesh","MJM Airdopes Prime TWS Earbuds Bluetooth 5.4 Wireless Earbuds with Deep Bass, HD Calling, Type-C Charging & 18 Hours Playback - Blue","MJM-AIRDOPES-PRIME-BLUE","Free Size","1","300.0","300.0","TP2RMEU01060488"
"DELIVERED","309147998213803392_1","485574721","2026-07-16","","Madhya Pradesh","MJM Interactive Dancing Cactus Toy ? Talking, Mimicking & Singing Plush Toy with LED Lights and USB Charging for Kids","Dancing-Cactus-01","Free Size","1","281.0","281.0","TP8RTEU03010776"
"DELIVERED","309152782139720640_1","511488761","2026-07-16","","Uttarakhand","MJM Airdopes Prime TWS Earbuds Bluetooth 5.4 Wireless Earbuds with Deep Bass, HD Calling, Type-C Charging & 18 Hours Playback - Blue","MJM-AIRDOPES-PRIME-BLUE","Free Size","1","300.0","300.0","TP2RMEU01060512"
"DELIVERED","309153979554792512_1","511487094","2026-07-16","","Andhra Pradesh","MJM Airdopes Prime TWS Earbuds Bluetooth 5.4 Wireless Earbuds with Deep Bass, HD Calling, Type-C Charging & 18 Hours Playback - Black","MJM-AIRDOPES-PRIME-BLACK","Free Size","1","300.0","300.0","TAFVEBF20896178"
"RTO_COMPLETE","309154427592180416_1","511488761","2026-07-16","","Bihar","MJM Airdopes Prime TWS Earbuds Bluetooth 5.4 Wireless Earbuds with Deep Bass, HD Calling, Type-C Charging & 18 Hours Playback - Blue","MJM-AIRDOPES-PRIME-BLUE","Free Size","1","300.0","300.0","TP2RMEU01060503"
"RTO_COMPLETE","309156983369272704_1","511487094","2026-07-16","","Maharashtra","MJM Airdopes Prime TWS Earbuds Bluetooth 5.4 Wireless Earbuds with Deep Bass, HD Calling, Type-C Charging & 18 Hours Playback - Black","MJM-AIRDOPES-PRIME-BLACK","Free Size","1","300.0","300.0","TP2RMEU01060498"
"DELIVERED","309157430967862272_1","508240986","2026-07-16","","Tamil Nadu","MJM 360? Rotating Bike Mobile Holder Stand for Motorcycle, Bicycle & Scooter Handlebar Phone Mount","PT05-BIKESTAND","Free Size","1","148.0","130.0","TP4COEU06755403"
"DELIVERED","309159140754916416_1","508240986","2026-07-16","","Delhi","MJM 360? Rotating Bike Mobile Holder Stand for Motorcycle, Bicycle & Scooter Handlebar Phone Mount","PT05-BIKESTAND","Free Size","1","170.0","170.0","TP4COEU06755405"
"DELIVERED","309170312489141184_1","508162782","2026-07-16","","Gujarat","MJM Crystal Pro Wireless Bluetooth Earbuds with Smart LED Display, 48H Playback, ENC Calling, Type-C Charging, Low Latency Gaming Earbuds","Crystalpro-black","Free Size","1","271.0","253.0","TP2RMEU01060514"
"DELIVERED","309175904456868864_1","511488761","2026-07-16","","Haryana","MJM Airdopes Prime TWS Earbuds Bluetooth 5.4 Wireless Earbuds with Deep Bass, HD Calling, Type-C Charging & 18 Hours Playback - Blue","MJM-AIRDOPES-PRIME-BLUE","Free Size","1","300.0","300.0","TP2RMEU01060507"
"DELIVERED","309176170816144320_1","504101529","2026-07-16","","Gujarat","MJM 2 in 1 Mobile Stand Combo | Metal Desktop Phone Holder + Adjustable Foldable Mobile & Tablet Stand","MJM-MTLSTND-CMB02","Free Size","1","111.0","93.0","TP4COEU06755404"
"DELIVERED","309177229831767104_1","505105292","2026-07-16","","Maharashtra","MJM Waterproof Mobile Pouch Combo Pack of 8 | Universal Touch Screen Phone Cover with Neck Strap, Triple Lock Waterproof Case for Swimming, Travel, Beach & Rain Protection","3lockrainpouch-8pc","Free Size","1","127.0","109.0","TP2RMEU01060544"
"DELIVERED","309182304747425153_1","511487094","2026-07-16","","West Bengal","MJM Airdopes Prime TWS Earbuds Bluetooth 5.4 Wireless Earbuds with Deep Bass, HD Calling, Type-C Charging & 18 Hours Playback - Black","MJM-AIRDOPES-PRIME-BLACK","Free Size","1","271.0","253.0","TP2RMEU01060474"
"DELIVERED","309182756454073024_1","511488761","2026-07-16","","Odisha","MJM Airdopes Prime TWS Earbuds Bluetooth 5.4 Wireless Earbuds with Deep Bass, HD Calling, Type-C Charging & 18 Hours Playback - Blue","MJM-AIRDOPES-PRIME-BLUE","Free Size","1","300.0","300.0","TP2RMEU01060506"
"RTO_COMPLETE","309182794746233856_1","511488761","2026-07-16","","Maharashtra","MJM Airdopes Prime TWS Earbuds Bluetooth 5.4 Wireless Earbuds with Deep Bass, HD Calling, Type-C Charging & 18 Hours Playback - Blue","MJM-AIRDOPES-PRIME-BLUE","Free Size","1","300.0","300.0","TP2RMEU01060501"
"RTO_COMPLETE","309183071701077376_1","511487094","2026-07-16","","Maharashtra","MJM Airdopes Prime TWS Earbuds Bluetooth 5.4 Wireless Earbuds with Deep Bass, HD Calling, Type-C Charging & 18 Hours Playback - Black","MJM-AIRDOPES-PRIME-BLACK","Free Size","1","271.0","271.0","TP2RMEU01060475"
"RTO_COMPLETE","309183875192390336_1","511488761","2026-07-16","","Madhya Pradesh","MJM Airdopes Prime TWS Earbuds Bluetooth 5.4 Wireless Earbuds with Deep Bass, HD Calling, Type-C Charging & 18 Hours Playback - Blue","MJM-AIRDOPES-PRIME-BLUE","Free Size","1","300.0","300.0","TP2RMEU01060482"
"CANCELLED","309186969966906752_1","511488761","2026-07-16","","Odisha","MJM Airdopes Prime TWS Earbuds Bluetooth 5.4 Wireless Earbuds with Deep Bass, HD Calling, Type-C Charging & 18 Hours Playback - Blue","MJM-AIRDOPES-PRIME-BLUE","Free Size","1","300.0","300.0",
"DELIVERED","309188779348787904_1","511488761","2026-07-16","","Madhya Pradesh","MJM Airdopes Prime TWS Earbuds Bluetooth 5.4 Wireless Earbuds with Deep Bass, HD Calling, Type-C Charging & 18 Hours Playback - Blue","MJM-AIRDOPES-PRIME-BLUE","Free Size","1","271.0","271.0","TP2RMEU01060536"
"CANCELLED","309189660129821696_1","511488761","2026-07-16","","Odisha","MJM Airdopes Prime TWS Earbuds Bluetooth 5.4 Wireless Earbuds with Deep Bass, HD Calling, Type-C Charging & 18 Hours Playback - Blue","MJM-AIRDOPES-PRIME-BLUE","Free Size","1","300.0","300.0",
"RTO_COMPLETE","309189863433765568_1","511487094","2026-07-16","","Haryana","MJM Airdopes Prime TWS Earbuds Bluetooth 5.4 Wireless Earbuds with Deep Bass, HD Calling, Type-C Charging & 18 Hours Playback - Black","MJM-AIRDOPES-PRIME-BLACK","Free Size","1","300.0","300.0","TP2RMEU01060520"
"DELIVERED","309190798742586048_1","511488761","2026-07-16","","Uttarakhand","MJM Airdopes Prime TWS Earbuds Bluetooth 5.4 Wireless Earbuds with Deep Bass, HD Calling, Type-C Charging & 18 Hours Playback - Blue","MJM-AIRDOPES-PRIME-BLUE","Free Size","1","300.0","300.0","TP2RMEU01060535"
"RTO_COMPLETE","309190986788932992_1","511488761","2026-07-16","","Telangana","MJM Airdopes Prime TWS Earbuds Bluetooth 5.4 Wireless Earbuds with Deep Bass, HD Calling, Type-C Charging & 18 Hours Playback - Blue","MJM-AIRDOPES-PRIME-BLUE","Free Size","1","271.0","271.0","TP2RMEU01060537"
"DELIVERED","309193755591609728_1","511488761","2026-07-16","","Tamil Nadu","MJM Airdopes Prime TWS Earbuds Bluetooth 5.4 Wireless Earbuds with Deep Bass, HD Calling, Type-C Charging & 18 Hours Playback - Blue","MJM-AIRDOPES-PRIME-BLUE","Free Size","1","300.0","300.0","TP2RMEU01060534"
"DELIVERED","309194225040163520_1","511487094","2026-07-16","","Haryana","MJM Airdopes Prime TWS Earbuds Bluetooth 5.4 Wireless Earbuds with Deep Bass, HD Calling, Type-C Charging & 18 Hours Playback - Black","MJM-AIRDOPES-PRIME-BLACK","Free Size","1","300.0","282.0","TP2RMEU01060526"
"DELIVERED","309194619182026112_1","508240986","2026-07-16","","Bihar","MJM 360? Rotating Bike Mobile Holder Stand for Motorcycle, Bicycle & Scooter Handlebar Phone Mount","PT05-BIKESTAND","Free Size","1","148.0","130.0","TP4COEU05312460"
"RTO_COMPLETE","309195561112896448_1","511487094","2026-07-16","","Bihar","MJM Airdopes Prime TWS Earbuds Bluetooth 5.4 Wireless Earbuds with Deep Bass, HD Calling, Type-C Charging & 18 Hours Playback - Black","MJM-AIRDOPES-PRIME-BLACK","Free Size","1","300.0","300.0","TP2RMEU01060517"
"CANCELLED","309198424425825344_1","511488761","2026-07-16","","Maharashtra","MJM Airdopes Prime TWS Earbuds Bluetooth 5.4 Wireless Earbuds with Deep Bass, HD Calling, Type-C Charging & 18 Hours Playback - Blue","MJM-AIRDOPES-PRIME-BLUE","Free Size","1","300.0","300.0",
"DELIVERED","309199400503280512_1","511488761","2026-07-16","","Maharashtra","MJM Airdopes Prime TWS Earbuds Bluetooth 5.4 Wireless Earbuds with Deep Bass, HD Calling, Type-C Charging & 18 Hours Playback - Blue","MJM-AIRDOPES-PRIME-BLUE","Free Size","1","271.0","271.0","TP2RMEU01060518"
"CANCELLED","309202075064140864_1","511488761","2026-07-16","","Andaman & Nicobar Islands","MJM Airdopes Prime TWS Earbuds Bluetooth 5.4 Wireless Earbuds with Deep Bass, HD Calling, Type-C Charging & 18 Hours Playback - Blue","MJM-AIRDOPES-PRIME-BLUE","Free Size","1","300.0","282.0",
"DELIVERED","309203951421424320_1","511488761","2026-07-16","","Karnataka","MJM Airdopes Prime TWS Earbuds Bluetooth 5.4 Wireless Earbuds with Deep Bass, HD Calling, Type-C Charging & 18 Hours Playback - Blue","MJM-AIRDOPES-PRIME-BLUE","Free Size","1","300.0","300.0","TP2RMEU01060532"
"RTO_COMPLETE","309204019138462400_1","511488761","2026-07-16","","Uttar Pradesh","MJM Airdopes Prime TWS Earbuds Bluetooth 5.4 Wireless Earbuds with Deep Bass, HD Calling, Type-C Charging & 18 Hours Playback - Blue","MJM-AIRDOPES-PRIME-BLUE","Free Size","1","271.0","271.0","TP2RMEU01060538"
"DELIVERED","309208796026015104_1","511487094","2026-07-16","","Bihar","MJM Airdopes Prime TWS Earbuds Bluetooth 5.4 Wireless Earbuds with Deep Bass, HD Calling, Type-C Charging & 18 Hours Playback - Black","MJM-AIRDOPES-PRIME-BLACK","Free Size","1","271.0","271.0","TP2RMEU01060529"
"DELIVERED","309209304460624576_1","511487094","2026-07-16","","Delhi","MJM Airdopes Prime TWS Earbuds Bluetooth 5.4 Wireless Earbuds with Deep Bass, HD Calling, Type-C Charging & 18 Hours Playback - Black","MJM-AIRDOPES-PRIME-BLACK","Free Size","1","271.0","271.0","TP2RMEU01060521"
"DELIVERED","309210674634883776_1","511488761","2026-07-16","","Uttar Pradesh","MJM Airdopes Prime TWS Earbuds Bluetooth 5.4 Wireless Earbuds with Deep Bass, HD Calling, Type-C Charging & 18 Hours Playback - Blue","MJM-AIRDOPES-PRIME-BLUE","Free Size","1","300.0","282.0","TP2RMEU01060533"
"DELIVERED","309215238362956672_1","509589936","2026-07-16","","Gujarat","MJM Waterproof Bike Mobile Holder | 360? Rotatable Motorcycle Phone Mount | Touch Screen Rainproof Mobile Case for Bicycle, Scooter & Bike","MJM-A1BIKEHOLDER-360","Free Size","1","178.0","160.0","TP5SPEU09252862"
"DELIVERED","309228950780052352_1","506810503","2026-07-16","","Gujarat","MJM 10 Pieces 10 Watt LED Bulb Combo Pack | Cool White Energy Saving LED Light Bulbs | Long Lasting Bright Light for Home, Office, Shop | B22 Base","10wled-10pcs-leo","Free Size","1","181.0","163.0","TP8RTEU03010785"
"DELIVERED","309230924904727616_1","511487094","2026-07-16","","Gujarat","MJM Airdopes Prime TWS Earbuds Bluetooth 5.4 Wireless Earbuds with Deep Bass, HD Calling, Type-C Charging & 18 Hours Playback - Black","MJM-AIRDOPES-PRIME-BLACK","Free Size","1","271.0","253.0","TP2RMEU01060552"
"CANCELLED","309234712123998912_1","508240986","2026-07-16","","West Bengal","MJM 360? Rotating Bike Mobile Holder Stand for Motorcycle, Bicycle & Scooter Handlebar Phone Mount","PT05-BIKESTAND","Free Size","1","170.0","170.0",
"DELIVERED","309249404173485120_1","505105292","2026-07-16","","Maharashtra","MJM Waterproof Mobile Pouch Combo Pack of 8 | Universal Touch Screen Phone Cover with Neck Strap, Triple Lock Waterproof Case for Swimming, Travel, Beach & Rain Protection","3lockrainpouch-8pc","Free Size","1","127.0","109.0","TP2RMEU01771691"
"DELIVERED","309251016690435136_1","511487094","2026-07-16","","Haryana","MJM Airdopes Prime TWS Earbuds Bluetooth 5.4 Wireless Earbuds with Deep Bass, HD Calling, Type-C Charging & 18 Hours Playback - Black","MJM-AIRDOPES-PRIME-BLACK","Free Size","1","300.0","282.0","TP2RMEU01060530"
"DELIVERED","309256555869408640_1","508240986","2026-07-16","","Maharashtra","MJM 360? Rotating Bike Mobile Holder Stand for Motorcycle, Bicycle & Scooter Handlebar Phone Mount","PT05-BIKESTAND","Free Size","1","170.0","170.0","TP4COEU05312473"
"DELIVERED","309265377385185984_1","511487094","2026-07-16","","Rajasthan","MJM Airdopes Prime TWS Earbuds Bluetooth 5.4 Wireless Earbuds with Deep Bass, HD Calling, Type-C Charging & 18 Hours Playback - Black","MJM-AIRDOPES-PRIME-BLACK","Free Size","1","300.0","282.0","TP2RMEU01060523"
"CANCELLED","309272822704964480_1","505105292","2026-07-16","","Bihar","MJM Waterproof Mobile Pouch Combo Pack of 8 | Universal Touch Screen Phone Cover with Neck Strap, Triple Lock Waterproof Case for Swimming, Travel, Beach & Rain Protection","3lockrainpouch-8pc","Free Size","1","127.0","127.0",
"DELIVERED","309283773747495872_1","508573229","2026-07-16","","Gujarat","MJM Premium Metal Mobile Stand | 360? Rotation Adjustable Phone Holder | Foldable Desk Table Stand for Smartphone & Tablet","L396-STAND","Free Size","1","141.0","124.0","TP2RMEU01060539"
"DELIVERED","309283932541485760_1","511487094","2026-07-16","","Bihar","MJM Airdopes Prime TWS Earbuds Bluetooth 5.4 Wireless Earbuds with Deep Bass, HD Calling, Type-C Charging & 18 Hours Playback - Black","MJM-AIRDOPES-PRIME-BLACK","Free Size","1","300.0","282.0","TP2RMEU01060531"
"DELIVERED","309288271647802432_1","511487094","2026-07-16","","Uttarakhand","MJM Airdopes Prime TWS Earbuds Bluetooth 5.4 Wireless Earbuds with Deep Bass, HD Calling, Type-C Charging & 18 Hours Playback - Black","MJM-AIRDOPES-PRIME-BLACK","Free Size","1","271.0","271.0","TP2RMEU01060519"
"DELIVERED","309289784906548096_1","508240986","2026-07-16","","Uttar Pradesh","MJM 360? Rotating Bike Mobile Holder Stand for Motorcycle, Bicycle & Scooter Handlebar Phone Mount","PT05-BIKESTAND","Free Size","1","148.0","148.0","TP4COEU05312467"
"DELIVERED","309297134451229568_1","511487094","2026-07-16","","Uttar Pradesh","MJM Airdopes Prime TWS Earbuds Bluetooth 5.4 Wireless Earbuds with Deep Bass, HD Calling, Type-C Charging & 18 Hours Playback - Black","MJM-AIRDOPES-PRIME-BLACK","Free Size","1","300.0","300.0","TP2RMEU01060516"
"DELIVERED","309301023382373057_1","508240986","2026-07-16","","Gujarat","MJM 360? Rotating Bike Mobile Holder Stand for Motorcycle, Bicycle & Scooter Handlebar Phone Mount","PT05-BIKESTAND","Free Size","1","170.0","152.0","TP4COEU05312461"
"CANCELLED","309308772336962944_1","508240986","2026-07-16","","Uttar Pradesh","MJM 360? Rotating Bike Mobile Holder Stand for Motorcycle, Bicycle & Scooter Handlebar Phone Mount","PT05-BIKESTAND","Free Size","1","170.0","170.0",
"LOST","309310191529296832_1","508240986","2026-07-16","","Uttar Pradesh","MJM 360? Rotating Bike Mobile Holder Stand for Motorcycle, Bicycle & Scooter Handlebar Phone Mount","PT05-BIKESTAND","Free Size","1","170.0","170.0","TP4COEU05312459"
"RTO_COMPLETE","309331367875773120_1","511487094","2026-07-16","","Uttar Pradesh","MJM Airdopes Prime TWS Earbuds Bluetooth 5.4 Wireless Earbuds with Deep Bass, HD Calling, Type-C Charging & 18 Hours Playback - Black","MJM-AIRDOPES-PRIME-BLACK","Free Size","1","300.0","300.0","TP2RMEU01060524"
"DELIVERED","309335155675139456_1","485574721","2026-07-16","","Odisha","MJM Interactive Dancing Cactus Toy ? Talking, Mimicking & Singing Plush Toy with LED Lights and USB Charging for Kids","Dancing-Cactus-01","Free Size","1","281.0","281.0","TP8RTEU03010773"
"DELIVERED","309340519460146560_1","506810503","2026-07-16","","Uttar Pradesh","MJM 10 Pieces 10 Watt LED Bulb Combo Pack | Cool White Energy Saving LED Light Bulbs | Long Lasting Bright Light for Home, Office, Shop | B22 Base","10wled-10pcs-leo","Free Size","1","200.0","200.0","TP8RTEU03010772"
"DELIVERED","309352363179836416_1","506810503","2026-07-16","","Jharkhand","MJM 10 Pieces 10 Watt LED Bulb Combo Pack | Cool White Energy Saving LED Light Bulbs | Long Lasting Bright Light for Home, Office, Shop | B22 Base","10wled-10pcs-leo","Free Size","1","181.0","163.0","TP8RTEU03010771"
"DELIVERED","309352338547445120_1","508573229","2026-07-16","","Tamil Nadu","MJM Premium Metal Mobile Stand | 360? Rotation Adjustable Phone Holder | Foldable Desk Table Stand for Smartphone & Tablet","L396-STAND","Free Size","1","160.0","143.0",
"DELIVERED","309362768300147648_1","506810503","2026-07-16","","Jharkhand","MJM 10 Pieces 10 Watt LED Bulb Combo Pack | Cool White Energy Saving LED Light Bulbs | Long Lasting Bright Light for Home, Office, Shop | B22 Base","10wled-10pcs-leo","Free Size","1","200.0","182.0","TP8RTEU03010774"
"CANCELLED","309364723005195200_1","511487094","2026-07-16","","Karnataka","MJM Airdopes Prime TWS Earbuds Bluetooth 5.4 Wireless Earbuds with Deep Bass, HD Calling, Type-C Charging & 18 Hours Playback - Black","MJM-AIRDOPES-PRIME-BLACK","Free Size","1","271.0","271.0",
"DELIVERED","309365294793687937_1","508573229","2026-07-16","","Uttar Pradesh","MJM Premium Metal Mobile Stand | 360? Rotation Adjustable Phone Holder | Foldable Desk Table Stand for Smartphone & Tablet","L396-STAND","Free Size","1","160.0","160.0","TP2RMEU01060540"
"RTO_COMPLETE","309368438065660608_1","508240986","2026-07-16","","Uttar Pradesh","MJM 360? Rotating Bike Mobile Holder Stand for Motorcycle, Bicycle & Scooter Handlebar Phone Mount","PT05-BIKESTAND","Free Size","1","170.0","170.0","TP4COEU05312468"
"DELIVERED","309373587872220224_1","508240986","2026-07-16","","Tamil Nadu","MJM 360? Rotating Bike Mobile Holder Stand for Motorcycle, Bicycle & Scooter Handlebar Phone Mount","PT05-BIKESTAND","Free Size","1","170.0","170.0","TP4COEU05312469"
"RTO_COMPLETE","309373912318411712_1","508162782","2026-07-16","","Odisha","MJM Crystal Pro Wireless Bluetooth Earbuds with Smart LED Display, 48H Playback, ENC Calling, Type-C Charging, Low Latency Gaming Earbuds","Crystalpro-black","Free Size","1","300.0","300.0","TP2RMEU01060543"
"DELIVERED","309375773516402048_1","508240986","2026-07-16","","Gujarat","MJM 360? Rotating Bike Mobile Holder Stand for Motorcycle, Bicycle & Scooter Handlebar Phone Mount","PT05-BIKESTAND","Free Size","1","170.0","152.0","TP4COEU05312464"
"DELIVERED","309376188697972096_1","508240986","2026-07-16","","Uttar Pradesh","MJM 360? Rotating Bike Mobile Holder Stand for Motorcycle, Bicycle & Scooter Handlebar Phone Mount","PT05-BIKESTAND","Free Size","1","148.0","130.0","TP4COEU05312466"
"DELIVERED","309395502785299136_1","508240986","2026-07-16","","Karnataka","MJM 360? Rotating Bike Mobile Holder Stand for Motorcycle, Bicycle & Scooter Handlebar Phone Mount","PT05-BIKESTAND","Free Size","1","170.0","152.0","TP4COEU05312462"
"RTO_COMPLETE","309468937886827392_1","508240986","2026-07-17","","Uttar Pradesh","MJM 360? Rotating Bike Mobile Holder Stand for Motorcycle, Bicycle & Scooter Handlebar Phone Mount","PT05-BIKESTAND","Free Size","1","170.0","170.0","TP4COEU05312465"
"DELIVERED","309476665711592448_1","508240986","2026-07-17","","Bihar","MJM 360? Rotating Bike Mobile Holder Stand for Motorcycle, Bicycle & Scooter Handlebar Phone Mount","PT05-BIKESTAND","Free Size","1","148.0","148.0","TP4COEU05312470"
"DELIVERED","309486911049892800_1","508240986","2026-07-17","","West Bengal","MJM 360? Rotating Bike Mobile Holder Stand for Motorcycle, Bicycle & Scooter Handlebar Phone Mount","PT05-BIKESTAND","Free Size","1","148.0","130.0","TP4COEU05312463"
"RTO_COMPLETE","309503129723011968_1","511487094","2026-07-17","","Madhya Pradesh","MJM Airdopes Prime TWS Earbuds Bluetooth 5.4 Wireless Earbuds with Deep Bass, HD Calling, Type-C Charging & 18 Hours Playback - Black","MJM-AIRDOPES-PRIME-BLACK","Free Size","1","300.0","300.0","TP2RMEU01060522"
"RTO_COMPLETE","309517178729565568_1","511487094","2026-07-17","","Andhra Pradesh","MJM Airdopes Prime TWS Earbuds Bluetooth 5.4 Wireless Earbuds with Deep Bass, HD Calling, Type-C Charging & 18 Hours Playback - Black","MJM-AIRDOPES-PRIME-BLACK","Free Size","1","300.0","300.0","TP2RMEU01060525"
"RTO_COMPLETE","309524357641571712_1","505105292","2026-07-17","","Odisha","MJM Waterproof Mobile Pouch Combo Pack of 8 | Universal Touch Screen Phone Cover with Neck Strap, Triple Lock Waterproof Case for Swimming, Travel, Beach & Rain Protection","3lockrainpouch-8pc","Free Size","1","127.0","127.0","TP2RMEU01060542"
"DELIVERED","309530280335442624_1","511487094","2026-07-17","","Bihar","MJM Airdopes Prime TWS Earbuds Bluetooth 5.4 Wireless Earbuds with Deep Bass, HD Calling, Type-C Charging & 18 Hours Playback - Black","MJM-AIRDOPES-PRIME-BLACK","Free Size","1","300.0","282.0","TP2RMEU01060527"
"DELIVERED","309546436217996224_1","511487094","2026-07-17","","Haryana","MJM Airdopes Prime TWS Earbuds Bluetooth 5.4 Wireless Earbuds with Deep Bass, HD Calling, Type-C Charging & 18 Hours Playback - Black","MJM-AIRDOPES-PRIME-BLACK","Free Size","1","271.0","253.0","TP2RMEU01060528"
"DELIVERED","309579670142256000_1","511487094","2026-07-17","","Tamil Nadu","MJM Airdopes Prime TWS Earbuds Bluetooth 5.4 Wireless Earbuds with Deep Bass, HD Calling, Type-C Charging & 18 Hours Playback - Black","MJM-AIRDOPES-PRIME-BLACK","Free Size","1","271.0","253.0","TP2RMEU01771700"
"DELIVERED","309584586692822016_1","511487094","2026-07-17","","Bihar","MJM Airdopes Prime TWS Earbuds Bluetooth 5.4 Wireless Earbuds with Deep Bass, HD Calling, Type-C Charging & 18 Hours Playback - Black","MJM-AIRDOPES-PRIME-BLACK","Free Size","1","271.0","271.0","TP2RMEU01060547"
"DELIVERED","309590733810238528_1","505105292","2026-07-17","","Gujarat","MJM Waterproof Mobile Pouch Combo Pack of 8 | Universal Touch Screen Phone Cover with Neck Strap, Triple Lock Waterproof Case for Swimming, Travel, Beach & Rain Protection","3lockrainpouch-8pc","Free Size","1","127.0","109.0","TP2RMEU01060549"
"DELIVERED","309597743457668480_1","511487094","2026-07-17","","Tamil Nadu","MJM Airdopes Prime TWS Earbuds Bluetooth 5.4 Wireless Earbuds with Deep Bass, HD Calling, Type-C Charging & 18 Hours Playback - Black","MJM-AIRDOPES-PRIME-BLACK","Free Size","1","300.0","300.0","TP2RMEU01060550"
"RTO_COMPLETE","309601644595839873_1","508573229","2026-07-17","","Bihar","MJM Premium Metal Mobile Stand | 360? Rotation Adjustable Phone Holder | Foldable Desk Table Stand for Smartphone & Tablet","L396-STAND","Free Size","1","141.0","124.0","TP2RMEU01771709"
"DELIVERED","309602154413491136_1","511487094","2026-07-17","","Tamil Nadu","MJM Airdopes Prime TWS Earbuds Bluetooth 5.4 Wireless Earbuds with Deep Bass, HD Calling, Type-C Charging & 18 Hours Playback - Black","MJM-AIRDOPES-PRIME-BLACK","Free Size","1","300.0","300.0","TP2RMEU01771698"
"DELIVERED","309602173929587776_1","511487094","2026-07-17","","Andhra Pradesh","MJM Airdopes Prime TWS Earbuds Bluetooth 5.4 Wireless Earbuds with Deep Bass, HD Calling, Type-C Charging & 18 Hours Playback - Black","MJM-AIRDOPES-PRIME-BLACK","Free Size","1","271.0","271.0","TP2RMEU01771704"
"RTO_COMPLETE","309607034150650816_1","511487094","2026-07-17","","Karnataka","MJM Airdopes Prime TWS Earbuds Bluetooth 5.4 Wireless Earbuds with Deep Bass, HD Calling, Type-C Charging & 18 Hours Playback - Black","MJM-AIRDOPES-PRIME-BLACK","Free Size","1","300.0","300.0","TP2RMEU01771707"
"DELIVERED","309617430761475456_1","511487094","2026-07-17","","Haryana","MJM Airdopes Prime TWS Earbuds Bluetooth 5.4 Wireless Earbuds with Deep Bass, HD Calling, Type-C Charging & 18 Hours Playback - Black","MJM-AIRDOPES-PRIME-BLACK","Free Size","1","300.0","300.0","TP2RMEU01771708"
"RTO_COMPLETE","309618833352754240_1","511487094","2026-07-17","","Uttar Pradesh","MJM Airdopes Prime TWS Earbuds Bluetooth 5.4 Wireless Earbuds with Deep Bass, HD Calling, Type-C Charging & 18 Hours Playback - Black","MJM-AIRDOPES-PRIME-BLACK","Free Size","1","300.0","300.0","TP2RMEU01771702"
"RTO_COMPLETE","309621682463769600_1","505105292","2026-07-17","","Odisha","MJM Waterproof Mobile Pouch Combo Pack of 8 | Universal Touch Screen Phone Cover with Neck Strap, Triple Lock Waterproof Case for Swimming, Travel, Beach & Rain Protection","3lockrainpouch-8pc","Free Size","1","146.0","146.0","TP2RMEU01060470"
"DELIVERED","309624150224470912_1","511487094","2026-07-17","","Telangana","MJM Airdopes Prime TWS Earbuds Bluetooth 5.4 Wireless Earbuds with Deep Bass, HD Calling, Type-C Charging & 18 Hours Playback - Black","MJM-AIRDOPES-PRIME-BLACK","Free Size","1","271.0","271.0","TP2RMEU01771705"
"CANCELLED","309625328987472768_1","511491324","2026-07-17","","Uttar Pradesh","MJM Airdopes Prime TWS Earbuds Bluetooth 5.4 Wireless Earbuds with Deep Bass, HD Calling, Type-C Charging & 18 Hours Playback - Green","MJM-AIRDOPES-PRIME-GREEN","Free Size","1","271.0","271.0",
"DELIVERED","309643653872288832_1","508240986","2026-07-17","","Karnataka","MJM 360? Rotating Bike Mobile Holder Stand for Motorcycle, Bicycle & Scooter Handlebar Phone Mount","PT05-BIKESTAND","Free Size","1","170.0","170.0","TP4COEU05312472"
"DELIVERED","309647133481304768_1","505105292","2026-07-17","","Madhya Pradesh","MJM Waterproof Mobile Pouch Combo Pack of 8 | Universal Touch Screen Phone Cover with Neck Strap, Triple Lock Waterproof Case for Swimming, Travel, Beach & Rain Protection","3lockrainpouch-8pc","Free Size","1","146.0","128.0","TP2RMEU01060548"
"CANCELLED","309672971683955776_1","511487094","2026-07-17","","Jammu & Kashmir","MJM Airdopes Prime TWS Earbuds Bluetooth 5.4 Wireless Earbuds with Deep Bass, HD Calling, Type-C Charging & 18 Hours Playback - Black","MJM-AIRDOPES-PRIME-BLACK","Free Size","1","271.0","271.0",
"DELIVERED","309674103927931968_1","511487094","2026-07-17","","Rajasthan","MJM Airdopes Prime TWS Earbuds Bluetooth 5.4 Wireless Earbuds with Deep Bass, HD Calling, Type-C Charging & 18 Hours Playback - Black","MJM-AIRDOPES-PRIME-BLACK","Free Size","1","300.0","282.0","TP2RMEU01771703"
"DELIVERED","309679327358944128_1","511487094","2026-07-17","","Tripura","MJM Airdopes Prime TWS Earbuds Bluetooth 5.4 Wireless Earbuds with Deep Bass, HD Calling, Type-C Charging & 18 Hours Playback - Black","MJM-AIRDOPES-PRIME-BLACK","Free Size","1","300.0","300.0","TP2RMEU01771701"
"CANCELLED","309696692651754176_1","508573229","2026-07-17","","Rajasthan","MJM Premium Metal Mobile Stand | 360? Rotation Adjustable Phone Holder | Foldable Desk Table Stand for Smartphone & Tablet","L396-STAND","Free Size","1","160.0","160.0",
"DELIVERED","309705648050996160_1","511487094","2026-07-17","","Delhi","MJM Airdopes Prime TWS Earbuds Bluetooth 5.4 Wireless Earbuds with Deep Bass, HD Calling, Type-C Charging & 18 Hours Playback - Black","MJM-AIRDOPES-PRIME-BLACK","Free Size","1","300.0","300.0","TP2RMEU01771706"
"DELIVERED","309708035872457728_1","505105292","2026-07-17","","Gujarat","MJM Waterproof Mobile Pouch Combo Pack of 8 | Universal Touch Screen Phone Cover with Neck Strap, Triple Lock Waterproof Case for Swimming, Travel, Beach & Rain Protection","3lockrainpouch-8pc","Free Size","1","127.0","109.0","TP2RMEU01060545"
"DELIVERED","309709055718231424_1","508240986","2026-07-17","","Haryana","MJM 360? Rotating Bike Mobile Holder Stand for Motorcycle, Bicycle & Scooter Handlebar Phone Mount","PT05-BIKESTAND","Free Size","1","148.0","130.0","TP4COEU05312471"
"DELIVERED","309717554849580032_1","508240986","2026-07-17","","Madhya Pradesh","MJM 360? Rotating Bike Mobile Holder Stand for Motorcycle, Bicycle & Scooter Handlebar Phone Mount","PT05-BIKESTAND","Free Size","1","148.0","130.0","TP4COEU05312478"
"DELIVERED","309723535520236608_1","511487094","2026-07-17","","Gujarat","MJM Airdopes Prime TWS Earbuds Bluetooth 5.4 Wireless Earbuds with Deep Bass, HD Calling, Type-C Charging & 18 Hours Playback - Black","MJM-AIRDOPES-PRIME-BLACK","Free Size","1","300.0","300.0","TP2RMEU01771699"
"RTO_COMPLETE","309727917629148545_1","508240986","2026-07-17","","Odisha","MJM 360? Rotating Bike Mobile Holder Stand for Motorcycle, Bicycle & Scooter Handlebar Phone Mount","PT05-BIKESTAND","Free Size","1","170.0","170.0","TP4COEU05312476"
"DELIVERED","309744025039209344_1","505105292","2026-07-17","","Delhi","MJM Waterproof Mobile Pouch Combo Pack of 8 | Universal Touch Screen Phone Cover with Neck Strap, Triple Lock Waterproof Case for Swimming, Travel, Beach & Rain Protection","3lockrainpouch-8pc","Free Size","1","127.0","109.0","TP2RMEU01060546"
"DELIVERED","309757444534502400_1","508240986","2026-07-17","","Delhi","MJM 360? Rotating Bike Mobile Holder Stand for Motorcycle, Bicycle & Scooter Handlebar Phone Mount","PT05-BIKESTAND","Free Size","1","170.0","170.0","TP4COEU05312475"
"DELIVERED","309857209163121600_1","508240986","2026-07-18","","Uttar Pradesh","MJM 360? Rotating Bike Mobile Holder Stand for Motorcycle, Bicycle & Scooter Handlebar Phone Mount","PT05-BIKESTAND","Free Size","1","170.0","170.0","TP4COEU05312477"
"DELIVERED","309905300364919808_1","505105292","2026-07-18","","Odisha","MJM Waterproof Mobile Pouch Combo Pack of 8 | Universal Touch Screen Phone Cover with Neck Strap, Triple Lock Waterproof Case for Swimming, Travel, Beach & Rain Protection","3lockrainpouch-8pc","Free Size","1","146.0","128.0","TP2RMEU01771687"
"RTO_COMPLETE","309907925199946432_1","505105292","2026-07-18","","West Bengal","MJM Waterproof Mobile Pouch Combo Pack of 8 | Universal Touch Screen Phone Cover with Neck Strap, Triple Lock Waterproof Case for Swimming, Travel, Beach & Rain Protection","3lockrainpouch-8pc","Free Size","1","146.0","146.0","TP2RMEU01771693"
"RTO_COMPLETE","309911390699848768_1","505105292","2026-07-18","","Andhra Pradesh","MJM Waterproof Mobile Pouch Combo Pack of 8 | Universal Touch Screen Phone Cover with Neck Strap, Triple Lock Waterproof Case for Swimming, Travel, Beach & Rain Protection","3lockrainpouch-8pc","Free Size","1","146.0","128.0","TP2RMEU01771696"
"DELIVERED","309918840794579904_1","509589936","2026-07-18","","Maharashtra","MJM Waterproof Bike Mobile Holder | 360? Rotatable Motorcycle Phone Mount | Touch Screen Rainproof Mobile Case for Bicycle, Scooter & Bike","MJM-A1BIKEHOLDER-360","Free Size","1","178.0","178.0","TP5SPEU09252863"
"DELIVERED","309952350167172032_1","505105292","2026-07-18","","Uttar Pradesh","MJM Waterproof Mobile Pouch Combo Pack of 8 | Universal Touch Screen Phone Cover with Neck Strap, Triple Lock Waterproof Case for Swimming, Travel, Beach & Rain Protection","3lockrainpouch-8pc","Free Size","1","146.0","128.0","TP2RMEU01771689"
"DELIVERED","309967957528871808_1","505105292","2026-07-18","","Dadra and Nagar Haveli and Daman and Diu","MJM Waterproof Mobile Pouch Combo Pack of 8 | Universal Touch Screen Phone Cover with Neck Strap, Triple Lock Waterproof Case for Swimming, Travel, Beach & Rain Protection","3lockrainpouch-8pc","Free Size","1","127.0","109.0","TP2RMEU01771694"
"DELIVERED","309972071056605888_1","505105292","2026-07-18","","Odisha","MJM Waterproof Mobile Pouch Combo Pack of 8 | Universal Touch Screen Phone Cover with Neck Strap, Triple Lock Waterproof Case for Swimming, Travel, Beach & Rain Protection","3lockrainpouch-8pc","Free Size","4","146.0","128.0","TP2RMEU01771695"
"DELIVERED","309977221476289920_1","508573229","2026-07-18","","Uttar Pradesh","MJM Premium Metal Mobile Stand | 360? Rotation Adjustable Phone Holder | Foldable Desk Table Stand for Smartphone & Tablet","L396-STAND","Free Size","1","141.0","141.0","TP2RMEU01771710"
"DELIVERED","309980692657114496_1","485574721","2026-07-18","","Jharkhand","MJM Interactive Dancing Cactus Toy ? Talking, Mimicking & Singing Plush Toy with LED Lights and USB Charging for Kids","Dancing-Cactus-01","Free Size","1","281.0","281.0","TP8RTEU03010775"
"DELIVERED","310011507147443584_1","505105292","2026-07-18","","Tamil Nadu","MJM Waterproof Mobile Pouch Combo Pack of 8 | Universal Touch Screen Phone Cover with Neck Strap, Triple Lock Waterproof Case for Swimming, Travel, Beach & Rain Protection","3lockrainpouch-8pc","Free Size","1","146.0","146.0","TP2RMEU01771688"
"DELIVERED","310023296677481856_1","505105292","2026-07-18","","Meghalaya","MJM Waterproof Mobile Pouch Combo Pack of 8 | Universal Touch Screen Phone Cover with Neck Strap, Triple Lock Waterproof Case for Swimming, Travel, Beach & Rain Protection","3lockrainpouch-8pc","Free Size","1","127.0","127.0","TP2RMEU01771785"
"DELIVERED","310047116684624576_1","511491324","2026-07-18","","Bihar","MJM Airdopes Prime TWS Earbuds Bluetooth 5.4 Wireless Earbuds with Deep Bass, HD Calling, Type-C Charging & 18 Hours Playback - Green","MJM-AIRDOPES-PRIME-GREEN","Free Size","1","271.0","253.0","TP2RMEU01060554"
"CANCELLED","310083537386537664_1","511491324","2026-07-18","","Delhi","MJM Airdopes Prime TWS Earbuds Bluetooth 5.4 Wireless Earbuds with Deep Bass, HD Calling, Type-C Charging & 18 Hours Playback - Green","MJM-AIRDOPES-PRIME-GREEN","Free Size","1","271.0","271.0",
"DELIVERED","310106928686760896_1","505105292","2026-07-18","","Chhattisgarh","MJM Waterproof Mobile Pouch Combo Pack of 8 | Universal Touch Screen Phone Cover with Neck Strap, Triple Lock Waterproof Case for Swimming, Travel, Beach & Rain Protection","3lockrainpouch-8pc","Free Size","1","146.0","128.0","TP2RMEU01771690"
"DELIVERED","310111249759404992_1","505105292","2026-07-18","","Chhattisgarh","MJM Waterproof Mobile Pouch Combo Pack of 8 | Universal Touch Screen Phone Cover with Neck Strap, Triple Lock Waterproof Case for Swimming, Travel, Beach & Rain Protection","3lockrainpouch-8pc","Free Size","1","127.0","109.0","TP2RMEU01771692"
"CANCELLED","310123179643437952_1","511491324","2026-07-19","","Maharashtra","MJM Airdopes Prime TWS Earbuds Bluetooth 5.4 Wireless Earbuds with Deep Bass, HD Calling, Type-C Charging & 18 Hours Playback - Green","MJM-AIRDOPES-PRIME-GREEN","Free Size","1","271.0","271.0",
"CANCELLED","310151639481617792_1","511491324","2026-07-19","","Madhya Pradesh","MJM Airdopes Prime TWS Earbuds Bluetooth 5.4 Wireless Earbuds with Deep Bass, HD Calling, Type-C Charging & 18 Hours Playback - Green","MJM-AIRDOPES-PRIME-GREEN","Free Size","1","271.0","271.0",
"RTO_COMPLETE","310152082676944256_1","511491324","2026-07-19","","Madhya Pradesh","MJM Airdopes Prime TWS Earbuds Bluetooth 5.4 Wireless Earbuds with Deep Bass, HD Calling, Type-C Charging & 18 Hours Playback - Green","MJM-AIRDOPES-PRIME-GREEN","Free Size","1","300.0","300.0","TP2RMEU01060553"
"DELIVERED","310212800416776896_1","505105292","2026-07-19","","Maharashtra","MJM Waterproof Mobile Pouch Combo Pack of 8 | Universal Touch Screen Phone Cover with Neck Strap, Triple Lock Waterproof Case for Swimming, Travel, Beach & Rain Protection","3lockrainpouch-8pc","Free Size","1","146.0","146.0","TP2RMEU01771697"
"CANCELLED","310269129661809600_1","508240986","2026-07-19","","Andhra Pradesh","MJM 360? Rotating Bike Mobile Holder Stand for Motorcycle, Bicycle & Scooter Handlebar Phone Mount","PT05-BIKESTAND","Free Size","1","148.0","148.0",
"DELIVERED","310269488770485632_1","511491324","2026-07-19","","Rajasthan","MJM Airdopes Prime TWS Earbuds Bluetooth 5.4 Wireless Earbuds with Deep Bass, HD Calling, Type-C Charging & 18 Hours Playback - Green","MJM-AIRDOPES-PRIME-GREEN","Free Size","1","300.0","300.0","TP2RMEU01060555"
"CANCELLED","310286430268228480_1","505105292","2026-07-19","","Dadra and Nagar Haveli and Daman and Diu","MJM Waterproof Mobile Pouch Combo Pack of 8 | Universal Touch Screen Phone Cover with Neck Strap, Triple Lock Waterproof Case for Swimming, Travel, Beach & Rain Protection","3lockrainpouch-8pc","Free Size","1","127.0","109.0",
"DELIVERED","310299006486119360_1","505105292","2026-07-19","","Uttar Pradesh","MJM Waterproof Mobile Pouch Combo Pack of 8 | Universal Touch Screen Phone Cover with Neck Strap, Triple Lock Waterproof Case for Swimming, Travel, Beach & Rain Protection","3lockrainpouch-8pc","Free Size","1","146.0","128.0","TP2RMEU01060557"
"DELIVERED","310321444850697280_1","508240986","2026-07-19","","Chhattisgarh","MJM 360? Rotating Bike Mobile Holder Stand for Motorcycle, Bicycle & Scooter Handlebar Phone Mount","PT05-BIKESTAND","Free Size","1","170.0","170.0","TP4COEU05312481"
"DELIVERED","310334363042776128_1","508573229","2026-07-19","","West Bengal","MJM Premium Metal Mobile Stand | 360? Rotation Adjustable Phone Holder | Foldable Desk Table Stand for Smartphone & Tablet","L396-STAND","Free Size","1","160.0","143.0","TP2RMEU01060556"
"DELIVERED","310339347377488768_1","508240986","2026-07-19","","Meghalaya","MJM 360? Rotating Bike Mobile Holder Stand for Motorcycle, Bicycle & Scooter Handlebar Phone Mount","PT05-BIKESTAND","Free Size","1","148.0","148.0","TP4COEU05312474"
"DELIVERED","310404799952782400_1","508240986","2026-07-19","","Gujarat","MJM 360? Rotating Bike Mobile Holder Stand for Motorcycle, Bicycle & Scooter Handlebar Phone Mount","PT05-BIKESTAND","Free Size","1","170.0","152.0","TP4COEU05312480"
"DELIVERED","310419115313660864_1","505105292","2026-07-19","","Himachal Pradesh","MJM Waterproof Mobile Pouch Combo Pack of 8 | Universal Touch Screen Phone Cover with Neck Strap, Triple Lock Waterproof Case for Swimming, Travel, Beach & Rain Protection","3lockrainpouch-8pc","Free Size","1","146.0","128.0","TP2RMEU01771714"
"DELIVERED","310419515626423360_1","505105292","2026-07-19","","Himachal Pradesh","MJM Waterproof Mobile Pouch Combo Pack of 8 | Universal Touch Screen Phone Cover with Neck Strap, Triple Lock Waterproof Case for Swimming, Travel, Beach & Rain Protection","3lockrainpouch-8pc","Free Size","1","146.0","128.0","TP2RMEU01771715"
"RTO_COMPLETE","310423017900379520_1","508162782","2026-07-19","","West Bengal","MJM Crystal Pro Wireless Bluetooth Earbuds with Smart LED Display, 48H Playback, ENC Calling, Type-C Charging, Low Latency Gaming Earbuds","Crystalpro-black","Free Size","1","271.0","271.0","TP2RMEU01771712"
"DELIVERED","310442449279583296_1","505105292","2026-07-19","","Gujarat","MJM Waterproof Mobile Pouch Combo Pack of 8 | Universal Touch Screen Phone Cover with Neck Strap, Triple Lock Waterproof Case for Swimming, Travel, Beach & Rain Protection","3lockrainpouch-8pc","Free Size","1","127.0","109.0","TP4COEU05312479"
"DELIVERED","310451326976984000_1","505105292","2026-07-19","","Andhra Pradesh","MJM Waterproof Mobile Pouch Combo Pack of 8 | Universal Touch Screen Phone Cover with Neck Strap, Triple Lock Waterproof Case for Swimming, Travel, Beach & Rain Protection","3lockrainpouch-8pc","Free Size","1","146.0","128.0","TP2RMEU01771711"
"DELIVERED","310517390188413952_1","505105292","2026-07-20","","Himachal Pradesh","MJM Waterproof Mobile Pouch Combo Pack of 8 | Universal Touch Screen Phone Cover with Neck Strap, Triple Lock Waterproof Case for Swimming, Travel, Beach & Rain Protection","3lockrainpouch-8pc","Free Size","1","127.0","109.0","TP2RMEU01771713"
"DELIVERED","310643489304150912_1","505105292","2026-07-20","","Delhi","MJM Waterproof Mobile Pouch Combo Pack of 8 | Universal Touch Screen Phone Cover with Neck Strap, Triple Lock Waterproof Case for Swimming, Travel, Beach & Rain Protection","3lockrainpouch-8pc","Free Size","1","146.0","128.0","TP2RMEU01771719"
"DELIVERED","310647802097238976_1","508162782","2026-07-20","","Uttar Pradesh","MJM Crystal Pro Wireless Bluetooth Earbuds with Smart LED Display, 48H Playback, ENC Calling, Type-C Charging, Low Latency Gaming Earbuds","Crystalpro-black","Free Size","1","300.0","300.0","TP2RMEU01771716"
"DELIVERED","310654637877429184_1","508573229","2026-07-20","","Gujarat","MJM Premium Metal Mobile Stand | 360? Rotation Adjustable Phone Holder | Foldable Desk Table Stand for Smartphone & Tablet","L396-STAND","Free Size","1","141.0","124.0","TP2RMEU01771718"
"RTO_COMPLETE","310658239320753088_1","505105292","2026-07-20","","Madhya Pradesh","MJM Waterproof Mobile Pouch Combo Pack of 8 | Universal Touch Screen Phone Cover with Neck Strap, Triple Lock Waterproof Case for Swimming, Travel, Beach & Rain Protection","3lockrainpouch-8pc","Free Size","1","127.0","109.0","TP2RMEU01771721"
"CANCELLED","310738217282503616_1","508162782","2026-07-20","","Telangana","MJM Crystal Pro Wireless Bluetooth Earbuds with Smart LED Display, 48H Playback, ENC Calling, Type-C Charging, Low Latency Gaming Earbuds","Crystalpro-black","Free Size","1","271.0","271.0",
"RTO_COMPLETE","310762015532712960_1","508573229","2026-07-20","","Rajasthan","MJM Premium Metal Mobile Stand | 360? Rotation Adjustable Phone Holder | Foldable Desk Table Stand for Smartphone & Tablet","L396-STAND","Free Size","1","160.0","160.0","TP4COEU05312482"
"DELIVERED","310790818803942464_1","505105292","2026-07-20","","Haryana","MJM Waterproof Mobile Pouch Combo Pack of 8 | Universal Touch Screen Phone Cover with Neck Strap, Triple Lock Waterproof Case for Swimming, Travel, Beach & Rain Protection","3lockrainpouch-8pc","Free Size","1","146.0","128.0","TP2RMEU01771720"
"DELIVERED","310841788577547264_1","508573229","2026-07-20","","Madhya Pradesh","MJM Premium Metal Mobile Stand | 360? Rotation Adjustable Phone Holder | Foldable Desk Table Stand for Smartphone & Tablet","L396-STAND","Free Size","1","141.0","141.0","TP2RMEU01771717"
"DELIVERED","310991879284130881_1","505105292","2026-07-21","","Gujarat","MJM Waterproof Mobile Pouch Combo Pack of 8 | Universal Touch Screen Phone Cover with Neck Strap, Triple Lock Waterproof Case for Swimming, Travel, Beach & Rain Protection","3lockrainpouch-8pc","Free Size","1","146.0","146.0","TP2RMEU01771722"
"DELIVERED","310993317460640640_1","505105292","2026-07-21","","Odisha","MJM Waterproof Mobile Pouch Combo Pack of 8 | Universal Touch Screen Phone Cover with Neck Strap, Triple Lock Waterproof Case for Swimming, Travel, Beach & Rain Protection","3lockrainpouch-8pc","Free Size","1","127.0","109.0","TP2RMEU01771727"
"RTO_COMPLETE","310998420624936320_1","508573229","2026-07-21","","Tamil Nadu","MJM Premium Metal Mobile Stand | 360? Rotation Adjustable Phone Holder | Foldable Desk Table Stand for Smartphone & Tablet","L396-STAND","Free Size","1","160.0","160.0","TP2RMEU01771735"
"DELIVERED","310999754710647680_1","508573229","2026-07-21","","Kerala","MJM Premium Metal Mobile Stand | 360? Rotation Adjustable Phone Holder | Foldable Desk Table Stand for Smartphone & Tablet","L396-STAND","Free Size","1","160.0","160.0","TP2RMEU01771733"
"DELIVERED","311023724092654528_1","505105292","2026-07-21","","Maharashtra","MJM Waterproof Mobile Pouch Combo Pack of 8 | Universal Touch Screen Phone Cover with Neck Strap, Triple Lock Waterproof Case for Swimming, Travel, Beach & Rain Protection","3lockrainpouch-8pc","Free Size","1","127.0","109.0","TP2RMEU01771726"
"DELIVERED","311044514078983232_1","505105292","2026-07-21","","Delhi","MJM Waterproof Mobile Pouch Combo Pack of 8 | Universal Touch Screen Phone Cover with Neck Strap, Triple Lock Waterproof Case for Swimming, Travel, Beach & Rain Protection","3lockrainpouch-8pc","Free Size","1","146.0","128.0","TP2RMEU01771723"
"DELIVERED","311062460507554880_1","505105292","2026-07-21","","Telangana","MJM Waterproof Mobile Pouch Combo Pack of 8 | Universal Touch Screen Phone Cover with Neck Strap, Triple Lock Waterproof Case for Swimming, Travel, Beach & Rain Protection","3lockrainpouch-8pc","Free Size","1","146.0","128.0","TP2RMEU01771732"
"CANCELLED","311092826001834880_1","508162782","2026-07-21","","Uttar Pradesh","MJM Crystal Pro Wireless Bluetooth Earbuds with Smart LED Display, 48H Playback, ENC Calling, Type-C Charging, Low Latency Gaming Earbuds","Crystalpro-black","Free Size","1","271.0","271.0",
"RTO_COMPLETE","311126456175332736_1","505105292","2026-07-21","","Maharashtra","MJM Waterproof Mobile Pouch Combo Pack of 8 | Universal Touch Screen Phone Cover with Neck Strap, Triple Lock Waterproof Case for Swimming, Travel, Beach & Rain Protection","3lockrainpouch-8pc","Free Size","1","146.0","128.0","TP2RMEU01771731"
"DELIVERED","311136295386809280_1","505105292","2026-07-21","","West Bengal","MJM Waterproof Mobile Pouch Combo Pack of 8 | Universal Touch Screen Phone Cover with Neck Strap, Triple Lock Waterproof Case for Swimming, Travel, Beach & Rain Protection","3lockrainpouch-8pc","Free Size","1","146.0","128.0","TP2RMEU01771730"
"DELIVERED","311149514289513408_1","505105292","2026-07-21","","Maharashtra","MJM Waterproof Mobile Pouch Combo Pack of 8 | Universal Touch Screen Phone Cover with Neck Strap, Triple Lock Waterproof Case for Swimming, Travel, Beach & Rain Protection","3lockrainpouch-8pc","Free Size","1","146.0","128.0","TP2RMEU01771724"
"DELIVERED","311171484993389632_1","508573229","2026-07-21","","Uttar Pradesh","MJM Premium Metal Mobile Stand | 360? Rotation Adjustable Phone Holder | Foldable Desk Table Stand for Smartphone & Tablet","L396-STAND","Free Size","1","160.0","143.0","TP2RMEU01771736"
"DELIVERED","311192836408280128_1","505105292","2026-07-21","","Maharashtra","MJM Waterproof Mobile Pouch Combo Pack of 8 | Universal Touch Screen Phone Cover with Neck Strap, Triple Lock Waterproof Case for Swimming, Travel, Beach & Rain Protection","3lockrainpouch-8pc","Free Size","1","146.0","128.0","TP2RMEU01771729"
"DELIVERED","311195688041906880_1","505105292","2026-07-21","","Chhattisgarh","MJM Waterproof Mobile Pouch Combo Pack of 8 | Universal Touch Screen Phone Cover with Neck Strap, Triple Lock Waterproof Case for Swimming, Travel, Beach & Rain Protection","3lockrainpouch-8pc","Free Size","1","146.0","128.0","TP2RMEU01771725"
"DELIVERED","311200214216016576_1","508240986","2026-07-21","","West Bengal","MJM 360? Rotating Bike Mobile Holder Stand for Motorcycle, Bicycle & Scooter Handlebar Phone Mount","PT05-BIKESTAND","Free Size","1","148.0","130.0","TP15HAE01731799"
"DELIVERED","311322959212119104_1","505105292","2026-07-22","","Delhi","MJM Waterproof Mobile Pouch Combo Pack of 8 | Universal Touch Screen Phone Cover with Neck Strap, Triple Lock Waterproof Case for Swimming, Travel, Beach & Rain Protection","3lockrainpouch-8pc","Free Size","1","146.0","146.0","TP2RMEU01771728"
"DELIVERED","311411666736841728_1","508573229","2026-07-22","","Andhra Pradesh","MJM Premium Metal Mobile Stand | 360? Rotation Adjustable Phone Holder | Foldable Desk Table Stand for Smartphone & Tablet","L396-STAND","Free Size","1","160.0","143.0","TP2RMEU01771737"
"CANCELLED","309376188697972096_1","508240986","2026-07-22","","Uttar Pradesh","MJM 360? Rotating Bike Mobile Holder Stand for Motorcycle, Bicycle & Scooter Handlebar Phone Mount","PT05-BIKESTAND","Free Size","1","148.0","148.0",
"CANCELLED","311441679305606080_1","508573229","2026-07-22","","Uttar Pradesh","MJM Premium Metal Mobile Stand | 360? Rotation Adjustable Phone Holder | Foldable Desk Table Stand for Smartphone & Tablet","L396-STAND","Free Size","1","160.0","160.0",
"DELIVERED","311450400769377216_1","505105292","2026-07-22","","Maharashtra","MJM Waterproof Mobile Pouch Combo Pack of 8 | Universal Touch Screen Phone Cover with Neck Strap, Triple Lock Waterproof Case for Swimming, Travel, Beach & Rain Protection","3lockrainpouch-8pc","Free Size","2","127.0","109.0","TP2RMEU01771739"
"DELIVERED","311460138055828416_1","505105292","2026-07-22","","Punjab","MJM Waterproof Mobile Pouch Combo Pack of 8 | Universal Touch Screen Phone Cover with Neck Strap, Triple Lock Waterproof Case for Swimming, Travel, Beach & Rain Protection","3lockrainpouch-8pc","Free Size","1","146.0","128.0","TP2RMEU01771740"
"DELIVERED","311478103455237056_1","508573229","2026-07-22","","Maharashtra","MJM Premium Metal Mobile Stand | 360? Rotation Adjustable Phone Holder | Foldable Desk Table Stand for Smartphone & Tablet","L396-STAND","Free Size","1","160.0","143.0","TP2RMEU01771738"
"DELIVERED","311496075330651200_1","508573229","2026-07-22","","Gujarat","MJM Premium Metal Mobile Stand | 360? Rotation Adjustable Phone Holder | Foldable Desk Table Stand for Smartphone & Tablet","L396-STAND","Free Size","1","160.0","143.0","TP2RMEU01771748"
"DELIVERED","311547592108606464_1","506810503","2026-07-22","","Uttar Pradesh","MJM 10 Pieces 10 Watt LED Bulb Combo Pack | Cool White Energy Saving LED Light Bulbs | Long Lasting Bright Light for Home, Office, Shop | B22 Base","10wled-10pcs-leo","Free Size","1","181.0","163.0","TP8RTEU03010770"
"RTO_COMPLETE","311589128162706304_1","508162782","2026-07-23","","Gujarat","MJM Crystal Pro Wireless Bluetooth Earbuds with Smart LED Display, 48H Playback, ENC Calling, Type-C Charging, Low Latency Gaming Earbuds","Crystalpro-black","Free Size","1","300.0","300.0","TP2RMEU01771734"
"DOOR_STEP_EXCHANGED","309376188697972096_1","508240986","2026-07-23","","Uttar Pradesh","MJM 360? Rotating Bike Mobile Holder Stand for Motorcycle, Bicycle & Scooter Handlebar Phone Mount","PT05-BIKESTAND","Free Size","1","148.0","148.0","TP15HAE01731797"
"DELIVERED","311766613626127360_1","508573229","2026-07-23","","Rajasthan","MJM Premium Metal Mobile Stand | 360? Rotation Adjustable Phone Holder | Foldable Desk Table Stand for Smartphone & Tablet","L396-STAND","Free Size","1","160.0","143.0","TP2RMEU01771750"
"DELIVERED","311777732583425088_1","505105292","2026-07-23","","Odisha","MJM Waterproof Mobile Pouch Combo Pack of 8 | Universal Touch Screen Phone Cover with Neck Strap, Triple Lock Waterproof Case for Swimming, Travel, Beach & Rain Protection","3lockrainpouch-8pc","Free Size","1","127.0","109.0","TP2RMEU01771743"
"DELIVERED","311833986646045568_1","508240986","2026-07-23","","Karnataka","MJM 360? Rotating Bike Mobile Holder Stand for Motorcycle, Bicycle & Scooter Handlebar Phone Mount","PT05-BIKESTAND","Free Size","1","170.0","152.0","TP15HAE01731798"
"DELIVERED","311876157364646592_1","508573229","2026-07-23","","Uttar Pradesh","MJM Premium Metal Mobile Stand | 360? Rotation Adjustable Phone Holder | Foldable Desk Table Stand for Smartphone & Tablet","L396-STAND","Free Size","1","160.0","143.0","TP2RMEU01771749"
"DELIVERED","311880447258985472_1","505105292","2026-07-23","","Gujarat","MJM Waterproof Mobile Pouch Combo Pack of 8 | Universal Touch Screen Phone Cover with Neck Strap, Triple Lock Waterproof Case for Swimming, Travel, Beach & Rain Protection","3lockrainpouch-8pc","Free Size","1","127.0","109.0","TP2RMEU01771745"
"DELIVERED","311895911804633984_1","505105292","2026-07-23","","Madhya Pradesh","MJM Waterproof Mobile Pouch Combo Pack of 8 | Universal Touch Screen Phone Cover with Neck Strap, Triple Lock Waterproof Case for Swimming, Travel, Beach & Rain Protection","3lockrainpouch-8pc","Free Size","1","127.0","109.0","TP2RMEU01771746"
"DELIVERED","311901736057111552_1","505105292","2026-07-23","","Delhi","MJM Waterproof Mobile Pouch Combo Pack of 8 | Universal Touch Screen Phone Cover with Neck Strap, Triple Lock Waterproof Case for Swimming, Travel, Beach & Rain Protection","3lockrainpouch-8pc","Free Size","1","127.0","109.0","TP2RMEU01771742"
"DELIVERED","311904873958540160_1","508573229","2026-07-23","","Maharashtra","MJM Premium Metal Mobile Stand | 360? Rotation Adjustable Phone Holder | Foldable Desk Table Stand for Smartphone & Tablet","L396-STAND","Free Size","1","141.0","124.0","TP2RMEU01771753"
"DELIVERED","311909528356717504_1","505105292","2026-07-23","","Gujarat","MJM Waterproof Mobile Pouch Combo Pack of 8 | Universal Touch Screen Phone Cover with Neck Strap, Triple Lock Waterproof Case for Swimming, Travel, Beach & Rain Protection","3lockrainpouch-8pc","Free Size","1","146.0","128.0","TP2RMEU01771747"
"CANCELLED","311921850209678080_1","508573229","2026-07-23","","Maharashtra","MJM Premium Metal Mobile Stand | 360? Rotation Adjustable Phone Holder | Foldable Desk Table Stand for Smartphone & Tablet","L396-STAND","Free Size","1","160.0","160.0",
"DELIVERED","312057812350075840_1","505105292","2026-07-24","","Rajasthan","MJM Waterproof Mobile Pouch Combo Pack of 8 | Universal Touch Screen Phone Cover with Neck Strap, Triple Lock Waterproof Case for Swimming, Travel, Beach & Rain Protection","3lockrainpouch-8pc","Free Size","1","127.0","109.0","TP2RMEU01771744"
"DELIVERED","312059705841013376_1","508573229","2026-07-24","","Bihar","MJM Premium Metal Mobile Stand | 360? Rotation Adjustable Phone Holder | Foldable Desk Table Stand for Smartphone & Tablet","L396-STAND","Free Size","1","160.0","143.0","TP2RMEU01771751"
"RTO_COMPLETE","312075532959076992_1","505105292","2026-07-24","","Gujarat","MJM Waterproof Mobile Pouch Combo Pack of 8 | Universal Touch Screen Phone Cover with Neck Strap, Triple Lock Waterproof Case for Swimming, Travel, Beach & Rain Protection","3lockrainpouch-8pc","Free Size","1","127.0","127.0","TP2RMEU01771741"
"RTO_COMPLETE","312089594158002880_1","508573229","2026-07-24","","Andhra Pradesh","MJM Premium Metal Mobile Stand | 360? Rotation Adjustable Phone Holder | Foldable Desk Table Stand for Smartphone & Tablet","L396-STAND","Free Size","1","160.0","160.0","TP2RMEU01771760"
"DELIVERED","312111676151497664_1","505105292","2026-07-24","","Telangana","MJM Waterproof Mobile Pouch Combo Pack of 8 | Universal Touch Screen Phone Cover with Neck Strap, Triple Lock Waterproof Case for Swimming, Travel, Beach & Rain Protection","3lockrainpouch-8pc","Free Size","1","146.0","128.0","TP2RMEU01771755"
"DELIVERED","312117402130084736_1","505105292","2026-07-24","","Madhya Pradesh","MJM Waterproof Mobile Pouch Combo Pack of 8 | Universal Touch Screen Phone Cover with Neck Strap, Triple Lock Waterproof Case for Swimming, Travel, Beach & Rain Protection","3lockrainpouch-8pc","Free Size","1","127.0","109.0","TP2RMEU01771759"
"DELIVERED","312126158867936000_1","508573229","2026-07-24","","Sikkim","MJM Premium Metal Mobile Stand | 360? Rotation Adjustable Phone Holder | Foldable Desk Table Stand for Smartphone & Tablet","L396-STAND","Free Size","1","160.0","143.0","TP2RMEU01771763"
"CANCELLED","312148544753382144_1","505105292","2026-07-24","","Odisha","MJM Waterproof Mobile Pouch Combo Pack of 8 | Universal Touch Screen Phone Cover with Neck Strap, Triple Lock Waterproof Case for Swimming, Travel, Beach & Rain Protection","3lockrainpouch-8pc","Free Size","1","146.0","128.0",
"DELIVERED","312162216387186048_1","505105292","2026-07-24","","Jharkhand","MJM Waterproof Mobile Pouch Combo Pack of 8 | Universal Touch Screen Phone Cover with Neck Strap, Triple Lock Waterproof Case for Swimming, Travel, Beach & Rain Protection","3lockrainpouch-8pc","Free Size","1","146.0","128.0","TP2RMEU01771757"
"DELIVERED","312188469221667584_1","508573229","2026-07-24","","Telangana","MJM Premium Metal Mobile Stand | 360? Rotation Adjustable Phone Holder | Foldable Desk Table Stand for Smartphone & Tablet","L396-STAND","Free Size","1","141.0","141.0","TP2RMEU01771761"
"CANCELLED","312230127106720448_1","505105292","2026-07-24","","Rajasthan","MJM Waterproof Mobile Pouch Combo Pack of 8 | Universal Touch Screen Phone Cover with Neck Strap, Triple Lock Waterproof Case for Swimming, Travel, Beach & Rain Protection","3lockrainpouch-8pc","Free Size","1","146.0","146.0","TP2RMEU01771758"
"DELIVERED","312244892878140288_1","508573229","2026-07-24","","Rajasthan","MJM Premium Metal Mobile Stand | 360? Rotation Adjustable Phone Holder | Foldable Desk Table Stand for Smartphone & Tablet","L396-STAND","Free Size","1","141.0","141.0","TP2RMEU01771762"
"DELIVERED","312250034864157568_1","505105292","2026-07-24","","Chhattisgarh","MJM Waterproof Mobile Pouch Combo Pack of 8 | Universal Touch Screen Phone Cover with Neck Strap, Triple Lock Waterproof Case for Swimming, Travel, Beach & Rain Protection","3lockrainpouch-8pc","Free Size","1","146.0","128.0","TP2RMEU01771756"
"RTO_COMPLETE","312256029485052672_1","508240986","2026-07-24","","Haryana","MJM 360? Rotating Bike Mobile Holder Stand for Motorcycle, Bicycle & Scooter Handlebar Phone Mount","PT05-BIKESTAND","Free Size","1","170.0","170.0","TP15HAE01731796"
"DELIVERED","312270834654678400_1","508162782","2026-07-24","","Gujarat","MJM Crystal Pro Wireless Bluetooth Earbuds with Smart LED Display, 48H Playback, ENC Calling, Type-C Charging, Low Latency Gaming Earbuds","Crystalpro-black","Free Size","1","300.0","300.0","TP6GREU02647697"
"DELIVERED","312298915073234048_1","505105292","2026-07-25","","Andhra Pradesh","MJM Waterproof Mobile Pouch Combo Pack of 8 | Universal Touch Screen Phone Cover with Neck Strap, Triple Lock Waterproof Case for Swimming, Travel, Beach & Rain Protection","3lockrainpouch-8pc","Free Size","1","127.0","109.0","TP2RMEU01771754"
"DELIVERED","312435997549827456_1","508573229","2026-07-25","","Rajasthan","MJM Premium Metal Mobile Stand | 360? Rotation Adjustable Phone Holder | Foldable Desk Table Stand for Smartphone & Tablet","L396-STAND","Free Size","1","160.0","160.0","TP2RMEU01771764"
"DELIVERED","312459011370713794_1","508573229","2026-07-25","","Andhra Pradesh","MJM Premium Metal Mobile Stand | 360? Rotation Adjustable Phone Holder | Foldable Desk Table Stand for Smartphone & Tablet","L396-STAND","Free Size","1","160.0","143.0","TP2RMEU01771779"
"DELIVERED","312471569456053440_1","508876433","2026-07-25","","West Bengal","MJM Crystal Pro Wireless Bluetooth Earbuds TWS | 18H Playtime | Bluetooth 5.4 | Type-C Charging | IPX4 Water Resistant Earphones","MJM-CP18-BTB54","Free Size","1","330.0","330.0","TP2RMEU01785159"
"DELIVERED","312479941110173056_1","512895768","2026-07-25","","Himachal Pradesh","MJM 3 In 1 Black Fast Charging Cable 120W Super Charge USB Cable with Type C, Micro USB & 8 Pin Connector 1 Meter","MJM-3IN1-CABLE-120W-1M-BLACK-01","Free Size","1","101.0","83.0","NP1NLEU03980973"
"DELIVERED","312489741743760128_1","485574721","2026-07-25","","Gujarat","MJM Interactive Dancing Cactus Toy ? Talking, Mimicking & Singing Plush Toy with LED Lights and USB Charging for Kids","Dancing-Cactus-01","Free Size","1","281.0","265.0","NP1NLEU03980965"
"DELIVERED","312492487343488192_1","485574721","2026-07-25","","Gujarat","MJM Interactive Dancing Cactus Toy ? Talking, Mimicking & Singing Plush Toy with LED Lights and USB Charging for Kids","Dancing-Cactus-01","Free Size","1","281.0","265.0","TP8RTEU03010762"
"CANCELLED","312497344524178048_1","512895768","2026-07-25","","Telangana","MJM 3 In 1 Black Fast Charging Cable 120W Super Charge USB Cable with Type C, Micro USB & 8 Pin Connector 1 Meter","MJM-3IN1-CABLE-120W-1M-BLACK-01","Free Size","1","120.0","120.0",
"DELIVERED","312552842140728514_1","508573229","2026-07-25","","Punjab","MJM Premium Metal Mobile Stand | 360? Rotation Adjustable Phone Holder | Foldable Desk Table Stand for Smartphone & Tablet","L396-STAND","Free Size","1","160.0","143.0","TP2RMEU01771765"
"DELIVERED","312571943928144640_1","505105292","2026-07-25","","Rajasthan","MJM Waterproof Mobile Pouch Combo Pack of 8 | Universal Touch Screen Phone Cover with Neck Strap, Triple Lock Waterproof Case for Swimming, Travel, Beach & Rain Protection","3lockrainpouch-8pc","Free Size","1","127.0","109.0","TP2RMEU01771766"
"DELIVERED","312576505925804800_1","524020237","2026-07-25","","Tripura","MJM 170CM Selfie Stick Tripod with Bluetooth Remote | 3 in 1 Foldable Mobile Stand | Adjustable Phone Holder for Android & iPhone | Selfie, Reels, Vlogging & Video Recording","MJM-R1S-LONG-BLK-001","Free Size","1","250.0","250.0","TP6GREU02647698"
"DELIVERED","312582019753648896_1","505105292","2026-07-25","","Odisha","MJM Waterproof Mobile Pouch Combo Pack of 8 | Universal Touch Screen Phone Cover with Neck Strap, Triple Lock Waterproof Case for Swimming, Travel, Beach & Rain Protection","3lockrainpouch-8pc","Free Size","2","127.0","109.0","TP2RMEU01771773"
"DELIVERED","312589712713880960_1","506810503","2026-07-25","","Chhattisgarh","MJM 10 Pieces 10 Watt LED Bulb Combo Pack | Cool White Energy Saving LED Light Bulbs | Long Lasting Bright Light for Home, Office, Shop | B22 Base","10wled-10pcs-leo","Free Size","1","200.0","200.0","TP8RTEU03010769"
"DELIVERED","312602254686195072_1","505105292","2026-07-25","","Gujarat","MJM Waterproof Mobile Pouch Combo Pack of 8 | Universal Touch Screen Phone Cover with Neck Strap, Triple Lock Waterproof Case for Swimming, Travel, Beach & Rain Protection","3lockrainpouch-8pc","Free Size","1","127.0","127.0","TP2RMEU01771777"
"DELIVERED","312605764199764608_1","512895768","2026-07-25","","Tamil Nadu","MJM 3 In 1 Black Fast Charging Cable 120W Super Charge USB Cable with Type C, Micro USB & 8 Pin Connector 1 Meter","MJM-3IN1-CABLE-120W-1M-BLACK-01","Free Size","1","101.0","83.0","NP1NLEU03980961"
"DELIVERED","312609802987438784_1","506810503","2026-07-25","","Tamil Nadu","MJM 10 Pieces 10 Watt LED Bulb Combo Pack | Cool White Energy Saving LED Light Bulbs | Long Lasting Bright Light for Home, Office, Shop | B22 Base","10wled-10pcs-leo","Free Size","1","181.0","163.0","TP8RTEU03010768"
"DELIVERED","312610146060018432_1","517124724","2026-07-25","","Chhattisgarh","MJM 100W 3 in 1 Fast Charging Cable with LED Light | Type C + Lightning + Micro USB | Nylon Braided USB Charging Cable | Black | 1 Piece","MJM-3IN1-TDY-BLK-1PC","Free Size","1","129.0","129.0","NP1NLEU03980981"
"DELIVERED","312618761301562752_1","508573229","2026-07-25","","Odisha","MJM Premium Metal Mobile Stand | 360? Rotation Adjustable Phone Holder | Foldable Desk Table Stand for Smartphone & Tablet","L396-STAND","Free Size","1","141.0","124.0","TP2RMEU01771781"
"DELIVERED","312636124113704320_1","512895768","2026-07-25","","Kerala","MJM 3 In 1 Blue Fast Charging Cable 120W Super Charge USB Cable with Type C, Micro USB & 8 Pin Connector 1 Meter","MJM-3IN1-CABLE-120W-1M-BLUE-01","Free Size","1","101.0","83.0","NP1NLEU03980983"
"CANCELLED","312637892391805696_1","512895768","2026-07-25","","Odisha","MJM 3 In 1 Black Fast Charging Cable 120W Super Charge USB Cable with Type C, Micro USB & 8 Pin Connector 1 Meter","MJM-3IN1-CABLE-120W-1M-BLACK-01","Free Size","1","120.0","120.0",
"DELIVERED","312642671952646784_1","512895768","2026-07-25","","West Bengal","MJM 3 In 1 Orange Fast Charging Cable 120W Super Charge USB Cable with Type C, Micro USB & 8 Pin Connector 1 Meter","MJM-3IN1-CABLE-120W-1M-ORANGE-001","Free Size","1","120.0","102.0","NP1NLEU03980963"
"DELIVERED","312643186625385856_1","505105292","2026-07-25","","Uttarakhand","MJM Waterproof Mobile Pouch Combo Pack of 8 | Universal Touch Screen Phone Cover with Neck Strap, Triple Lock Waterproof Case for Swimming, Travel, Beach & Rain Protection","3lockrainpouch-8pc","Free Size","1","127.0","109.0","TP2RMEU01771769"
"DELIVERED","312679271818011392_1","512895768","2026-07-26","","Maharashtra","MJM 3 In 1 Black Fast Charging Cable 120W Super Charge USB Cable with Type C, Micro USB & 8 Pin Connector 1 Meter","MJM-3IN1-CABLE-120W-1M-BLACK-01","Free Size","1","101.0","83.0","NP1NLEU03980967"
"DELIVERED","312770914558616320_1","508573229","2026-07-26","","Madhya Pradesh","MJM Premium Metal Mobile Stand | 360? Rotation Adjustable Phone Holder | Foldable Desk Table Stand for Smartphone & Tablet","L396-STAND","Free Size","1","160.0","160.0","TP2RMEU01771776"
"DELIVERED","312778563474462080_1","506810503","2026-07-26","","Gujarat","MJM 10 Pieces 10 Watt LED Bulb Combo Pack | Cool White Energy Saving LED Light Bulbs | Long Lasting Bright Light for Home, Office, Shop | B22 Base","10wled-10pcs-leo","Free Size","1","200.0","182.0","TP8RTEU03010766"
"DELIVERED","312781828056454528_1","511491324","2026-07-26","","Tamil Nadu","MJM Airdopes Prime TWS Earbuds Bluetooth 5.4 Wireless Earbuds with Deep Bass, HD Calling, Type-C Charging & 18 Hours Playback - Green","MJM-AIRDOPES-PRIME-GREEN","Free Size","1","271.0","271.0","TP2RMEU01785165"
"DELIVERED","312785857109071232_1","506810503","2026-07-26","","Rajasthan","MJM 10 Pieces 10 Watt LED Bulb Combo Pack | Cool White Energy Saving LED Light Bulbs | Long Lasting Bright Light for Home, Office, Shop | B22 Base","10wled-10pcs-leo","Free Size","1","200.0","182.0","TP8RTEU03010767"
"DELIVERED","312795585844252032_1","512895768","2026-07-26","","Rajasthan","MJM 3 In 1 Black Fast Charging Cable 120W Super Charge USB Cable with Type C, Micro USB & 8 Pin Connector 1 Meter","MJM-3IN1-CABLE-120W-1M-BLACK-01","Free Size","1","101.0","83.0","NP1NLEU03980975"
"DELIVERED","312802682933775744_1","508240986","2026-07-26","","Madhya Pradesh","MJM 360? Rotating Bike Mobile Holder Stand for Motorcycle, Bicycle & Scooter Handlebar Phone Mount","PT05-BIKESTAND","Free Size","1","170.0","170.0","TP15HAE01731795"
"DELIVERED","312812316738921216_1","508573229","2026-07-26","","Gujarat","MJM Premium Metal Mobile Stand | 360? Rotation Adjustable Phone Holder | Foldable Desk Table Stand for Smartphone & Tablet","L396-STAND","Free Size","1","160.0","143.0","TP2RMEU01771752"
"DELIVERED","312820256387143040_1","521664068","2026-07-26","","Karnataka","MJM Soft Transparent TPU Back Cover with 9H Tempered Glass Combo for Samsung Galaxy A16 5G | Crystal Clear Shockproof Slim Protective Case","MJM-OU-TG-SAMA16-001","Free Size","1","81.0","62.0","TP2RMEU01771774"
"DELIVERED","312842729880932992_1","505105292","2026-07-26","","Madhya Pradesh","MJM Waterproof Mobile Pouch Combo Pack of 8 | Universal Touch Screen Phone Cover with Neck Strap, Triple Lock Waterproof Case for Swimming, Travel, Beach & Rain Protection","3lockrainpouch-8pc","Free Size","1","146.0","128.0","TP2RMEU01771770"
"DELIVERED","312846740166317440_1","512895768","2026-07-26","","Rajasthan","MJM 3 In 1 Black Fast Charging Cable 120W Super Charge USB Cable with Type C, Micro USB & 8 Pin Connector 1 Meter","MJM-3IN1-CABLE-120W-1M-BLACK-01","Free Size","1","120.0","120.0","NP1NLEU03980968"
"RTO_COMPLETE","312847822075929344_1","508573229","2026-07-26","","Uttar Pradesh","MJM Premium Metal Mobile Stand | 360? Rotation Adjustable Phone Holder | Foldable Desk Table Stand for Smartphone & Tablet","L396-STAND","Free Size","1","160.0","160.0","TP2RMEU01771780"
"DELIVERED","312849101074349248_1","506810503","2026-07-26","","Uttar Pradesh","MJM 10 Pieces 10 Watt LED Bulb Combo Pack | Cool White Energy Saving LED Light Bulbs | Long Lasting Bright Light for Home, Office, Shop | B22 Base","10wled-10pcs-leo","Free Size","1","200.0","182.0","TP8RTEU03010764"
"DELIVERED","312854587023229632_1","511491324","2026-07-26","","Bihar","MJM Airdopes Prime TWS Earbuds Bluetooth 5.4 Wireless Earbuds with Deep Bass, HD Calling, Type-C Charging & 18 Hours Playback - Green","MJM-AIRDOPES-PRIME-GREEN","Free Size","1","300.0","282.0","TP2RMEU01785157"
"CANCELLED","312856287846978177_1","511491324","2026-07-26","","Dadra and Nagar Haveli and Daman and Diu","MJM Airdopes Prime TWS Earbuds Bluetooth 5.4 Wireless Earbuds with Deep Bass, HD Calling, Type-C Charging & 18 Hours Playback - Green","MJM-AIRDOPES-PRIME-GREEN","Free Size","1","271.0","271.0",
"DELIVERED","312858979834733312_1","508876433","2026-07-26","","Tamil Nadu","MJM Crystal Pro Wireless Bluetooth Earbuds TWS | 18H Playtime | Bluetooth 5.4 | Type-C Charging | IPX4 Water Resistant Earphones","MJM-CP18-BTB54","Free Size","1","330.0","314.0","TP2RMEU01785162"
"RTO_COMPLETE","312859750684331393_1","511491324","2026-07-26","","Uttar Pradesh","MJM Airdopes Prime TWS Earbuds Bluetooth 5.4 Wireless Earbuds with Deep Bass, HD Calling, Type-C Charging & 18 Hours Playback - Green","MJM-AIRDOPES-PRIME-GREEN","Free Size","1","271.0","271.0","TP2RMEU01785156"
"DELIVERED","312868829016264064_1","513526730","2026-07-26","","Gujarat","MJM 24 Pieces Cable Protector Combo | Silicone Spiral Cable Saver for USB, Type C, Lightning & Earphone Cables | Anti Break Wire Protector | Multicolor","MJM-CP6-SMALL","Free Size","1","86.0","68.0","NP1NLEU03980964"
"DELIVERED","312869026250293952_1","512895768","2026-07-26","","Punjab","MJM 3 In 1 Orange Fast Charging Cable 120W Super Charge USB Cable with Type C, Micro USB & 8 Pin Connector 1 Meter","MJM-3IN1-CABLE-120W-1M-ORANGE-001","Free Size","1","120.0","102.0","NP1NLEU03980982"
"CANCELLED","312872005937806528_1","512895768","2026-07-26","","Tamil Nadu","MJM 3 In 1 Black Fast Charging Cable 120W Super Charge USB Cable with Type C, Micro USB & 8 Pin Connector 1 Meter","MJM-3IN1-CABLE-120W-1M-BLACK-01","Free Size","1","120.0","120.0",
"DELIVERED","312874098652807872_1","505105292","2026-07-26","","Odisha","MJM Waterproof Mobile Pouch Combo Pack of 8 | Universal Touch Screen Phone Cover with Neck Strap, Triple Lock Waterproof Case for Swimming, Travel, Beach & Rain Protection","3lockrainpouch-8pc","Free Size","1","146.0","128.0","TP2RMEU01771767"
"DELIVERED","312878464155714240_1","505105292","2026-07-26","","Gujarat","MJM Waterproof Mobile Pouch Combo Pack of 8 | Universal Touch Screen Phone Cover with Neck Strap, Triple Lock Waterproof Case for Swimming, Travel, Beach & Rain Protection","3lockrainpouch-8pc","Free Size","1","127.0","127.0","TP2RMEU01771768"
"DELIVERED","312888071564967104_1","508573229","2026-07-26","","West Bengal","MJM Premium Metal Mobile Stand | 360? Rotation Adjustable Phone Holder | Foldable Desk Table Stand for Smartphone & Tablet","L396-STAND","Free Size","1","160.0","143.0","TP2RMEU01771778"
"DELIVERED","312893198984741568_1","505105292","2026-07-26","","Rajasthan","MJM Waterproof Mobile Pouch Combo Pack of 8 | Universal Touch Screen Phone Cover with Neck Strap, Triple Lock Waterproof Case for Swimming, Travel, Beach & Rain Protection","3lockrainpouch-8pc","Free Size","1","127.0","127.0","TP2RMEU01771771"
"DELIVERED","312898178768556672_1","512895768","2026-07-26","","Gujarat","MJM 3 In 1 Black Fast Charging Cable 120W Super Charge USB Cable with Type C, Micro USB & 8 Pin Connector 1 Meter","MJM-3IN1-CABLE-120W-1M-BLACK-01","Free Size","1","101.0","83.0","NP1NLEU03980962"
"DELIVERED","312915911419925888_1","511491324","2026-07-26","","Punjab","MJM Airdopes Prime TWS Earbuds Bluetooth 5.4 Wireless Earbuds with Deep Bass, HD Calling, Type-C Charging & 18 Hours Playback - Green","MJM-AIRDOPES-PRIME-GREEN","Free Size","1","300.0","282.0","TP2RMEU01785158"
"DELIVERED","312935402245756289_1","512895768","2026-07-26","","Chandigarh","MJM 3 In 1 Black Fast Charging Cable 120W Super Charge USB Cable with Type C, Micro USB & 8 Pin Connector 1 Meter","MJM-3IN1-CABLE-120W-1M-BLACK-01","Free Size","1","120.0","102.0","NP1NLEU03980977"
"DELIVERED","312942065541382848_1","517124724","2026-07-26","","Jharkhand","MJM 100W 3 in 1 Fast Charging Cable with LED Light | Type C + Lightning + Micro USB | Nylon Braided USB Charging Cable | Black | 1 Piece","MJM-3IN1-TDY-BLK-1PC","Free Size","1","129.0","129.0","NP1NLEU03980978"
"DELIVERED","312947404914462080_1","511491324","2026-07-26","","Tamil Nadu","MJM Airdopes Prime TWS Earbuds Bluetooth 5.4 Wireless Earbuds with Deep Bass, HD Calling, Type-C Charging & 18 Hours Playback - Green","MJM-AIRDOPES-PRIME-GREEN","Free Size","1","271.0","253.0","TP2RMEU01785164"
"DELIVERED","312949821652456064_1","506810503","2026-07-26","","Uttar Pradesh","MJM 10 Pieces 10 Watt LED Bulb Combo Pack | Cool White Energy Saving LED Light Bulbs | Long Lasting Bright Light for Home, Office, Shop | B22 Base","10wled-10pcs-leo","Free Size","1","200.0","200.0","TP8RTEU03010765"
"DELIVERED","312952343535455616_1","507601287","2026-07-26","","Gujarat","MJM Brown Flip Cover with HD+ Tempered Glass Combo | Premium Wallet Style Mobile Case | Magnetic Closure & 360? Protection","Y20Brownflip+Glass","Free Size","1","81.0","62.0","TP2RMEU01771775"
"DELIVERED","312992595042575104_1","506810503","2026-07-26","","Uttar Pradesh","MJM 10 Pieces 10 Watt LED Bulb Combo Pack | Cool White Energy Saving LED Light Bulbs | Long Lasting Bright Light for Home, Office, Shop | B22 Base","10wled-10pcs-leo","Free Size","1","200.0","200.0","TP8RTEU03010763"
"DELIVERED","312995435874550464_1","505105292","2026-07-26","","Goa","MJM Waterproof Mobile Pouch Combo Pack of 8 | Universal Touch Screen Phone Cover with Neck Strap, Triple Lock Waterproof Case for Swimming, Travel, Beach & Rain Protection","3lockrainpouch-8pc","Free Size","1","146.0","128.0","TP2RMEU01771772"
"RTO_COMPLETE","313001569993740928_1","512895768","2026-07-26","","Punjab","MJM 3 In 1 Black Fast Charging Cable 120W Super Charge USB Cable with Type C, Micro USB & 8 Pin Connector 1 Meter","MJM-3IN1-CABLE-120W-1M-BLACK-01","Free Size","1","120.0","102.0","NP1NLEU03980972"
"DELIVERED","313143609179147648_1","512895768","2026-07-27","","Uttar Pradesh","MJM 3 In 1 Black Fast Charging Cable 120W Super Charge USB Cable with Type C, Micro USB & 8 Pin Connector 1 Meter","MJM-3IN1-CABLE-120W-1M-BLACK-01","Free Size","1","120.0","120.0","NP1NLEU03980971"
"DELIVERED","313145989909041792_1","517124724","2026-07-27","","Maharashtra","MJM 100W 3 in 1 Fast Charging Cable with LED Light | Type C + Lightning + Micro USB | Nylon Braided USB Charging Cable | Black | 1 Piece","MJM-3IN1-TDY-BLK-1PC","Free Size","1","110.0","110.0","NP1NLEU03980980"
"DELIVERED","313148865242407680_1","508240986","2026-07-27","","Maharashtra","MJM 360? Rotating Bike Mobile Holder Stand for Motorcycle, Bicycle & Scooter Handlebar Phone Mount","PT05-BIKESTAND","Free Size","1","148.0","130.0","TP15HAE01731800"
"DELIVERED","313166953485030016_1","506810503","2026-07-27","","Karnataka","MJM 10 Pieces 10 Watt LED Bulb Combo Pack | Cool White Energy Saving LED Light Bulbs | Long Lasting Bright Light for Home, Office, Shop | B22 Base","10wled-10pcs-leo","Free Size","1","200.0","200.0","TP8RTEU03010761"
"RTO_COMPLETE","313196088386293120_1","512895768","2026-07-27","","Madhya Pradesh","MJM 3 In 1 Black Fast Charging Cable 120W Super Charge USB Cable with Type C, Micro USB & 8 Pin Connector 1 Meter","MJM-3IN1-CABLE-120W-1M-BLACK-01","Free Size","1","120.0","120.0","NP1NLEU03980974"
"DELIVERED","313214011831157440_1","512895768","2026-07-27","","Kerala","MJM 3 In 1 Blue Fast Charging Cable 120W Super Charge USB Cable with Type C, Micro USB & 8 Pin Connector 1 Meter","MJM-3IN1-CABLE-120W-1M-BLUE-01","Free Size","1","120.0","120.0","NP1NLEU03980979"
"DELIVERED","313227144993821312_1","505105292","2026-07-27","","Mizoram","MJM Waterproof Mobile Pouch Combo Pack of 8 | Universal Touch Screen Phone Cover with Neck Strap, Triple Lock Waterproof Case for Swimming, Travel, Beach & Rain Protection","3lockrainpouch-8pc","Free Size","1","146.0","128.0","TP15HAE01731794"
"RTO_COMPLETE","313260529077358144_1","511491324","2026-07-27","","Telangana","MJM Airdopes Prime TWS Earbuds Bluetooth 5.4 Wireless Earbuds with Deep Bass, HD Calling, Type-C Charging & 18 Hours Playback - Green","MJM-AIRDOPES-PRIME-GREEN","Free Size","1","271.0","253.0","TP2RMEU01785166"
"DELIVERED","313265620756893056_1","512895768","2026-07-27","","Jammu & Kashmir","MJM 3 In 1 Black Fast Charging Cable 120W Super Charge USB Cable with Type C, Micro USB & 8 Pin Connector 1 Meter","MJM-3IN1-CABLE-120W-1M-BLACK-01","Free Size","1","120.0","102.0","NP1NLEU03980970"
"DELIVERED","313327348299501120_1","508573229","2026-07-27","","Gujarat","MJM Premium Metal Mobile Stand | 360? Rotation Adjustable Phone Holder | Foldable Desk Table Stand for Smartphone & Tablet","L396-STAND","Free Size","1","160.0","143.0","TP2RMEU01785161"
"DELIVERED","313339042732647168_1","512895768","2026-07-27","","Tamil Nadu","MJM 3 In 1 Black Fast Charging Cable 120W Super Charge USB Cable with Type C, Micro USB & 8 Pin Connector 1 Meter","MJM-3IN1-CABLE-120W-1M-BLACK-01","Free Size","1","101.0","101.0","NP1NLEU03980976"
"DELIVERED","313346693394801408_1","512895768","2026-07-27","","Madhya Pradesh","MJM 3 In 1 Black Fast Charging Cable 120W Super Charge USB Cable with Type C, Micro USB & 8 Pin Connector 1 Meter","MJM-3IN1-CABLE-120W-1M-BLACK-01","Free Size","1","101.0","83.0","NP1NLEU03980969"
"DELIVERED","313369338152128064_1","508573229","2026-07-27","","Rajasthan","MJM Premium Metal Mobile Stand | 360? Rotation Adjustable Phone Holder | Foldable Desk Table Stand for Smartphone & Tablet","L396-STAND","Free Size","1","141.0","124.0","NP1NLEU03980966"
"CANCELLED","313370155295384320_1","511488761","2026-07-27","","Gujarat","MJM Airdopes Prime TWS Earbuds Bluetooth 5.4 Wireless Earbuds with Deep Bass, HD Calling, Type-C Charging & 18 Hours Playback - Blue","MJM-AIRDOPES-PRIME-BLUE","Free Size","1","271.0","271.0",
"DELIVERED","313372065322646720_1","511488761","2026-07-27","","Punjab","MJM Airdopes Prime TWS Earbuds Bluetooth 5.4 Wireless Earbuds with Deep Bass, HD Calling, Type-C Charging & 18 Hours Playback - Blue","MJM-AIRDOPES-PRIME-BLUE","Free Size","1","300.0","300.0","TP2RMEU01785151"
"RTO_COMPLETE","313379326867133056_1","511488761","2026-07-27","","Tamil Nadu","MJM Airdopes Prime TWS Earbuds Bluetooth 5.4 Wireless Earbuds with Deep Bass, HD Calling, Type-C Charging & 18 Hours Playback - Blue","MJM-AIRDOPES-PRIME-BLUE","Free Size","1","271.0","271.0","TP2RMEU01785152"
"DELIVERED","313385068420080384_1","511488761","2026-07-28","","Tamil Nadu","MJM Airdopes Prime TWS Earbuds Bluetooth 5.4 Wireless Earbuds with Deep Bass, HD Calling, Type-C Charging & 18 Hours Playback - Blue","MJM-AIRDOPES-PRIME-BLUE","Free Size","1","271.0","271.0","TP2RMEU01771782"
"DELIVERED","313389447924089536_1","508573229","2026-07-28","","West Bengal","MJM Premium Metal Mobile Stand | 360? Rotation Adjustable Phone Holder | Foldable Desk Table Stand for Smartphone & Tablet","L396-STAND","Free Size","1","160.0","160.0","TP2RMEU01785163"
"CANCELLED","313442643768938048_1","511488761","2026-07-28","","Madhya Pradesh","MJM Airdopes Prime TWS Earbuds Bluetooth 5.4 Wireless Earbuds with Deep Bass, HD Calling, Type-C Charging & 18 Hours Playback - Blue","MJM-AIRDOPES-PRIME-BLUE","Free Size","1","300.0","300.0",
"DELIVERED","313491653662286592_1","511488761","2026-07-28","","Rajasthan","MJM Airdopes Prime TWS Earbuds Bluetooth 5.4 Wireless Earbuds with Deep Bass, HD Calling, Type-C Charging & 18 Hours Playback - Blue","MJM-AIRDOPES-PRIME-BLUE","Free Size","1","271.0","271.0","TP2RMEU01785155"
"DELIVERED","313491598197248640_1","511488761","2026-07-28","","Tamil Nadu","MJM Airdopes Prime TWS Earbuds Bluetooth 5.4 Wireless Earbuds with Deep Bass, HD Calling, Type-C Charging & 18 Hours Playback - Blue","MJM-AIRDOPES-PRIME-BLUE","Free Size","1","271.0","253.0","TP2RMEU01785153"
"CANCELLED","313495439890383552_1","511488761","2026-07-28","","Karnataka","MJM Airdopes Prime TWS Earbuds Bluetooth 5.4 Wireless Earbuds with Deep Bass, HD Calling, Type-C Charging & 18 Hours Playback - Blue","MJM-AIRDOPES-PRIME-BLUE","Free Size","1","271.0","271.0",
"DELIVERED","313506381461601472_1","511488761","2026-07-28","","Uttar Pradesh","MJM Airdopes Prime TWS Earbuds Bluetooth 5.4 Wireless Earbuds with Deep Bass, HD Calling, Type-C Charging & 18 Hours Playback - Blue","MJM-AIRDOPES-PRIME-BLUE","Free Size","1","300.0","282.0","TP2RMEU01785160"
"DELIVERED","313507743234166144_1","511488761","2026-07-28","","Bihar","MJM Airdopes Prime TWS Earbuds Bluetooth 5.4 Wireless Earbuds with Deep Bass, HD Calling, Type-C Charging & 18 Hours Playback - Blue","MJM-AIRDOPES-PRIME-BLUE","Free Size","1","300.0","300.0","TP2RMEU01785150"
"DELIVERED","313515818709091008_1","511488761","2026-07-28","","Rajasthan","MJM Airdopes Prime TWS Earbuds Bluetooth 5.4 Wireless Earbuds with Deep Bass, HD Calling, Type-C Charging & 18 Hours Playback - Blue","MJM-AIRDOPES-PRIME-BLUE","Free Size","1","300.0","282.0","TP2RMEU01771783"
"DELIVERED","313534907108229824_1","511488761","2026-07-28","","Maharashtra","MJM Airdopes Prime TWS Earbuds Bluetooth 5.4 Wireless Earbuds with Deep Bass, HD Calling, Type-C Charging & 18 Hours Playback - Blue","MJM-AIRDOPES-PRIME-BLUE","Free Size","1","271.0","271.0","TP2RMEU01785167"
"RTO_COMPLETE","313538952727268928_1","511491324","2026-07-28","","Maharashtra","MJM Airdopes Prime TWS Earbuds Bluetooth 5.4 Wireless Earbuds with Deep Bass, HD Calling, Type-C Charging & 18 Hours Playback - Green","MJM-AIRDOPES-PRIME-GREEN","Free Size","1","300.0","300.0","TP15HAE01731792"
"DELIVERED","313544739738521152_1","517124724","2026-07-28","","Madhya Pradesh","MJM 100W 3 in 1 Fast Charging Cable with LED Light | Type C + Lightning + Micro USB | Nylon Braided USB Charging Cable | Black | 1 Piece","MJM-3IN1-TDY-BLK-1PC","Free Size","1","129.0","129.0","NP1NLEU03980984"
"DELIVERED","313554054420484736_1","515393440","2026-07-28","","Kerala","MJM Tecno Spark 20 Silicone Back Cover with 9H Tempered Glass Combo | Soft Liquid Silicone Case | Camera Protection | Shockproof | Anti Fingerprint | Scratch Resistant | Blue","MJM-SPARK20-SLC-TG-COMBO-BLUE","Free Size","1","100.0","100.0","TP2RMEU01785124"
"DELIVERED","313559920535872256_1","505105292","2026-07-28","","Telangana","MJM Waterproof Mobile Pouch Combo Pack of 8 | Universal Touch Screen Phone Cover with Neck Strap, Triple Lock Waterproof Case for Swimming, Travel, Beach & Rain Protection","3lockrainpouch-8pc","Free Size","1","127.0","109.0","TP2RMEU01785096"
"DELIVERED","313565014878731458_1","505105292","2026-07-28","","Telangana","MJM Waterproof Mobile Pouch Combo Pack of 8 | Universal Touch Screen Phone Cover with Neck Strap, Triple Lock Waterproof Case for Swimming, Travel, Beach & Rain Protection","3lockrainpouch-8pc","Free Size","1","127.0","109.0","TP2RMEU01785093"
"DELIVERED","313565474902180544_1","508240986","2026-07-28","","Rajasthan","MJM 360? Rotating Bike Mobile Holder Stand for Motorcycle, Bicycle & Scooter Handlebar Phone Mount","PT05-BIKESTAND","Free Size","1","170.0","152.0","TP15HAE01731791"
"RTO_COMPLETE","313577058659148544_1","505105292","2026-07-28","","Odisha","MJM Waterproof Mobile Pouch Combo Pack of 8 | Universal Touch Screen Phone Cover with Neck Strap, Triple Lock Waterproof Case for Swimming, Travel, Beach & Rain Protection","3lockrainpouch-8pc","Free Size","1","127.0","109.0","TP2RMEU01785100"
"DELIVERED","313582043899772096_1","505105292","2026-07-28","","Maharashtra","MJM Waterproof Mobile Pouch Combo Pack of 8 | Universal Touch Screen Phone Cover with Neck Strap, Triple Lock Waterproof Case for Swimming, Travel, Beach & Rain Protection","3lockrainpouch-8pc","Free Size","1","146.0","128.0","TP2RMEU01785099"
"DELIVERED","313601202422975872_1","508949391","2026-07-28","","Madhya Pradesh","MJM Samsung Galaxy A07 5G Premium Brown Leather Flip Cover Wallet Case with Card Slots, Magnetic Lock & Kickstand","MJM-A07BRN-FLP","Free Size","1","81.0","62.0","TP2RMEU01785129"
"DELIVERED","313609265440817856_1","505105292","2026-07-28","","Maharashtra","MJM Waterproof Mobile Pouch Combo Pack of 8 | Universal Touch Screen Phone Cover with Neck Strap, Triple Lock Waterproof Case for Swimming, Travel, Beach & Rain Protection","3lockrainpouch-8pc","Free Size","1","127.0","109.0","TP2RMEU01785094"
"RTO_COMPLETE","313664391203377792_1","511488761","2026-07-28","","Uttar Pradesh","MJM Airdopes Prime TWS Earbuds Bluetooth 5.4 Wireless Earbuds with Deep Bass, HD Calling, Type-C Charging & 18 Hours Playback - Blue","MJM-AIRDOPES-PRIME-BLUE","Free Size","1","300.0","300.0","TP2RMEU01785154"
"CANCELLED","313664444675558976_1","505105292","2026-07-28","","Rajasthan","MJM Waterproof Mobile Pouch Combo Pack of 8 | Universal Touch Screen Phone Cover with Neck Strap, Triple Lock Waterproof Case for Swimming, Travel, Beach & Rain Protection","3lockrainpouch-8pc","Free Size","1","146.0","146.0",
"DELIVERED","313664524057518848_1","511488761","2026-07-28","","Maharashtra","MJM Airdopes Prime TWS Earbuds Bluetooth 5.4 Wireless Earbuds with Deep Bass, HD Calling, Type-C Charging & 18 Hours Playback - Blue","MJM-AIRDOPES-PRIME-BLUE","Free Size","1","300.0","300.0","TP2RMEU01785168"
"DELIVERED","313667142187650624_1","511488761","2026-07-28","","Uttar Pradesh","MJM Airdopes Prime TWS Earbuds Bluetooth 5.4 Wireless Earbuds with Deep Bass, HD Calling, Type-C Charging & 18 Hours Playback - Blue","MJM-AIRDOPES-PRIME-BLUE","Free Size","1","300.0","300.0","TP2RMEU01785170"
"DELIVERED","313671552545006336_1","511488761","2026-07-28","","Andhra Pradesh","MJM Airdopes Prime TWS Earbuds Bluetooth 5.4 Wireless Earbuds with Deep Bass, HD Calling, Type-C Charging & 18 Hours Playback - Blue","MJM-AIRDOPES-PRIME-BLUE","Free Size","1","300.0","300.0","TP2RMEU01785176"
"DELIVERED","313675638094335360_1","511487094","2026-07-28","","Telangana","MJM Airdopes Prime TWS Earbuds Bluetooth 5.4 Wireless Earbuds with Deep Bass, HD Calling, Type-C Charging & 18 Hours Playback - Black","MJM-AIRDOPES-PRIME-BLACK","Free Size","1","271.0","271.0","TP2RMEU01785179"
"CANCELLED","313675974217469504_1","511488761","2026-07-28","","Uttar Pradesh","MJM Airdopes Prime TWS Earbuds Bluetooth 5.4 Wireless Earbuds with Deep Bass, HD Calling, Type-C Charging & 18 Hours Playback - Blue","MJM-AIRDOPES-PRIME-BLUE","Free Size","1","300.0","282.0",
"CANCELLED","313676015083573888_1","511491324","2026-07-28","","Uttar Pradesh","MJM Airdopes Prime TWS Earbuds Bluetooth 5.4 Wireless Earbuds with Deep Bass, HD Calling, Type-C Charging & 18 Hours Playback - Green","MJM-AIRDOPES-PRIME-GREEN","Free Size","1","271.0","271.0",
"DELIVERED","313677470657056128_1","511488761","2026-07-28","","Gujarat","MJM Airdopes Prime TWS Earbuds Bluetooth 5.4 Wireless Earbuds with Deep Bass, HD Calling, Type-C Charging & 18 Hours Playback - Blue","MJM-AIRDOPES-PRIME-BLUE","Free Size","1","271.0","253.0","TP2RMEU01785172"
"RTO_COMPLETE","313677574043534016_1","511488761","2026-07-28","","Gujarat","MJM Airdopes Prime TWS Earbuds Bluetooth 5.4 Wireless Earbuds with Deep Bass, HD Calling, Type-C Charging & 18 Hours Playback - Blue","MJM-AIRDOPES-PRIME-BLUE","Free Size","1","271.0","271.0","TP2RMEU01785175"
"DELIVERED","313678153796494080_1","505105292","2026-07-28","","Rajasthan","MJM Waterproof Mobile Pouch Combo Pack of 8 | Universal Touch Screen Phone Cover with Neck Strap, Triple Lock Waterproof Case for Swimming, Travel, Beach & Rain Protection","3lockrainpouch-8pc","Free Size","1","146.0","146.0","TP2RMEU01785098"
"CANCELLED","313679495713727232_1","511488761","2026-07-28","","West Bengal","MJM Airdopes Prime TWS Earbuds Bluetooth 5.4 Wireless Earbuds with Deep Bass, HD Calling, Type-C Charging & 18 Hours Playback - Blue","MJM-AIRDOPES-PRIME-BLUE","Free Size","1","300.0","300.0",
"DELIVERED","313680525009027776_1","511488761","2026-07-28","","Bihar","MJM Airdopes Prime TWS Earbuds Bluetooth 5.4 Wireless Earbuds with Deep Bass, HD Calling, Type-C Charging & 18 Hours Playback - Blue","MJM-AIRDOPES-PRIME-BLUE","Free Size","1","271.0","271.0","TP2RMEU01785171"
"DELIVERED","313680828722696834_1","511488761","2026-07-28","","Tamil Nadu","MJM Airdopes Prime TWS Earbuds Bluetooth 5.4 Wireless Earbuds with Deep Bass, HD Calling, Type-C Charging & 18 Hours Playback - Blue","MJM-AIRDOPES-PRIME-BLUE","Free Size","1","271.0","271.0","TP2RMEU01785173"
"DELIVERED","313680828722696834_2","511488761","2026-07-28","","Tamil Nadu","MJM Airdopes Prime TWS Earbuds Bluetooth 5.4 Wireless Earbuds with Deep Bass, HD Calling, Type-C Charging & 18 Hours Playback - Blue","MJM-AIRDOPES-PRIME-BLUE","Free Size","1","271.0","271.0","TP2RMEU01785174"
"DELIVERED","313681691007684160_1","508573229","2026-07-28","","Bihar","MJM Premium Metal Mobile Stand | 360? Rotation Adjustable Phone Holder | Foldable Desk Table Stand for Smartphone & Tablet","L396-STAND","Free Size","1","141.0","124.0","TP2RMEU01785088"
"DELIVERED","313681918326940416_1","508240986","2026-07-28","","Gujarat","MJM 360? Rotating Bike Mobile Holder Stand for Motorcycle, Bicycle & Scooter Handlebar Phone Mount","PT05-BIKESTAND","Free Size","1","170.0","152.0","TP15HAE01731790"
"CANCELLED","313695300828472064_1","511487094","2026-07-28","","Tamil Nadu","MJM Airdopes Prime TWS Earbuds Bluetooth 5.4 Wireless Earbuds with Deep Bass, HD Calling, Type-C Charging & 18 Hours Playback - Black","MJM-AIRDOPES-PRIME-BLACK","Free Size","1","271.0","271.0",
"CANCELLED","313705313835885312_1","511487094","2026-07-28","","West Bengal","MJM Airdopes Prime TWS Earbuds Bluetooth 5.4 Wireless Earbuds with Deep Bass, HD Calling, Type-C Charging & 18 Hours Playback - Black","MJM-AIRDOPES-PRIME-BLACK","Free Size","1","271.0","271.0",
"RTO_COMPLETE","313706033632918720_1","505105292","2026-07-28","","Maharashtra","MJM Waterproof Mobile Pouch Combo Pack of 8 | Universal Touch Screen Phone Cover with Neck Strap, Triple Lock Waterproof Case for Swimming, Travel, Beach & Rain Protection","3lockrainpouch-8pc","Free Size","1","127.0","127.0","TP2RMEU01785097"
"DELIVERED","313722253626740288_1","505105292","2026-07-28","","Uttar Pradesh","MJM Waterproof Mobile Pouch Combo Pack of 8 | Universal Touch Screen Phone Cover with Neck Strap, Triple Lock Waterproof Case for Swimming, Travel, Beach & Rain Protection","3lockrainpouch-8pc","Free Size","1","146.0","128.0","TP2RMEU01785095"
"RTO_COMPLETE","313733997346590272_1","511491324","2026-07-28","","Uttar Pradesh","MJM Airdopes Prime TWS Earbuds Bluetooth 5.4 Wireless Earbuds with Deep Bass, HD Calling, Type-C Charging & 18 Hours Playback - Green","MJM-AIRDOPES-PRIME-GREEN","Free Size","1","300.0","300.0","TP2RMEU01785178"
"DELIVERED","313738444000890432_1","511491324","2026-07-28","","West Bengal","MJM Airdopes Prime TWS Earbuds Bluetooth 5.4 Wireless Earbuds with Deep Bass, HD Calling, Type-C Charging & 18 Hours Playback - Green","MJM-AIRDOPES-PRIME-GREEN","Free Size","1","271.0","253.0","TP15HAE01731793"
"DELIVERED","313744335005715840_1","511487094","2026-07-28","","Bihar","MJM Airdopes Prime TWS Earbuds Bluetooth 5.4 Wireless Earbuds with Deep Bass, HD Calling, Type-C Charging & 18 Hours Playback - Black","MJM-AIRDOPES-PRIME-BLACK","Free Size","1","271.0","253.0","TP2RMEU01785182"
"RTO_COMPLETE","313872074757520448_1","511487094","2026-07-29","","Odisha","MJM Airdopes Prime TWS Earbuds Bluetooth 5.4 Wireless Earbuds with Deep Bass, HD Calling, Type-C Charging & 18 Hours Playback - Black","MJM-AIRDOPES-PRIME-BLACK","Free Size","1","300.0","300.0","TP2RMEU01785180"
"DELIVERED","313878328293315200_1","511487094","2026-07-29","","Karnataka","MJM Airdopes Prime TWS Earbuds Bluetooth 5.4 Wireless Earbuds with Deep Bass, HD Calling, Type-C Charging & 18 Hours Playback - Black","MJM-AIRDOPES-PRIME-BLACK","Free Size","1","300.0","300.0","TP2RMEU01785169"
"DELIVERED","313887383346363584_1","507601287","2026-07-29","","Uttar Pradesh","MJM Black Flip Cover with HD+ Tempered Glass Combo | Premium Wallet Style Mobile Case | Magnetic Closure & 360? Protection","Give your smartphone complete protection with the MJM Black Flip Cover and HD+ Tempered Glass Combo. Crafted with a premium leather-finish design, this wallet-style flip cover offers a stylish look wh","Free Size","1","100.0","100.0","TP2RMEU01785128"
"DELIVERED","313893909327446720_1","511491324","2026-07-29","","Uttar Pradesh","MJM Airdopes Prime TWS Earbuds Bluetooth 5.4 Wireless Earbuds with Deep Bass, HD Calling, Type-C Charging & 18 Hours Playback - Green","MJM-AIRDOPES-PRIME-GREEN","Free Size","1","300.0","282.0","TP2RMEU01785177"
"DELIVERED","313896086196388544_1","511487094","2026-07-29","","Rajasthan","MJM Airdopes Prime TWS Earbuds Bluetooth 5.4 Wireless Earbuds with Deep Bass, HD Calling, Type-C Charging & 18 Hours Playback - Black","MJM-AIRDOPES-PRIME-BLACK","Free Size","1","300.0","300.0","TP2RMEU01785091"
"RTO_COMPLETE","313900556929612992_1","511487094","2026-07-29","","Tamil Nadu","MJM Airdopes Prime TWS Earbuds Bluetooth 5.4 Wireless Earbuds with Deep Bass, HD Calling, Type-C Charging & 18 Hours Playback - Black","MJM-AIRDOPES-PRIME-BLACK","Free Size","1","300.0","300.0","TP2RMEU01785083"
"DELIVERED","313909453367661184_1","508573229","2026-07-29","","Karnataka","MJM Premium Metal Mobile Stand | 360? Rotation Adjustable Phone Holder | Foldable Desk Table Stand for Smartphone & Tablet","L396-STAND","Free Size","1","160.0","160.0","TP2RMEU01785089"
"DELIVERED","313917140105942528_1","511487094","2026-07-29","","Gujarat","MJM Airdopes Prime TWS Earbuds Bluetooth 5.4 Wireless Earbuds with Deep Bass, HD Calling, Type-C Charging & 18 Hours Playback - Black","MJM-AIRDOPES-PRIME-BLACK","Free Size","1","300.0","300.0","TP2RMEU01785085"
"DELIVERED","313917891069989504_1","511487094","2026-07-29","","Odisha","MJM Airdopes Prime TWS Earbuds Bluetooth 5.4 Wireless Earbuds with Deep Bass, HD Calling, Type-C Charging & 18 Hours Playback - Black","MJM-AIRDOPES-PRIME-BLACK","Free Size","1","271.0","271.0","TP2RMEU01785086"
"DELIVERED","313918032233484928_1","511487094","2026-07-29","","Tamil Nadu","MJM Airdopes Prime TWS Earbuds Bluetooth 5.4 Wireless Earbuds with Deep Bass, HD Calling, Type-C Charging & 18 Hours Playback - Black","MJM-AIRDOPES-PRIME-BLACK","Free Size","1","300.0","300.0","TP2RMEU01785084"
"DELIVERED","313922649751225024_1","508573229","2026-07-29","","Maharashtra","MJM Premium Metal Mobile Stand | 360? Rotation Adjustable Phone Holder | Foldable Desk Table Stand for Smartphone & Tablet","L396-STAND","Free Size","1","160.0","160.0","TP2RMEU01785090"
"DELIVERED","313935319233143552_1","508240986","2026-07-29","","Uttar Pradesh","MJM 360? Rotating Bike Mobile Holder Stand for Motorcycle, Bicycle & Scooter Handlebar Phone Mount","PT05-BIKESTAND","Free Size","1","148.0","148.0","TP15HAE01731789"
"RTO_COMPLETE","313943560646677120_1","511487094","2026-07-29","","Haryana","MJM Airdopes Prime TWS Earbuds Bluetooth 5.4 Wireless Earbuds with Deep Bass, HD Calling, Type-C Charging & 18 Hours Playback - Black","MJM-AIRDOPES-PRIME-BLACK","Free Size","1","300.0","300.0","TP2RMEU01785125"
"DELIVERED","314060284520814080_1","508162782","2026-07-29","","Uttar Pradesh","MJM Crystal Pro Wireless Bluetooth Earbuds with Smart LED Display, 48H Playback, ENC Calling, Type-C Charging, Low Latency Gaming Earbuds","Crystalpro-black","Free Size","1","300.0","282.0","TP2RMEU01785126"
"DELIVERED","314061047765286080_1","508573229","2026-07-29","","Karnataka","MJM Premium Metal Mobile Stand | 360? Rotation Adjustable Phone Holder | Foldable Desk Table Stand for Smartphone & Tablet","L396-STAND","Free Size","1","141.0","124.0","TP2RMEU01785092"
"DELIVERED","314061562110006784_1","508949391","2026-07-29","","Himachal Pradesh","MJM Samsung Galaxy A07 5G Premium Brown Leather Flip Cover Wallet Case with Card Slots, Magnetic Lock & Kickstand","MJM-A07BRN-FLP","Free Size","1","100.0","100.0","TP2RMEU01785127"
"DELIVERED","314080416819303936_1","506810503","2026-07-29","","Delhi","MJM 10 Pieces 10 Watt LED Bulb Combo Pack | Cool White Energy Saving LED Light Bulbs | Long Lasting Bright Light for Home, Office, Shop | B22 Base","10wled-10pcs-leo","Free Size","1","200.0","182.0","TP8RTEU03010760"
"DELIVERED","314104684377160768_1","505105292","2026-07-29","","West Bengal","MJM Waterproof Mobile Pouch Combo Pack of 8 | Universal Touch Screen Phone Cover with Neck Strap, Triple Lock Waterproof Case for Swimming, Travel, Beach & Rain Protection","3lockrainpouch-8pc","Free Size","1","127.0","109.0","TP2RMEU01785087"
"DELIVERED","314270684986201600_1","508949391","2026-07-30","","Bihar","MJM Samsung Galaxy A07 5G Premium Brown Leather Flip Cover Wallet Case with Card Slots, Magnetic Lock & Kickstand","MJM-A07BRN-FLP","Free Size","1","100.0","100.0","TP15HAE01731780"
"DELIVERED","314272646707479232_1","505105292","2026-07-30","","Telangana","MJM Waterproof Mobile Pouch Combo Pack of 8 | Universal Touch Screen Phone Cover with Neck Strap, Triple Lock Waterproof Case for Swimming, Travel, Beach & Rain Protection","3lockrainpouch-8pc","Free Size","2","127.0","127.0","TP15HAE01731781"
"RTO_COMPLETE","314286093306364608_1","508162782","2026-07-30","","Odisha","MJM Crystal Pro Wireless Bluetooth Earbuds with Smart LED Display, 48H Playback, ENC Calling, Type-C Charging, Low Latency Gaming Earbuds","Crystalpro-black","Free Size","1","300.0","300.0","TP2RMEU01785137"
"DELIVERED","314363296618003656_1","508573229","2026-07-30","","Maharashtra","MJM Premium Metal Mobile Stand | 360? Rotation Adjustable Phone Holder | Foldable Desk Table Stand for Smartphone & Tablet","L396-STAND","Free Size","1","141.0","124.0","TP2RMEU01785131"
"DELIVERED","314398824798606848_1","508240986","2026-07-30","","Uttar Pradesh","MJM 360? Rotating Bike Mobile Holder Stand for Motorcycle, Bicycle & Scooter Handlebar Phone Mount","PT05-BIKESTAND","Free Size","1","170.0","170.0","TP15HAE01731782"
"DELIVERED","314405587160284224_1","508573229","2026-07-30","","Andhra Pradesh","MJM Premium Metal Mobile Stand | 360? Rotation Adjustable Phone Holder | Foldable Desk Table Stand for Smartphone & Tablet","L396-STAND","Free Size","1","160.0","143.0","TP2RMEU01785130"
"DELIVERED","314421589935799360_1","505105292","2026-07-30","","West Bengal","MJM Waterproof Mobile Pouch Combo Pack of 8 | Universal Touch Screen Phone Cover with Neck Strap, Triple Lock Waterproof Case for Swimming, Travel, Beach & Rain Protection","3lockrainpouch-8pc","Free Size","1","146.0","128.0","TP2RMEU01785132"
"DELIVERED","314469407657809409_1","505105292","2026-07-30","","Maharashtra","MJM Waterproof Mobile Pouch Combo Pack of 8 | Universal Touch Screen Phone Cover with Neck Strap, Triple Lock Waterproof Case for Swimming, Travel, Beach & Rain Protection","3lockrainpouch-8pc","Free Size","1","127.0","109.0","TP2RMEU01785133"
"DELIVERED","314626306947359488_1","507601287","2026-07-31","","Bihar","MJM Brown Flip Cover with HD+ Tempered Glass Combo | Premium Wallet Style Mobile Case | Magnetic Closure & 360? Protection","Y20Brownflip+Glass","Free Size","1","100.0","81.0","TP2RMEU01785136"
"DELIVERED","314638956217881216_1","508573229","2026-07-31","","Gujarat","MJM Premium Metal Mobile Stand | 360? Rotation Adjustable Phone Holder | Foldable Desk Table Stand for Smartphone & Tablet","L396-STAND","Free Size","1","141.0","124.0","TP2RMEU01785138"
"DELIVERED","314641446467943488_1","505105292","2026-07-31","","Maharashtra","MJM Waterproof Mobile Pouch Combo Pack of 8 | Universal Touch Screen Phone Cover with Neck Strap, Triple Lock Waterproof Case for Swimming, Travel, Beach & Rain Protection","3lockrainpouch-8pc","Free Size","1","127.0","127.0","TP2RMEU01785134"
"DELIVERED","314654077992424064_1","505105292","2026-07-31","","Karnataka","MJM Waterproof Mobile Pouch Combo Pack of 8 | Universal Touch Screen Phone Cover with Neck Strap, Triple Lock Waterproof Case for Swimming, Travel, Beach & Rain Protection","3lockrainpouch-8pc","Free Size","1","146.0","128.0","TP2RMEU01785135"
"DELIVERED","314704883126575872_1","508949391","2026-07-31","","Uttar Pradesh","MJM Samsung Galaxy A07 5G Premium Brown Leather Flip Cover Wallet Case with Card Slots, Magnetic Lock & Kickstand","MJM-A07BRN-FLP","Free Size","1","100.0","81.0","TP2RMEU01785144"
"CANCELLED","314728409699073216_1","508331258","2026-07-31","","Jharkhand","MJM Crystal Pro Wireless Bluetooth Earbuds with Smart LED Display, 18H Playback, ENC Calling, Type-C Charging, Low Latency Gaming Earbuds","Blackcrystlepro","Free Size","1","330.0","330.0",
"DELIVERED","314728982569696320_1","505105292","2026-07-31","","Maharashtra","MJM Waterproof Mobile Pouch Combo Pack of 8 | Universal Touch Screen Phone Cover with Neck Strap, Triple Lock Waterproof Case for Swimming, Travel, Beach & Rain Protection","3lockrainpouch-8pc","Free Size","1","146.0","128.0","TP2RMEU01785110"
"DELIVERED","314734384196211328_1","505105292","2026-07-31","","Kerala","MJM Waterproof Mobile Pouch Combo Pack of 8 | Universal Touch Screen Phone Cover with Neck Strap, Triple Lock Waterproof Case for Swimming, Travel, Beach & Rain Protection","3lockrainpouch-8pc","Free Size","1","146.0","128.0","TP2RMEU01785142"
"DELIVERED","314787832727485632_1","508162782","2026-07-31","","Rajasthan","MJM Crystal Pro Wireless Bluetooth Earbuds with Smart LED Display, 48H Playback, ENC Calling, Type-C Charging, Low Latency Gaming Earbuds","Crystalpro-black","Free Size","1","271.0","271.0","TP2RMEU01785141"
"DELIVERED","314800739964539520_1","505105292","2026-07-31","","Bihar","MJM Waterproof Mobile Pouch Combo Pack of 8 | Universal Touch Screen Phone Cover with Neck Strap, Triple Lock Waterproof Case for Swimming, Travel, Beach & Rain Protection","3lockrainpouch-8pc","Free Size","1","127.0","109.0","TP2RMEU01785143"
"DELIVERED","314801914427941632_1","508240986","2026-07-31","","Tamil Nadu","MJM 360? Rotating Bike Mobile Holder Stand for Motorcycle, Bicycle & Scooter Handlebar Phone Mount","PT05-BIKESTAND","Free Size","1","148.0","130.0","TP15HAE01731779"
