"Reason for Credit Entry","Sub Order No","Catalog ID","Order Date","Order source","Customer State","Product Name","SKU","Size","Quantity","Supplier Listed Price (Incl. GST + Commission)","Supplier Discounted Price (Incl GST and Commision)","Packet Id"
"RTO_COMPLETE","326173119770954048_1","508240986","2026-09-01","","Haryana","MJM 360? Rotating Bike Mobile Holder Stand for Motorcycle, Bicycle & Scooter Handlebar Phone Mount","PT05-BIKESTAND","Free Size","1","170.0","170.0","TP15DAE01632803"
"DELIVERED","326195697655337920_1","508240986","2026-09-01","","West Bengal","MJM 360? Rotating Bike Mobile Holder Stand for Motorcycle, Bicycle & Scooter Handlebar Phone Mount","PT05-BIKESTAND","Free Size","1","148.0","130.0","TP15DAE01632780"
"RTO_COMPLETE","326207888727069568_1","508331258","2026-09-01","","Assam","MJM Crystal Pro Wireless Bluetooth Earbuds with Smart LED Display, 18H Playback, ENC Calling, Type-C Charging, Low Latency Gaming Earbuds","Blackcrystlepro","Free Size","1","301.0","301.0","TP2CMEU02000782"
"DELIVERED","326242860691215360_1","508240986","2026-09-01","","Maharashtra","MJM 360? Rotating Bike Mobile Holder Stand for Motorcycle, Bicycle & Scooter Handlebar Phone Mount","PT05-BIKESTAND","Free Size","1","170.0","170.0","TP15DAE01632782"
"DELIVERED","326255483692372992_1","508162782","2026-09-01","","Odisha","MJM Crystal Pro Wireless Bluetooth Earbuds with Smart LED Display, 48H Playback, ENC Calling, Type-C Charging, Low Latency Gaming Earbuds","Crystalpro-black","Free Size","1","300.0","282.0","TP2CMEU02000780"
"CANCELLED","324430878395424576_1","515393440","2026-09-01","","Madhya Pradesh","MJM Tecno Spark 20 Silicone Back Cover with 9H Tempered Glass Combo | Soft Liquid Silicone Case | Camera Protection | Shockproof | Anti Fingerprint | Scratch Resistant | Black","MJM-SPARK20-SLC-TG-COMBO-BLK","Free Size","1","81.0","81.0",
"DELIVERED","326274020364374528_1","508573229","2026-09-01","","Telangana","MJM Premium Metal Mobile Stand | 360? Rotation Adjustable Phone Holder | Foldable Desk Table Stand for Smartphone & Tablet","L396-STAND","Free Size","1","160.0","160.0","TP2CMEU02000774"
"DELIVERED","326282758232068864_1","508573229","2026-09-01","","Himachal Pradesh","MJM Premium Metal Mobile Stand | 360? Rotation Adjustable Phone Holder | Foldable Desk Table Stand for Smartphone & Tablet","L396-STAND","Free Size","1","160.0","143.0","TP2CMEU02000776"
"DELIVERED","326289439183720960_1","508573229","2026-09-01","","Madhya Pradesh","MJM Premium Metal Mobile Stand | 360? Rotation Adjustable Phone Holder | Foldable Desk Table Stand for Smartphone & Tablet","L396-STAND","Free Size","1","160.0","160.0","TP2CMEU02000775"
"RTO_COMPLETE","326314347035732288_1","508240986","2026-09-01","","Karnataka","MJM 360? Rotating Bike Mobile Holder Stand for Motorcycle, Bicycle & Scooter Handlebar Phone Mount","PT05-BIKESTAND","Free Size","1","170.0","170.0","TP15DAE01632789"
"DELIVERED","326325574826830144_1","508240986","2026-09-01","","Maharashtra","MJM 360? Rotating Bike Mobile Holder Stand for Motorcycle, Bicycle & Scooter Handlebar Phone Mount","PT05-BIKESTAND","Free Size","1","148.0","130.0","TP15DAE01632784"
"DELIVERED","326334677287079488_1","508240986","2026-09-01","","Tamil Nadu","MJM 360? Rotating Bike Mobile Holder Stand for Motorcycle, Bicycle & Scooter Handlebar Phone Mount","PT05-BIKESTAND","Free Size","1","148.0","130.0","TP15DAE01632795"
"RTO_COMPLETE","326336256154642752_1","508240986","2026-09-01","","Madhya Pradesh","MJM 360? Rotating Bike Mobile Holder Stand for Motorcycle, Bicycle & Scooter Handlebar Phone Mount","PT05-BIKESTAND","Free Size","1","170.0","170.0","TP15DAE01632786"
"DELIVERED","326337499508411968_1","508240986","2026-09-01","","Bihar","MJM 360? Rotating Bike Mobile Holder Stand for Motorcycle, Bicycle & Scooter Handlebar Phone Mount","PT05-BIKESTAND","Free Size","1","170.0","170.0","TP15DAE01632796"
"RTO_COMPLETE","326342039644000832_1","508240986","2026-09-01","","Rajasthan","MJM 360? Rotating Bike Mobile Holder Stand for Motorcycle, Bicycle & Scooter Handlebar Phone Mount","PT05-BIKESTAND","Free Size","1","170.0","170.0","TP15DAE01632808"
"CANCELLED","326347711918745920_1","508240986","2026-09-01","","Maharashtra","MJM 360? Rotating Bike Mobile Holder Stand for Motorcycle, Bicycle & Scooter Handlebar Phone Mount","PT05-BIKESTAND","Free Size","1","170.0","170.0",
"DELIVERED","326351631913750080_1","508240986","2026-09-01","","Maharashtra","MJM 360? Rotating Bike Mobile Holder Stand for Motorcycle, Bicycle & Scooter Handlebar Phone Mount","PT05-BIKESTAND","Free Size","1","148.0","148.0","TP15DAE01632806"
"DELIVERED","326375346818944576_1","508573229","2026-09-01","","Uttar Pradesh","MJM Premium Metal Mobile Stand | 360? Rotation Adjustable Phone Holder | Foldable Desk Table Stand for Smartphone & Tablet","L396-STAND","Free Size","1","160.0","143.0","TP2CMEU02000777"
"CANCELLED","326387194793929024_1","508162782","2026-09-01","","Bihar","MJM Crystal Pro Wireless Bluetooth Earbuds with Smart LED Display, 48H Playback, ENC Calling, Type-C Charging, Low Latency Gaming Earbuds","Crystalpro-black","Free Size","1","300.0","282.0","TP2CMEU02000779"
"DELIVERED","326387293915042432_1","508240986","2026-09-01","","Odisha","MJM 360? Rotating Bike Mobile Holder Stand for Motorcycle, Bicycle & Scooter Handlebar Phone Mount","PT05-BIKESTAND","Free Size","1","170.0","152.0","TP15DAE01632781"
"CANCELLED","326387889757868800_1","508240986","2026-09-01","","Bihar","MJM 360? Rotating Bike Mobile Holder Stand for Motorcycle, Bicycle & Scooter Handlebar Phone Mount","PT05-BIKESTAND","Free Size","1","170.0","170.0",
"DELIVERED","326397770140068160_1","508573229","2026-09-01","","Maharashtra","MJM Premium Metal Mobile Stand | 360? Rotation Adjustable Phone Holder | Foldable Desk Table Stand for Smartphone & Tablet","L396-STAND","Free Size","1","160.0","160.0","TP2CMEU02000773"
"DELIVERED","326400126643982912_1","508162782","2026-09-01","","Karnataka","MJM Crystal Pro Wireless Bluetooth Earbuds with Smart LED Display, 48H Playback, ENC Calling, Type-C Charging, Low Latency Gaming Earbuds","Crystalpro-black","Free Size","1","300.0","300.0","TP2CMEU02000783"
"DELIVERED","326400517859299968_1","508240986","2026-09-01","","Bihar","MJM 360? Rotating Bike Mobile Holder Stand for Motorcycle, Bicycle & Scooter Handlebar Phone Mount","PT05-BIKESTAND","Free Size","1","148.0","130.0","TP15DAE01632807"
"DELIVERED","326406464279270144_1","508573229","2026-09-01","","Uttar Pradesh","MJM Premium Metal Mobile Stand | 360? Rotation Adjustable Phone Holder | Foldable Desk Table Stand for Smartphone & Tablet","L396-STAND","Free Size","1","141.0","124.0","TP2CMEU02000778"
"DELIVERED","326412943012302400_1","508240986","2026-09-01","","Delhi","MJM 360? Rotating Bike Mobile Holder Stand for Motorcycle, Bicycle & Scooter Handlebar Phone Mount","PT05-BIKESTAND","Free Size","1","148.0","130.0","TP15DAE01632802"
"DELIVERED","326416007242295616_1","508240986","2026-09-01","","Gujarat","MJM 360? Rotating Bike Mobile Holder Stand for Motorcycle, Bicycle & Scooter Handlebar Phone Mount","PT05-BIKESTAND","Free Size","1","148.0","130.0","TP15DAE01632783"
"DELIVERED","326420596789465728_1","508240986","2026-09-01","","Karnataka","MJM 360? Rotating Bike Mobile Holder Stand for Motorcycle, Bicycle & Scooter Handlebar Phone Mount","PT05-BIKESTAND","Free Size","1","170.0","170.0","TP15DAE01632804"
"CANCELLED","326554128295776833_1","508240986","2026-09-02","","Bihar","MJM 360? Rotating Bike Mobile Holder Stand for Motorcycle, Bicycle & Scooter Handlebar Phone Mount","PT05-BIKESTAND","Free Size","1","148.0","148.0",
"DELIVERED","326570387020304960_1","508240986","2026-09-02","","Gujarat","MJM 360? Rotating Bike Mobile Holder Stand for Motorcycle, Bicycle & Scooter Handlebar Phone Mount","PT05-BIKESTAND","Free Size","1","148.0","148.0","TP15DAE01632785"
"DELIVERED","326580249729178048_1","508240986","2026-09-02","","Uttar Pradesh","MJM 360? Rotating Bike Mobile Holder Stand for Motorcycle, Bicycle & Scooter Handlebar Phone Mount","PT05-BIKESTAND","Free Size","1","148.0","148.0","TP15DAE01632812"
"DELIVERED","326599761727705600_1","508240986","2026-09-02","","Rajasthan","MJM 360? Rotating Bike Mobile Holder Stand for Motorcycle, Bicycle & Scooter Handlebar Phone Mount","PT05-BIKESTAND","Free Size","1","148.0","130.0","TP15DAE01632811"
"DELIVERED","326605148241646336_1","513526730","2026-09-02","","Gujarat","MJM 24 Pieces Cable Protector Combo | Silicone Spiral Cable Saver for USB, Type C, Lightning & Earphone Cables | Anti Break Wire Protector | Multicolor","MJM-CP6-SMALL","Free Size","1","86.0","68.0","TP2CMEU02000781"
"DELIVERED","326608879456735872_1","508240986","2026-09-02","","Uttar Pradesh","MJM 360? Rotating Bike Mobile Holder Stand for Motorcycle, Bicycle & Scooter Handlebar Phone Mount","PT05-BIKESTAND","Free Size","1","170.0","152.0","TP15DAE01632797"
"DELIVERED","326615083042067200_1","508573229","2026-09-02","","Karnataka","MJM Premium Metal Mobile Stand | 360? Rotation Adjustable Phone Holder | Foldable Desk Table Stand for Smartphone & Tablet","L396-STAND","Free Size","1","160.0","143.0","TP2CMEU02885681"
"DELIVERED","326617167091061504_1","508240986","2026-09-02","","Telangana","MJM 360? Rotating Bike Mobile Holder Stand for Motorcycle, Bicycle & Scooter Handlebar Phone Mount","PT05-BIKESTAND","Free Size","1","170.0","152.0","TP15DAE01632793"
"DELIVERED","326627309207540288_1","508573229","2026-09-02","","West Bengal","MJM Premium Metal Mobile Stand | 360? Rotation Adjustable Phone Holder | Foldable Desk Table Stand for Smartphone & Tablet","L396-STAND","Free Size","1","160.0","143.0","TP2CMEU02885683"
"CANCELLED","326656320382030464_1","508240986","2026-09-02","","Gujarat","MJM 360? Rotating Bike Mobile Holder Stand for Motorcycle, Bicycle & Scooter Handlebar Phone Mount","PT05-BIKESTAND","Free Size","1","170.0","170.0",
"DELIVERED","326663398341333760_1","508240986","2026-09-02","","Jammu & Kashmir","MJM 360? Rotating Bike Mobile Holder Stand for Motorcycle, Bicycle & Scooter Handlebar Phone Mount","PT05-BIKESTAND","Free Size","1","148.0","148.0","TP15DAE01632798"
"RTO_COMPLETE","326673709481233984_1","508949391","2026-09-02","","Rajasthan","MJM Samsung Galaxy A07 5G Premium Brown Leather Flip Cover Wallet Case with Card Slots, Magnetic Lock & Kickstand","MJM-A07BRN-FLP","Free Size","1","100.0","100.0","TP15HAE02124294"
"DELIVERED","326676633266278912_1","508240986","2026-09-02","","Maharashtra","MJM 360? Rotating Bike Mobile Holder Stand for Motorcycle, Bicycle & Scooter Handlebar Phone Mount","PT05-BIKESTAND","Free Size","1","148.0","130.0","TP15DAE01632814"
"DELIVERED","326684817406302656_1","508240986","2026-09-02","","Maharashtra","MJM 360? Rotating Bike Mobile Holder Stand for Motorcycle, Bicycle & Scooter Handlebar Phone Mount","PT05-BIKESTAND","Free Size","1","170.0","152.0","TP15DAE01632791"
"DELIVERED","326688655127204352_1","508240986","2026-09-02","","Haryana","MJM 360? Rotating Bike Mobile Holder Stand for Motorcycle, Bicycle & Scooter Handlebar Phone Mount","PT05-BIKESTAND","Free Size","1","170.0","152.0","TP15DAE01632813"
"DELIVERED","326729277989048896_1","508573229","2026-09-02","","Maharashtra","MJM Premium Metal Mobile Stand | 360? Rotation Adjustable Phone Holder | Foldable Desk Table Stand for Smartphone & Tablet","L396-STAND","Free Size","1","160.0","160.0","TP2CMEU02885682"
"DELIVERED","326768991668392576_1","508240986","2026-09-02","","Jammu & Kashmir","MJM 360? Rotating Bike Mobile Holder Stand for Motorcycle, Bicycle & Scooter Handlebar Phone Mount","PT05-BIKESTAND","Free Size","1","148.0","148.0","TP15DAE01632792"
"DELIVERED","326776479679632128_1","508573229","2026-09-02","","Uttar Pradesh","MJM Premium Metal Mobile Stand | 360? Rotation Adjustable Phone Holder | Foldable Desk Table Stand for Smartphone & Tablet","L396-STAND","Free Size","1","160.0","143.0","TP2CMEU02885685"
"DELIVERED","326781928546095680_1","508240986","2026-09-02","","Maharashtra","MJM 360? Rotating Bike Mobile Holder Stand for Motorcycle, Bicycle & Scooter Handlebar Phone Mount","PT05-BIKESTAND","Free Size","1","170.0","152.0","TP15DAE01632801"
"DELIVERED","326787660863623936_1","508240986","2026-09-02","","Gujarat","MJM 360? Rotating Bike Mobile Holder Stand for Motorcycle, Bicycle & Scooter Handlebar Phone Mount","PT05-BIKESTAND","Free Size","1","170.0","170.0","TP15DAE01632809"
"DELIVERED","326812043876666944_1","508240986","2026-09-03","","Tamil Nadu","MJM 360? Rotating Bike Mobile Holder Stand for Motorcycle, Bicycle & Scooter Handlebar Phone Mount","PT05-BIKESTAND","Free Size","1","148.0","130.0","TP15DAE01632805"
"RTO_COMPLETE","326913593134141952_1","508240986","2026-09-03","","Telangana","MJM 360? Rotating Bike Mobile Holder Stand for Motorcycle, Bicycle & Scooter Handlebar Phone Mount","PT05-BIKESTAND","Free Size","1","170.0","170.0","TP15DAE01632810"
"CANCELLED","326921224032736000_1","508240986","2026-09-03","","Bihar","MJM 360? Rotating Bike Mobile Holder Stand for Motorcycle, Bicycle & Scooter Handlebar Phone Mount","PT05-BIKESTAND","Free Size","1","170.0","170.0",
"DELIVERED","326937555419386496_1","508240986","2026-09-03","","Tamil Nadu","MJM 360? Rotating Bike Mobile Holder Stand for Motorcycle, Bicycle & Scooter Handlebar Phone Mount","PT05-BIKESTAND","Free Size","1","170.0","170.0","TP15DAE01632799"
"DELIVERED","326943828462391872_1","508240986","2026-09-03","","Madhya Pradesh","MJM 360? Rotating Bike Mobile Holder Stand for Motorcycle, Bicycle & Scooter Handlebar Phone Mount","PT05-BIKESTAND","Free Size","1","170.0","152.0","TP15DAE01632794"
"DELIVERED","326947011767310784_1","513526730","2026-09-03","","Gujarat","MJM 24 Pieces Cable Protector Combo | Silicone Spiral Cable Saver for USB, Type C, Lightning & Earphone Cables | Anti Break Wire Protector | Multicolor","MJM-CP6-SMALL","Free Size","1","86.0","68.0","TP15HAE02124286"
"DELIVERED","326947495232000768_1","508240986","2026-09-03","","West Bengal","MJM 360? Rotating Bike Mobile Holder Stand for Motorcycle, Bicycle & Scooter Handlebar Phone Mount","PT05-BIKESTAND","Free Size","1","170.0","170.0","TP15HAE02124296"
"CANCELLED","324422738550099776_1","508240986","2026-09-03","","Gujarat","MJM 360? Rotating Bike Mobile Holder Stand for Motorcycle, Bicycle & Scooter Handlebar Phone Mount","PT05-BIKESTAND","Free Size","1","170.0","170.0",
"DELIVERED","326948636950909568_1","508240986","2026-09-03","","Haryana","MJM 360? Rotating Bike Mobile Holder Stand for Motorcycle, Bicycle & Scooter Handlebar Phone Mount","PT05-BIKESTAND","Free Size","1","170.0","170.0","TP15HAE02124291"
"DELIVERED","326960449646088832_1","508240986","2026-09-03","","Odisha","MJM 360? Rotating Bike Mobile Holder Stand for Motorcycle, Bicycle & Scooter Handlebar Phone Mount","PT05-BIKESTAND","Free Size","1","170.0","170.0","TP15HAE02124282"
"DELIVERED","326963932264929728_1","505105292","2026-09-03","","Uttar Pradesh","MJM Waterproof Mobile Pouch Combo Pack of 8 | Universal Touch Screen Phone Cover with Neck Strap, Triple Lock Waterproof Case for Swimming, Travel, Beach & Rain Protection","3lockrainpouch-8pc","Free Size","1","127.0","109.0","TP2CMEU02885690"
"DELIVERED","326984169426423360_1","508240986","2026-09-03","","Odisha ","MJM 360? Rotating Bike Mobile Holder Stand for Motorcycle, Bicycle & Scooter Handlebar Phone Mount","PT05-BIKESTAND","Free Size","1","170.0","152.0","TP15HAE02124290"
"CANCELLED","327008526474007040_1","508240986","2026-09-03","","Uttar Pradesh","MJM 360? Rotating Bike Mobile Holder Stand for Motorcycle, Bicycle & Scooter Handlebar Phone Mount","PT05-BIKESTAND","Free Size","1","170.0","152.0",
"DELIVERED","327022969984814656_1","508573229","2026-09-03","","Uttarakhand","MJM Premium Metal Mobile Stand | 360? Rotation Adjustable Phone Holder | Foldable Desk Table Stand for Smartphone & Tablet","L396-STAND","Free Size","1","141.0","141.0","TP2CMEU02885687"
"DELIVERED","327023394049920576_1","508573229","2026-09-03","","Andhra Pradesh","MJM Premium Metal Mobile Stand | 360? Rotation Adjustable Phone Holder | Foldable Desk Table Stand for Smartphone & Tablet","L396-STAND","Free Size","1","141.0","124.0","TP2CMEU02885686"
"DELIVERED","327035118558648768_1","508240986","2026-09-03","","Uttar Pradesh","MJM 360? Rotating Bike Mobile Holder Stand for Motorcycle, Bicycle & Scooter Handlebar Phone Mount","PT05-BIKESTAND","Free Size","1","148.0","130.0","TP15HAE02124287"
"CANCELLED","327056091064160832_1","508240986","2026-09-03","","Jharkhand","MJM 360? Rotating Bike Mobile Holder Stand for Motorcycle, Bicycle & Scooter Handlebar Phone Mount","PT05-BIKESTAND","Free Size","1","148.0","130.0",
"DELIVERED","327058733194662400_1","508573229","2026-09-03","","Chhattisgarh","MJM Premium Metal Mobile Stand | 360? Rotation Adjustable Phone Holder | Foldable Desk Table Stand for Smartphone & Tablet","L396-STAND","Free Size","1","160.0","143.0","TP2CMEU02885684"
"DELIVERED","327070498309657152_1","508876433","2026-09-03","","Uttar Pradesh","MJM Crystal Pro Wireless Bluetooth Earbuds TWS | 18H Playtime | Bluetooth 5.4 | Type-C Charging | IPX4 Water Resistant Earphones","MJM-CP18-BTB54","Free Size","1","301.0","285.0","TP2CMEU02885688"
"DELIVERED","327077743307117312_1","508240986","2026-09-03","","Maharashtra","MJM 360? Rotating Bike Mobile Holder Stand for Motorcycle, Bicycle & Scooter Handlebar Phone Mount","PT05-BIKESTAND","Free Size","1","170.0","152.0","TP15HAE02124288"
"DELIVERED","327079194561466880_1","508240986","2026-09-03","","Bihar","MJM 360? Rotating Bike Mobile Holder Stand for Motorcycle, Bicycle & Scooter Handlebar Phone Mount","PT05-BIKESTAND","Free Size","1","170.0","152.0","TP15HAE02124283"
"CANCELLED","327093515031157184_1","508240986","2026-09-03","","Bihar","MJM 360? Rotating Bike Mobile Holder Stand for Motorcycle, Bicycle & Scooter Handlebar Phone Mount","PT05-BIKESTAND","Free Size","1","170.0","152.0",
"DELIVERED","327096753662841408_1","505105292","2026-09-03","","Madhya Pradesh","MJM Waterproof Mobile Pouch Combo Pack of 8 | Universal Touch Screen Phone Cover with Neck Strap, Triple Lock Waterproof Case for Swimming, Travel, Beach & Rain Protection","3lockrainpouch-8pc","Free Size","1","127.0","109.0","TP2CMEU02885691"
"DELIVERED","327143635479024384_1","508240986","2026-09-03","","Haryana","MJM 360? Rotating Bike Mobile Holder Stand for Motorcycle, Bicycle & Scooter Handlebar Phone Mount","PT05-BIKESTAND","Free Size","1","148.0","130.0","TP15HAE02124293"
"DELIVERED","327161742478136064_1","508240986","2026-09-04","","Tamil Nadu","MJM 360? Rotating Bike Mobile Holder Stand for Motorcycle, Bicycle & Scooter Handlebar Phone Mount","PT05-BIKESTAND","Free Size","1","148.0","130.0","TP15HAE02124284"
"DELIVERED","327170914284327680_1","508240986","2026-09-04","","Madhya Pradesh","MJM 360? Rotating Bike Mobile Holder Stand for Motorcycle, Bicycle & Scooter Handlebar Phone Mount","PT05-BIKESTAND","Free Size","1","170.0","152.0","TP15HAE02124292"
"DELIVERED","327228797042676224_1","508240986","2026-09-04","","Karnataka","MJM 360? Rotating Bike Mobile Holder Stand for Motorcycle, Bicycle & Scooter Handlebar Phone Mount","PT05-BIKESTAND","Free Size","1","148.0","130.0","TP15HAE02124289"
"DELIVERED","327277979010978432_1","508240986","2026-09-04","","Punjab","MJM 360? Rotating Bike Mobile Holder Stand for Motorcycle, Bicycle & Scooter Handlebar Phone Mount","PT05-BIKESTAND","Free Size","1","148.0","148.0","TP15HAE02124285"
"DELIVERED","327290422701445760_1","505105292","2026-09-04","","Tamil Nadu","MJM Waterproof Mobile Pouch Combo Pack of 8 | Universal Touch Screen Phone Cover with Neck Strap, Triple Lock Waterproof Case for Swimming, Travel, Beach & Rain Protection","3lockrainpouch-8pc","Free Size","1","146.0","128.0","TP2CMEU02885689"
"RTO_COMPLETE","327305344434212416_1","508240986","2026-09-04","","Bihar","MJM 360? Rotating Bike Mobile Holder Stand for Motorcycle, Bicycle & Scooter Handlebar Phone Mount","PT05-BIKESTAND","Free Size","1","148.0","148.0","TP15HAE02124278"
"DELIVERED","327306601885192960_1","505105292","2026-09-04","","Uttarakhand","MJM Waterproof Mobile Pouch Combo Pack of 8 | Universal Touch Screen Phone Cover with Neck Strap, Triple Lock Waterproof Case for Swimming, Travel, Beach & Rain Protection","3lockrainpouch-8pc","Free Size","1","146.0","128.0","TP2CMEU02885692"
"RTO_COMPLETE","327314098054353472_1","508240986","2026-09-04","","Maharashtra","MJM 360? Rotating Bike Mobile Holder Stand for Motorcycle, Bicycle & Scooter Handlebar Phone Mount","PT05-BIKESTAND","Free Size","1","148.0","148.0","TP15HAE02124261"
"RTO_COMPLETE","327322345449885248_1","508240986","2026-09-04","","Uttar Pradesh","MJM 360? Rotating Bike Mobile Holder Stand for Motorcycle, Bicycle & Scooter Handlebar Phone Mount","PT05-BIKESTAND","Free Size","1","148.0","148.0","TP15HAE02124281"
"DELIVERED","327326993114845952_1","508240986","2026-09-04","","Bihar","MJM 360? Rotating Bike Mobile Holder Stand for Motorcycle, Bicycle & Scooter Handlebar Phone Mount","PT05-BIKESTAND","Free Size","1","148.0","130.0","TP15HAE02124277"
"CANCELLED","327333407526867456_1","508573229","2026-09-04","","Madhya Pradesh","MJM Premium Metal Mobile Stand | 360? Rotation Adjustable Phone Holder | Foldable Desk Table Stand for Smartphone & Tablet","L396-STAND","Free Size","1","160.0","160.0",
"DELIVERED","327344261781639680_1","505105292","2026-09-04","","Maharashtra","MJM Waterproof Mobile Pouch Combo Pack of 8 | Universal Touch Screen Phone Cover with Neck Strap, Triple Lock Waterproof Case for Swimming, Travel, Beach & Rain Protection","3lockrainpouch-8pc","Free Size","1","146.0","128.0","TP2CMEU02885693"
"CANCELLED","327349392006828608_1","524020237","2026-09-04","","Rajasthan","MJM 170CM Selfie Stick Tripod with Bluetooth Remote | 3 in 1 Foldable Mobile Stand | Adjustable Phone Holder for Android & iPhone | Selfie, Reels, Vlogging & Video Recording","MJM-R1S-LONG-BLK-001","Free Size","1","250.0","250.0",
"DELIVERED","327353280276241664_1","508240986","2026-09-04","","Tamil Nadu","MJM 360? Rotating Bike Mobile Holder Stand for Motorcycle, Bicycle & Scooter Handlebar Phone Mount","PT05-BIKESTAND","Free Size","1","170.0","152.0","TP15HAE02124273"
"DELIVERED","327358566753227328_1","508240986","2026-09-04","","Kerala","MJM 360? Rotating Bike Mobile Holder Stand for Motorcycle, Bicycle & Scooter Handlebar Phone Mount","PT05-BIKESTAND","Free Size","1","170.0","152.0","TP15HAE02124279"
"DELIVERED","327361234485760576_1","508240986","2026-09-04","","Maharashtra","MJM 360? Rotating Bike Mobile Holder Stand for Motorcycle, Bicycle & Scooter Handlebar Phone Mount","PT05-BIKESTAND","Free Size","1","170.0","152.0","TP15HAE02124263"
"DELIVERED","327365571253490432_1","508240986","2026-09-04","","Maharashtra","MJM 360? Rotating Bike Mobile Holder Stand for Motorcycle, Bicycle & Scooter Handlebar Phone Mount","PT05-BIKESTAND","Free Size","1","170.0","152.0","TP15HAE02124265"
"DELIVERED","327371803687244288_1","508240986","2026-09-04","","Uttar Pradesh","MJM 360? Rotating Bike Mobile Holder Stand for Motorcycle, Bicycle & Scooter Handlebar Phone Mount","PT05-BIKESTAND","Free Size","1","148.0","130.0","TP15HAE02124269"
"DELIVERED","327389455257603648_1","508240986","2026-09-04","","Gujarat","MJM 360? Rotating Bike Mobile Holder Stand for Motorcycle, Bicycle & Scooter Handlebar Phone Mount","PT05-BIKESTAND","Free Size","1","170.0","170.0","TP15HAE02124275"
"RTO_COMPLETE","327401460092490497_1","508240986","2026-09-04","","Maharashtra","MJM 360? Rotating Bike Mobile Holder Stand for Motorcycle, Bicycle & Scooter Handlebar Phone Mount","PT05-BIKESTAND","Free Size","1","170.0","170.0","TP15HAE02124212"
"RTO_COMPLETE","327415105409110784_1","508240986","2026-09-04","","Madhya Pradesh","MJM 360? Rotating Bike Mobile Holder Stand for Motorcycle, Bicycle & Scooter Handlebar Phone Mount","PT05-BIKESTAND","Free Size","1","170.0","170.0","TP15HAE02124272"
"CANCELLED","327415149333220928_1","508240986","2026-09-04","","Bihar","MJM 360? Rotating Bike Mobile Holder Stand for Motorcycle, Bicycle & Scooter Handlebar Phone Mount","PT05-BIKESTAND","Free Size","1","170.0","170.0",
"DELIVERED","327425593857659456_1","508240986","2026-09-04","","Andhra Pradesh","MJM 360? Rotating Bike Mobile Holder Stand for Motorcycle, Bicycle & Scooter Handlebar Phone Mount","PT05-BIKESTAND","Free Size","1","170.0","152.0","TP15HAE02124271"
"DELIVERED","327444945650701056_1","508240986","2026-09-04","","Telangana","MJM 360? Rotating Bike Mobile Holder Stand for Motorcycle, Bicycle & Scooter Handlebar Phone Mount","PT05-BIKESTAND","Free Size","1","170.0","152.0","TP15HAE02124276"
"CANCELLED","327450601943633472_1","508240986","2026-09-04","","Bihar","MJM 360? Rotating Bike Mobile Holder Stand for Motorcycle, Bicycle & Scooter Handlebar Phone Mount","PT05-BIKESTAND","Free Size","1","170.0","152.0",
"DELIVERED","327470225903702784_1","508240986","2026-09-04","","Gujarat","MJM 360? Rotating Bike Mobile Holder Stand for Motorcycle, Bicycle & Scooter Handlebar Phone Mount","PT05-BIKESTAND","Free Size","1","148.0","148.0","TP15HAE02124274"
"DELIVERED","327471332986049088_1","508240986","2026-09-04","","Madhya Pradesh","MJM 360? Rotating Bike Mobile Holder Stand for Motorcycle, Bicycle & Scooter Handlebar Phone Mount","PT05-BIKESTAND","Free Size","1","148.0","130.0","TP15HAE02124262"
"CANCELLED","327484749592825408_1","508240986","2026-09-04","","Uttar Pradesh","MJM 360? Rotating Bike Mobile Holder Stand for Motorcycle, Bicycle & Scooter Handlebar Phone Mount","PT05-BIKESTAND","Free Size","1","170.0","152.0",
"RTO_COMPLETE","327499277100241472_1","508240986","2026-09-04","","Haryana","MJM 360? Rotating Bike Mobile Holder Stand for Motorcycle, Bicycle & Scooter Handlebar Phone Mount","PT05-BIKESTAND","Free Size","1","170.0","170.0","TP15HAE02124266"
"DELIVERED","327500152300491328_1","508949391","2026-09-04","","Chhattisgarh","MJM Samsung Galaxy A07 5G Premium Brown Leather Flip Cover Wallet Case with Card Slots, Magnetic Lock & Kickstand","MJM-A07BRN-FLP","Free Size","1","81.0","81.0","TP15HAE02124280"
"DELIVERED","327507666270278208_1","508240986","2026-09-04","","Andhra Pradesh","MJM 360? Rotating Bike Mobile Holder Stand for Motorcycle, Bicycle & Scooter Handlebar Phone Mount","PT05-BIKESTAND","Free Size","1","170.0","152.0","TP15HAE02124270"
"DELIVERED","327531465206963456_1","508573229","2026-09-05","","Uttarakhand","MJM Premium Metal Mobile Stand | 360? Rotation Adjustable Phone Holder | Foldable Desk Table Stand for Smartphone & Tablet","L396-STAND","Free Size","1","141.0","141.0","TP2CMEU02885695"
"DELIVERED","327629778407820864_1","508240986","2026-09-05","","Maharashtra","MJM 360? Rotating Bike Mobile Holder Stand for Motorcycle, Bicycle & Scooter Handlebar Phone Mount","PT05-BIKESTAND","Free Size","1","148.0","130.0","TP15HAE02124239"
"DELIVERED","327636950627163392_1","508240986","2026-09-05","","Telangana","MJM 360? Rotating Bike Mobile Holder Stand for Motorcycle, Bicycle & Scooter Handlebar Phone Mount","PT05-BIKESTAND","Free Size","1","170.0","152.0","TP15HAE02124267"
"DELIVERED","327646817444859456_1","508240986","2026-09-05","","Rajasthan","MJM 360? Rotating Bike Mobile Holder Stand for Motorcycle, Bicycle & Scooter Handlebar Phone Mount","PT05-BIKESTAND","Free Size","1","170.0","152.0","TP15HAE02124264"
"DELIVERED","327653405903720000_1","508240986","2026-09-05","","Madhya Pradesh","MJM 360? Rotating Bike Mobile Holder Stand for Motorcycle, Bicycle & Scooter Handlebar Phone Mount","PT05-BIKESTAND","Free Size","1","170.0","170.0","TP15HAE02124268"
"DELIVERED","327661528503407104_1","508573229","2026-09-05","","Uttar Pradesh","MJM Premium Metal Mobile Stand | 360? Rotation Adjustable Phone Holder | Foldable Desk Table Stand for Smartphone & Tablet","L396-STAND","Free Size","1","141.0","124.0","TP2CMEU02885694"
"DELIVERED","327677934766772992_1","508240986","2026-09-05","","Haryana","MJM 360? Rotating Bike Mobile Holder Stand for Motorcycle, Bicycle & Scooter Handlebar Phone Mount","PT05-BIKESTAND","Free Size","1","170.0","170.0","TP15HAE02124237"
"DELIVERED","327693949756101184_1","508240986","2026-09-05","","West Bengal","MJM 360? Rotating Bike Mobile Holder Stand for Motorcycle, Bicycle & Scooter Handlebar Phone Mount","PT05-BIKESTAND","Free Size","1","148.0","148.0","TP15HAE02124243"
"DELIVERED","327698364814709312_1","508240986","2026-09-05","","Madhya Pradesh","MJM 360? Rotating Bike Mobile Holder Stand for Motorcycle, Bicycle & Scooter Handlebar Phone Mount","PT05-BIKESTAND","Free Size","1","148.0","130.0","TP15HAE02124251"
"DELIVERED","327712929247301184_1","505105292","2026-09-05","","Odisha","MJM Waterproof Mobile Pouch Combo Pack of 8 | Universal Touch Screen Phone Cover with Neck Strap, Triple Lock Waterproof Case for Swimming, Travel, Beach & Rain Protection","3lockrainpouch-8pc","Free Size","1","146.0","128.0","TP2CMEU02885700"
"DELIVERED","327721860982755904_1","508240986","2026-09-05","","Gujarat","MJM 360? Rotating Bike Mobile Holder Stand for Motorcycle, Bicycle & Scooter Handlebar Phone Mount","PT05-BIKESTAND","Free Size","1","170.0","152.0","TP15HAE02124244"
"RTO_COMPLETE","327726118700438016_1","508240986","2026-09-05","","Uttar Pradesh","MJM 360? Rotating Bike Mobile Holder Stand for Motorcycle, Bicycle & Scooter Handlebar Phone Mount","PT05-BIKESTAND","Free Size","1","148.0","148.0","TP15HAE02124260"
"DELIVERED","327726115126891264_1","508240986","2026-09-05","","Madhya Pradesh","MJM 360? Rotating Bike Mobile Holder Stand for Motorcycle, Bicycle & Scooter Handlebar Phone Mount","PT05-BIKESTAND","Free Size","1","170.0","152.0","TP15HAE02124246"
"RTO_COMPLETE","327736549796074240_1","508240986","2026-09-05","","Tamil Nadu","MJM 360? Rotating Bike Mobile Holder Stand for Motorcycle, Bicycle & Scooter Handlebar Phone Mount","PT05-BIKESTAND","Free Size","1","148.0","130.0","TP15HAE02124249"
"DELIVERED","327743836303170816_1","508240986","2026-09-05","","West Bengal","MJM 360? Rotating Bike Mobile Holder Stand for Motorcycle, Bicycle & Scooter Handlebar Phone Mount","PT05-BIKESTAND","Free Size","1","148.0","130.0","TP15HAE02124256"
"DELIVERED","327746240518721088_1","508240986","2026-09-05","","Gujarat","MJM 360? Rotating Bike Mobile Holder Stand for Motorcycle, Bicycle & Scooter Handlebar Phone Mount","PT05-BIKESTAND","Free Size","1","170.0","152.0","TP15HAE02124252"
"DELIVERED","327748922795741760_1","508240986","2026-09-05","","Gujarat","MJM 360? Rotating Bike Mobile Holder Stand for Motorcycle, Bicycle & Scooter Handlebar Phone Mount","PT05-BIKESTAND","Free Size","1","170.0","170.0","TP15HAE02124240"
"DELIVERED","327754824307298880_1","508240986","2026-09-05","","Tamil Nadu","MJM 360? Rotating Bike Mobile Holder Stand for Motorcycle, Bicycle & Scooter Handlebar Phone Mount","PT05-BIKESTAND","Free Size","1","148.0","148.0","TP15HAE02124242"
"DELIVERED","327761148868940352_1","508573229","2026-09-05","","Maharashtra","MJM Premium Metal Mobile Stand | 360? Rotation Adjustable Phone Holder | Foldable Desk Table Stand for Smartphone & Tablet","L396-STAND","Free Size","1","160.0","143.0","TP2CMEU02885696"
"DELIVERED","327764048450015808_1","505105292","2026-09-05","","Rajasthan","MJM Waterproof Mobile Pouch Combo Pack of 8 | Universal Touch Screen Phone Cover with Neck Strap, Triple Lock Waterproof Case for Swimming, Travel, Beach & Rain Protection","3lockrainpouch-8pc","Free Size","1","146.0","128.0","TP2CMEU02885699"
"RTO_COMPLETE","327781462846512384_1","508240986","2026-09-05","","Gujarat","MJM 360? Rotating Bike Mobile Holder Stand for Motorcycle, Bicycle & Scooter Handlebar Phone Mount","PT05-BIKESTAND","Free Size","1","170.0","170.0","TP15HAE01783289"
"DELIVERED","327786147633812096_1","508240986","2026-09-05","","Tamil Nadu","MJM 360? Rotating Bike Mobile Holder Stand for Motorcycle, Bicycle & Scooter Handlebar Phone Mount","PT05-BIKESTAND","Free Size","1","170.0","170.0","TP15HAE02124248"
"DELIVERED","327793931314123264_1","508573229","2026-09-05","","Uttar Pradesh","MJM Premium Metal Mobile Stand | 360? Rotation Adjustable Phone Holder | Foldable Desk Table Stand for Smartphone & Tablet","L396-STAND","Free Size","1","160.0","160.0","TP2CMEU02885698"
"DELIVERED","327798555777552896_1","508240986","2026-09-05","","Punjab","MJM 360? Rotating Bike Mobile Holder Stand for Motorcycle, Bicycle & Scooter Handlebar Phone Mount","PT05-BIKESTAND","Free Size","1","170.0","152.0","TP15HAE02124255"
"DELIVERED","327801168398290496_1","508240986","2026-09-05","","Bihar","MJM 360? Rotating Bike Mobile Holder Stand for Motorcycle, Bicycle & Scooter Handlebar Phone Mount","PT05-BIKESTAND","Free Size","1","148.0","130.0","TP15HAE02124254"
"DELIVERED","327803195223036416_1","508240986","2026-09-05","","West Bengal","MJM 360? Rotating Bike Mobile Holder Stand for Motorcycle, Bicycle & Scooter Handlebar Phone Mount","PT05-BIKESTAND","Free Size","1","148.0","130.0","TP15HAE02124238"
"DELIVERED","327803316581028608_1","508240986","2026-09-05","","Uttar Pradesh","MJM 360? Rotating Bike Mobile Holder Stand for Motorcycle, Bicycle & Scooter Handlebar Phone Mount","PT05-BIKESTAND","Free Size","1","170.0","170.0","TP15HAE02124253"
"CANCELLED","327818131399627264_1","505105292","2026-09-05","","Delhi","MJM Waterproof Mobile Pouch Combo Pack of 8 | Universal Touch Screen Phone Cover with Neck Strap, Triple Lock Waterproof Case for Swimming, Travel, Beach & Rain Protection","3lockrainpouch-8pc","Free Size","1","146.0","128.0",
"DELIVERED","327830799564227648_1","508240986","2026-09-05","","Gujarat","MJM 360? Rotating Bike Mobile Holder Stand for Motorcycle, Bicycle & Scooter Handlebar Phone Mount","PT05-BIKESTAND","Free Size","1","170.0","170.0","TP15HAE02124245"
"RTO_COMPLETE","327831054850540608_1","508240986","2026-09-05","","Haryana","MJM 360? Rotating Bike Mobile Holder Stand for Motorcycle, Bicycle & Scooter Handlebar Phone Mount","PT05-BIKESTAND","Free Size","1","148.0","148.0","TP15HAE02124247"
"CANCELLED","327833117068182464_1","508240986","2026-09-05","","Uttarakhand","MJM 360? Rotating Bike Mobile Holder Stand for Motorcycle, Bicycle & Scooter Handlebar Phone Mount","PT05-BIKESTAND","Free Size","1","170.0","152.0",
"RTO_COMPLETE","327835054857601984_1","508240986","2026-09-05","","Punjab","MJM 360? Rotating Bike Mobile Holder Stand for Motorcycle, Bicycle & Scooter Handlebar Phone Mount","PT05-BIKESTAND","Free Size","1","148.0","130.0","TP15HAE02124241"
"DELIVERED","327840171737338368_1","505105292","2026-09-05","","Telangana","MJM Waterproof Mobile Pouch Combo Pack of 8 | Universal Touch Screen Phone Cover with Neck Strap, Triple Lock Waterproof Case for Swimming, Travel, Beach & Rain Protection","3lockrainpouch-8pc","Free Size","1","127.0","109.0","TP2CMEU02885697"
"DELIVERED","327851718738746624_1","508240986","2026-09-05","","West Bengal","MJM 360? Rotating Bike Mobile Holder Stand for Motorcycle, Bicycle & Scooter Handlebar Phone Mount","PT05-BIKESTAND","Free Size","1","170.0","152.0","TP15HAE02124257"
"DELIVERED","327868438107472832_1","508240986","2026-09-05","","Andhra Pradesh","MJM 360? Rotating Bike Mobile Holder Stand for Motorcycle, Bicycle & Scooter Handlebar Phone Mount","PT05-BIKESTAND","Free Size","1","170.0","152.0","TP15HAE02124259"
"RTO_COMPLETE","327884213844745472_1","508240986","2026-09-06","","Gujarat","MJM 360? Rotating Bike Mobile Holder Stand for Motorcycle, Bicycle & Scooter Handlebar Phone Mount","PT05-BIKESTAND","Free Size","1","148.0","134.0","TP15HAE02124250"
"DELIVERED","327887736905483328_1","508240986","2026-09-06","","West Bengal","MJM 360? Rotating Bike Mobile Holder Stand for Motorcycle, Bicycle & Scooter Handlebar Phone Mount","PT05-BIKESTAND","Free Size","1","148.0","118.0","TP15HAE02124258"
"DELIVERED","327893368396137472_1","505105292","2026-09-06","","Delhi","MJM Waterproof Mobile Pouch Combo Pack of 8 | Universal Touch Screen Phone Cover with Neck Strap, Triple Lock Waterproof Case for Swimming, Travel, Beach & Rain Protection","3lockrainpouch-8pc","Free Size","1","146.0","115.0","TP2CMEU02885701"
"DELIVERED","327956601954751040_1","508240986","2026-09-06","","Assam","MJM 360? Rotating Bike Mobile Holder Stand for Motorcycle, Bicycle & Scooter Handlebar Phone Mount","PT05-BIKESTAND","Free Size","1","148.0","118.0","TP15HAE02124199"
"DELIVERED","327978201032497408_1","508240986","2026-09-06","","Bihar","MJM 360? Rotating Bike Mobile Holder Stand for Motorcycle, Bicycle & Scooter Handlebar Phone Mount","PT05-BIKESTAND","Free Size","1","170.0","137.0","TP15HAE02124197"
"DELIVERED","327992735996957184_1","508240986","2026-09-06","","Uttar Pradesh","MJM 360? Rotating Bike Mobile Holder Stand for Motorcycle, Bicycle & Scooter Handlebar Phone Mount","PT05-BIKESTAND","Free Size","1","148.0","118.0","TP15HAE02124214"
"RTO_COMPLETE","327994207532554496_1","508240986","2026-09-06","","Telangana","MJM 360? Rotating Bike Mobile Holder Stand for Motorcycle, Bicycle & Scooter Handlebar Phone Mount","PT05-BIKESTAND","Free Size","1","148.0","134.0","TP15HAE02124213"
"DELIVERED","327997076365187202_1","508240986","2026-09-06","","Chhattisgarh","MJM 360? Rotating Bike Mobile Holder Stand for Motorcycle, Bicycle & Scooter Handlebar Phone Mount","PT05-BIKESTAND","Free Size","1","148.0","118.0","TP15HAE02124225"
"RTO_COMPLETE","328001313469462400_1","508240986","2026-09-06","","Telangana","MJM 360? Rotating Bike Mobile Holder Stand for Motorcycle, Bicycle & Scooter Handlebar Phone Mount","PT05-BIKESTAND","Free Size","1","148.0","134.0","TP15HAE02124203"
"RTO_COMPLETE","328004526000951872_1","508240986","2026-09-06","","Bihar","MJM 360? Rotating Bike Mobile Holder Stand for Motorcycle, Bicycle & Scooter Handlebar Phone Mount","PT05-BIKESTAND","Free Size","1","170.0","153.0","TP15HAE02124200"
"RTO_COMPLETE","328009165783338560_1","508240986","2026-09-06","","Madhya Pradesh","MJM 360? Rotating Bike Mobile Holder Stand for Motorcycle, Bicycle & Scooter Handlebar Phone Mount","PT05-BIKESTAND","Free Size","1","170.0","153.0","TP15HAE02124218"
"DELIVERED","328010925850350080_1","508240986","2026-09-06","","Jammu & Kashmir","MJM 360? Rotating Bike Mobile Holder Stand for Motorcycle, Bicycle & Scooter Handlebar Phone Mount","PT05-BIKESTAND","Free Size","1","170.0","137.0","TP15HAE02124221"
"DELIVERED","328021889724616256_1","508240986","2026-09-06","","Haryana","MJM 360? Rotating Bike Mobile Holder Stand for Motorcycle, Bicycle & Scooter Handlebar Phone Mount","PT05-BIKESTAND","Free Size","1","148.0","134.0","TP15HAE02124234"
"DELIVERED","328029289238876736_1","508240986","2026-09-06","","Odisha","MJM 360? Rotating Bike Mobile Holder Stand for Motorcycle, Bicycle & Scooter Handlebar Phone Mount","PT05-BIKESTAND","Free Size","1","148.0","134.0","TP15HAE02124201"
"RTO_COMPLETE","328051539606360832_1","508240986","2026-09-06","","Tamil Nadu","MJM 360? Rotating Bike Mobile Holder Stand for Motorcycle, Bicycle & Scooter Handlebar Phone Mount","PT05-BIKESTAND","Free Size","1","148.0","118.0","TP15HAE01783273"
"DELIVERED","328057172601379968_1","508240986","2026-09-06","","Jammu & Kashmir","MJM 360? Rotating Bike Mobile Holder Stand for Motorcycle, Bicycle & Scooter Handlebar Phone Mount","PT05-BIKESTAND","Free Size","1","148.0","118.0","TP15HAE02124229"
"DELIVERED","328057567437771265_1","505105292","2026-09-06","","Uttar Pradesh","MJM Waterproof Mobile Pouch Combo Pack of 8 | Universal Touch Screen Phone Cover with Neck Strap, Triple Lock Waterproof Case for Swimming, Travel, Beach & Rain Protection","3lockrainpouch-8pc","Free Size","1","146.0","115.0","TP2CMEU02885702"
"DELIVERED","328057665788615808_1","508240986","2026-09-06","","Karnataka","MJM 360? Rotating Bike Mobile Holder Stand for Motorcycle, Bicycle & Scooter Handlebar Phone Mount","PT05-BIKESTAND","Free Size","1","170.0","153.0","TP15HAE02124217"
"DELIVERED","328060657893233280_1","508240986","2026-09-06","","Himachal Pradesh","MJM 360? Rotating Bike Mobile Holder Stand for Motorcycle, Bicycle & Scooter Handlebar Phone Mount","PT05-BIKESTAND","Free Size","1","170.0","137.0","TP15HAE02124230"
"DELIVERED","328061513752737664_1","508240986","2026-09-06","","Delhi","MJM 360? Rotating Bike Mobile Holder Stand for Motorcycle, Bicycle & Scooter Handlebar Phone Mount","PT05-BIKESTAND","Free Size","1","148.0","118.0","TP15HAE02124231"
"DELIVERED","328061660944257536_1","508240986","2026-09-06","","Maharashtra","MJM 360? Rotating Bike Mobile Holder Stand for Motorcycle, Bicycle & Scooter Handlebar Phone Mount","PT05-BIKESTAND","Free Size","1","170.0","137.0","TP15HAE02124222"
"DELIVERED","328063876327086208_1","508240986","2026-09-06","","tamil nadu","MJM 360? Rotating Bike Mobile Holder Stand for Motorcycle, Bicycle & Scooter Handlebar Phone Mount","PT05-BIKESTAND","Free Size","1","148.0","118.0","TP15HAE02124223"
"DELIVERED","328073932171943168_1","508240986","2026-09-06","","West Bengal","MJM 360? Rotating Bike Mobile Holder Stand for Motorcycle, Bicycle & Scooter Handlebar Phone Mount","PT05-BIKESTAND","Free Size","1","170.0","153.0","TP15HAE02124198"
"DELIVERED","328077047719121408_1","508573229","2026-09-06","","Tamil Nadu","MJM Premium Metal Mobile Stand | 360? Rotation Adjustable Phone Holder | Foldable Desk Table Stand for Smartphone & Tablet","L396-STAND","Free Size","1","160.0","144.0","TP2CMEU02885707"
"DELIVERED","328081839895990848_1","505105292","2026-09-06","","Delhi","MJM Waterproof Mobile Pouch Combo Pack of 8 | Universal Touch Screen Phone Cover with Neck Strap, Triple Lock Waterproof Case for Swimming, Travel, Beach & Rain Protection","3lockrainpouch-8pc","Free Size","1","146.0","132.0","TP2CMEU02885704"
"DELIVERED","328092719036927552_1","508573229","2026-09-06","","Uttarakhand","MJM Premium Metal Mobile Stand | 360? Rotation Adjustable Phone Holder | Foldable Desk Table Stand for Smartphone & Tablet","L396-STAND","Free Size","1","160.0","129.0","TP2CMEU02885706"
"DELIVERED","328093234985292288_1","508240986","2026-09-06","","Maharashtra","MJM 360? Rotating Bike Mobile Holder Stand for Motorcycle, Bicycle & Scooter Handlebar Phone Mount","PT05-BIKESTAND","Free Size","1","148.0","118.0","TP15HAE01783285"
"DELIVERED","328094082821902976_1","508240986","2026-09-06","","Himachal Pradesh","MJM 360? Rotating Bike Mobile Holder Stand for Motorcycle, Bicycle & Scooter Handlebar Phone Mount","PT05-BIKESTAND","Free Size","1","148.0","118.0","TP15HAE01783249"
"DELIVERED","328108739392216192_1","508240986","2026-09-06","","Gujarat","MJM 360? Rotating Bike Mobile Holder Stand for Motorcycle, Bicycle & Scooter Handlebar Phone Mount","PT05-BIKESTAND","Free Size","1","148.0","118.0","TP15HAE01783277"
"DELIVERED","328117139218962706_1","505105292","2026-09-06","","Karnataka","MJM Waterproof Mobile Pouch Combo Pack of 8 | Universal Touch Screen Phone Cover with Neck Strap, Triple Lock Waterproof Case for Swimming, Travel, Beach & Rain Protection","3lockrainpouch-8pc","Free Size","1","127.0","98.0","TP2CMEU02885718"
"DELIVERED","328127822693830208_1","508240986","2026-09-06","","Bihar","MJM 360? Rotating Bike Mobile Holder Stand for Motorcycle, Bicycle & Scooter Handlebar Phone Mount","PT05-BIKESTAND","Free Size","1","170.0","137.0","TP15HAE01783288"
"RTO_COMPLETE","328132086795243072_1","508240986","2026-09-06","","Bihar","MJM 360? Rotating Bike Mobile Holder Stand for Motorcycle, Bicycle & Scooter Handlebar Phone Mount","PT05-BIKESTAND","Free Size","1","170.0","153.0","TP15HAE01783284"
"DELIVERED","328134736644709632_1","508240986","2026-09-06","","Madhya Pradesh","MJM 360? Rotating Bike Mobile Holder Stand for Motorcycle, Bicycle & Scooter Handlebar Phone Mount","PT05-BIKESTAND","Free Size","1","170.0","137.0","TP15HAE02124228"
"DELIVERED","328137310308782720_1","505105292","2026-09-06","","Haryana","MJM Waterproof Mobile Pouch Combo Pack of 8 | Universal Touch Screen Phone Cover with Neck Strap, Triple Lock Waterproof Case for Swimming, Travel, Beach & Rain Protection","3lockrainpouch-8pc","Free Size","1","146.0","132.0","TP2CMEU02885708"
"DELIVERED","328140145032525696_1","508240986","2026-09-06","","Odisha","MJM 360? Rotating Bike Mobile Holder Stand for Motorcycle, Bicycle & Scooter Handlebar Phone Mount","PT05-BIKESTAND","Free Size","1","170.0","137.0","TP15HAE02124232"
"CANCELLED","328141253400926336_1","508240986","2026-09-06","","Bihar","MJM 360? Rotating Bike Mobile Holder Stand for Motorcycle, Bicycle & Scooter Handlebar Phone Mount","PT05-BIKESTAND","Free Size","1","170.0","153.0",
"DELIVERED","328150834045113088_1","505105292","2026-09-06","","Madhya Pradesh","MJM Waterproof Mobile Pouch Combo Pack of 8 | Universal Touch Screen Phone Cover with Neck Strap, Triple Lock Waterproof Case for Swimming, Travel, Beach & Rain Protection","3lockrainpouch-8pc","Free Size","1","127.0","98.0","TP2CMEU02885710"
"DELIVERED","328152405315277440_1","508240986","2026-09-06","","Tamil Nadu","MJM 360? Rotating Bike Mobile Holder Stand for Motorcycle, Bicycle & Scooter Handlebar Phone Mount","PT05-BIKESTAND","Free Size","1","170.0","137.0","TP15HAE02124226"
"DELIVERED","328154739244126720_1","508240986","2026-09-06","","Punjab","MJM 360? Rotating Bike Mobile Holder Stand for Motorcycle, Bicycle & Scooter Handlebar Phone Mount","PT05-BIKESTAND","Free Size","1","148.0","118.0","TP15HAE02124220"
"DELIVERED","328155665672215808_1","505105292","2026-09-06","","Tamil Nadu","MJM Waterproof Mobile Pouch Combo Pack of 8 | Universal Touch Screen Phone Cover with Neck Strap, Triple Lock Waterproof Case for Swimming, Travel, Beach & Rain Protection","3lockrainpouch-8pc","Free Size","1","146.0","115.0","TP2CMEU02885714"
"DELIVERED","328156819824431680_1","505105292","2026-09-06","","Maharashtra","MJM Waterproof Mobile Pouch Combo Pack of 8 | Universal Touch Screen Phone Cover with Neck Strap, Triple Lock Waterproof Case for Swimming, Travel, Beach & Rain Protection","3lockrainpouch-8pc","Free Size","1","146.0","115.0","TP2CMEU02885719"
"DELIVERED","328159372960191232_1","508240986","2026-09-06","","Maharashtra","MJM 360? Rotating Bike Mobile Holder Stand for Motorcycle, Bicycle & Scooter Handlebar Phone Mount","PT05-BIKESTAND","Free Size","1","170.0","137.0","TP15HAE01783276"
"CANCELLED","328162893455235328_1","505105292","2026-09-06","","Andhra Pradesh","MJM Waterproof Mobile Pouch Combo Pack of 8 | Universal Touch Screen Phone Cover with Neck Strap, Triple Lock Waterproof Case for Swimming, Travel, Beach & Rain Protection","3lockrainpouch-8pc","Free Size","1","146.0","132.0",
"DELIVERED","328163589737271872_1","505105292","2026-09-06","","Andhra Pradesh","MJM Waterproof Mobile Pouch Combo Pack of 8 | Universal Touch Screen Phone Cover with Neck Strap, Triple Lock Waterproof Case for Swimming, Travel, Beach & Rain Protection","3lockrainpouch-8pc","Free Size","1","146.0","132.0","TP2CMEU02885709"
"DELIVERED","328165199314014976_1","508240986","2026-09-06","","Haryana","MJM 360? Rotating Bike Mobile Holder Stand for Motorcycle, Bicycle & Scooter Handlebar Phone Mount","PT05-BIKESTAND","Free Size","1","170.0","137.0","TP15HAE01783266"
"DELIVERED","328166469143745152_1","508240986","2026-09-06","","Karnataka","MJM 360? Rotating Bike Mobile Holder Stand for Motorcycle, Bicycle & Scooter Handlebar Phone Mount","PT05-BIKESTAND","Free Size","1","148.0","118.0","TP15HAE02124235"
"DELIVERED","328166942152184384_1","505105292","2026-09-06","","Tamil Nadu","MJM Waterproof Mobile Pouch Combo Pack of 8 | Universal Touch Screen Phone Cover with Neck Strap, Triple Lock Waterproof Case for Swimming, Travel, Beach & Rain Protection","3lockrainpouch-8pc","Free Size","1","146.0","115.0","TP2CMEU02885703"
"DELIVERED","328170869274825216_1","508573229","2026-09-06","","Uttarakhand","MJM Premium Metal Mobile Stand | 360? Rotation Adjustable Phone Holder | Foldable Desk Table Stand for Smartphone & Tablet","L396-STAND","Free Size","1","160.0","129.0","TP2CMEU02885721"
"DELIVERED","328171756877632256_1","508240986","2026-09-06","","Goa","MJM 360? Rotating Bike Mobile Holder Stand for Motorcycle, Bicycle & Scooter Handlebar Phone Mount","PT05-BIKESTAND","Free Size","1","170.0","153.0","TP15HAE02124227"
"DELIVERED","328172180229706243_1","505105292","2026-09-06","","Uttar Pradesh","MJM Waterproof Mobile Pouch Combo Pack of 8 | Universal Touch Screen Phone Cover with Neck Strap, Triple Lock Waterproof Case for Swimming, Travel, Beach & Rain Protection","3lockrainpouch-8pc","Free Size","1","127.0","98.0","TP2CMEU02885720"
"DELIVERED","328176965732628352_1","508573229","2026-09-06","","Jammu & Kashmir","MJM Premium Metal Mobile Stand | 360? Rotation Adjustable Phone Holder | Foldable Desk Table Stand for Smartphone & Tablet","L396-STAND","Free Size","1","160.0","129.0","TP2CMEU02885705"
"DELIVERED","328186357946110464_1","508240986","2026-09-06","","Nagaland","MJM 360? Rotating Bike Mobile Holder Stand for Motorcycle, Bicycle & Scooter Handlebar Phone Mount","PT05-BIKESTAND","Free Size","1","170.0","137.0","TP15HAE01783287"
"DELIVERED","328188599949758016_1","508240986","2026-09-06","","Odisha","MJM 360? Rotating Bike Mobile Holder Stand for Motorcycle, Bicycle & Scooter Handlebar Phone Mount","PT05-BIKESTAND","Free Size","1","170.0","153.0","TP15HAE02124202"
"DELIVERED","328190418363732546_1","508331258","2026-09-06","","Kerala","MJM Crystal Pro Wireless Bluetooth Earbuds with Smart LED Display, 18H Playback, ENC Calling, Type-C Charging, Low Latency Gaming Earbuds","Blackcrystlepro","Free Size","1","301.0","257.0","TP2CMEU02000714"
"DELIVERED","328190418363732546_2","508331258","2026-09-06","","Kerala","MJM Crystal Pro Wireless Bluetooth Earbuds with Smart LED Display, 18H Playback, ENC Calling, Type-C Charging, Low Latency Gaming Earbuds","Blackcrystlepro","Free Size","1","301.0","257.0","TP2CMEU02000725"
"DELIVERED","328193879196399488_1","508240986","2026-09-06","","Tamil Nadu","MJM 360? Rotating Bike Mobile Holder Stand for Motorcycle, Bicycle & Scooter Handlebar Phone Mount","PT05-BIKESTAND","Free Size","1","148.0","118.0","TP15HAE02124210"
"CANCELLED","328194262390181440_1","508240986","2026-09-06","","Rajasthan","MJM 360? Rotating Bike Mobile Holder Stand for Motorcycle, Bicycle & Scooter Handlebar Phone Mount","PT05-BIKESTAND","Free Size","1","170.0","153.0",
"DELIVERED","328199772315964160_1","508240986","2026-09-06","","Andhra Pradesh","MJM 360? Rotating Bike Mobile Holder Stand for Motorcycle, Bicycle & Scooter Handlebar Phone Mount","PT05-BIKESTAND","Free Size","1","170.0","137.0","TP15HAE02124208"
"DELIVERED","328203327068295808_1","508240986","2026-09-06","","Rajasthan","MJM 360? Rotating Bike Mobile Holder Stand for Motorcycle, Bicycle & Scooter Handlebar Phone Mount","PT05-BIKESTAND","Free Size","1","148.0","118.0","TP15HAE01783264"
"DELIVERED","328203327068295808_2","508240986","2026-09-06","","Rajasthan","MJM 360? Rotating Bike Mobile Holder Stand for Motorcycle, Bicycle & Scooter Handlebar Phone Mount","PT05-BIKESTAND","Free Size","1","148.0","118.0","TP15HAE01783265"
"DELIVERED","328203731863379072_1","508240986","2026-09-06","","Maharashtra","MJM 360? Rotating Bike Mobile Holder Stand for Motorcycle, Bicycle & Scooter Handlebar Phone Mount","PT05-BIKESTAND","Free Size","1","148.0","118.0","TP15HAE02124216"
"DELIVERED","328206332061978176_1","508240986","2026-09-06","","Kerala","MJM 360? Rotating Bike Mobile Holder Stand for Motorcycle, Bicycle & Scooter Handlebar Phone Mount","PT05-BIKESTAND","Free Size","1","170.0","137.0","TP15HAE02124204"
"RTO_COMPLETE","328206668108255744_1","508240986","2026-09-06","","Odisha","MJM 360? Rotating Bike Mobile Holder Stand for Motorcycle, Bicycle & Scooter Handlebar Phone Mount","PT05-BIKESTAND","Free Size","1","170.0","153.0","TP15HAE02124215"
"RTO_COMPLETE","328208998098653952_1","508240986","2026-09-06","","Jharkhand","MJM 360? Rotating Bike Mobile Holder Stand for Motorcycle, Bicycle & Scooter Handlebar Phone Mount","PT05-BIKESTAND","Free Size","1","170.0","153.0","TP15HAE02124233"
"DELIVERED","328212047829211392_1","508240986","2026-09-06","","Tamil Nadu","MJM 360? Rotating Bike Mobile Holder Stand for Motorcycle, Bicycle & Scooter Handlebar Phone Mount","PT05-BIKESTAND","Free Size","1","170.0","153.0","TP15HAE02124224"
"DELIVERED","328212057662257024_1","508240986","2026-09-06","","Madhya Pradesh","MJM 360? Rotating Bike Mobile Holder Stand for Motorcycle, Bicycle & Scooter Handlebar Phone Mount","PT05-BIKESTAND","Free Size","1","170.0","153.0","TP15HAE02124219"
"DELIVERED","328215763986320960_1","508240986","2026-09-06","","West Bengal","MJM 360? Rotating Bike Mobile Holder Stand for Motorcycle, Bicycle & Scooter Handlebar Phone Mount","PT05-BIKESTAND","Free Size","1","170.0","137.0","TP15HAE02124211"
"DELIVERED","328219722433469696_1","508240986","2026-09-06","","Gujarat","MJM 360? Rotating Bike Mobile Holder Stand for Motorcycle, Bicycle & Scooter Handlebar Phone Mount","PT05-BIKESTAND","Free Size","1","170.0","137.0","TP15HAE01783286"
"DELIVERED","328222208665885952_1","508240986","2026-09-06","","Uttar Pradesh","MJM 360? Rotating Bike Mobile Holder Stand for Motorcycle, Bicycle & Scooter Handlebar Phone Mount","PT05-BIKESTAND","Free Size","1","148.0","118.0","TP15HAE02124236"
"DELIVERED","328225452447307904_1","508240986","2026-09-06","","Gujarat","MJM 360? Rotating Bike Mobile Holder Stand for Motorcycle, Bicycle & Scooter Handlebar Phone Mount","PT05-BIKESTAND","Free Size","1","170.0","137.0","TP15HAE01783278"
"CANCELLED","328226776738288256_1","505105292","2026-09-06","","Madhya Pradesh","MJM Waterproof Mobile Pouch Combo Pack of 8 | Universal Touch Screen Phone Cover with Neck Strap, Triple Lock Waterproof Case for Swimming, Travel, Beach & Rain Protection","3lockrainpouch-8pc","Free Size","1","127.0","115.0",
"DELIVERED","328228228549670785_1","508240986","2026-09-06","","Karnataka","MJM 360? Rotating Bike Mobile Holder Stand for Motorcycle, Bicycle & Scooter Handlebar Phone Mount","PT05-BIKESTAND","Free Size","1","170.0","137.0","TP15HAE02124206"
"DELIVERED","328232985489612032_1","508240986","2026-09-06","","Odisha","MJM 360? Rotating Bike Mobile Holder Stand for Motorcycle, Bicycle & Scooter Handlebar Phone Mount","PT05-BIKESTAND","Free Size","1","148.0","118.0","TP15HAE01783275"
"DELIVERED","328233689934534912_1","508240986","2026-09-06","","Maharashtra","MJM 360? Rotating Bike Mobile Holder Stand for Motorcycle, Bicycle & Scooter Handlebar Phone Mount","PT05-BIKESTAND","Free Size","1","170.0","137.0","TP15HAE01783235"
"DELIVERED","328234279402019072_1","508240986","2026-09-06","","Jharkhand","MJM 360? Rotating Bike Mobile Holder Stand for Motorcycle, Bicycle & Scooter Handlebar Phone Mount","PT05-BIKESTAND","Free Size","1","148.0","118.0","TP15HAE01783261"
"DELIVERED","328234461669264963_1","508240986","2026-09-06","","Karnataka","MJM 360? Rotating Bike Mobile Holder Stand for Motorcycle, Bicycle & Scooter Handlebar Phone Mount","PT05-BIKESTAND","Free Size","1","170.0","137.0","TP15HAE01783272"
"CANCELLED","328239724483433024_1","508240986","2026-09-06","","Kerala","MJM 360? Rotating Bike Mobile Holder Stand for Motorcycle, Bicycle & Scooter Handlebar Phone Mount","PT05-BIKESTAND","Free Size","1","170.0","153.0",
"RTO_COMPLETE","328240128889836096_1","508240986","2026-09-06","","West Bengal","MJM 360? Rotating Bike Mobile Holder Stand for Motorcycle, Bicycle & Scooter Handlebar Phone Mount","PT05-BIKESTAND","Free Size","1","170.0","153.0","TP15HAE02124209"
"DELIVERED","328246748438236736_1","508240986","2026-09-07","","Jammu & Kashmir","MJM 360? Rotating Bike Mobile Holder Stand for Motorcycle, Bicycle & Scooter Handlebar Phone Mount","PT05-BIKESTAND","Free Size","1","170.0","152.0","TP15HAE02124207"
"DELIVERED","328342974469624576_1","505105292","2026-09-07","","Delhi","MJM Waterproof Mobile Pouch Combo Pack of 8 | Universal Touch Screen Phone Cover with Neck Strap, Triple Lock Waterproof Case for Swimming, Travel, Beach & Rain Protection","3lockrainpouch-8pc","Free Size","1","127.0","109.0","TP2CMEU02885713"
"DELIVERED","328369048979807360_1","508240986","2026-09-07","","Odisha","MJM 360? Rotating Bike Mobile Holder Stand for Motorcycle, Bicycle & Scooter Handlebar Phone Mount","PT05-BIKESTAND","Free Size","1","170.0","152.0","TP15HAE02124205"
"CANCELLED","328379159357987968_1","508240986","2026-09-07","","Maharashtra","MJM 360? Rotating Bike Mobile Holder Stand for Motorcycle, Bicycle & Scooter Handlebar Phone Mount","PT05-BIKESTAND","Free Size","1","170.0","152.0",
"RTO_COMPLETE","328403168608244352_1","508240986","2026-09-07","","Haryana","MJM 360? Rotating Bike Mobile Holder Stand for Motorcycle, Bicycle & Scooter Handlebar Phone Mount","PT05-BIKESTAND","Free Size","1","170.0","170.0","TP15HAE01783280"
"DELIVERED","328406917587570240_1","508240986","2026-09-07","","Maharashtra","MJM 360? Rotating Bike Mobile Holder Stand for Motorcycle, Bicycle & Scooter Handlebar Phone Mount","PT05-BIKESTAND","Free Size","1","148.0","130.0","TP15HAE01783251"
"DELIVERED","328409385204306496_1","508240986","2026-09-07","","Maharashtra","MJM 360? Rotating Bike Mobile Holder Stand for Motorcycle, Bicycle & Scooter Handlebar Phone Mount","PT05-BIKESTAND","Free Size","1","148.0","130.0","TP15HAE01783260"
"DELIVERED","328412910112775424_1","508240986","2026-09-07","","Haryana","MJM 360? Rotating Bike Mobile Holder Stand for Motorcycle, Bicycle & Scooter Handlebar Phone Mount","PT05-BIKESTAND","Free Size","1","148.0","130.0","TP15HAE01783263"
"DELIVERED","328428066739180032_1","508240986","2026-09-07","","Uttar Pradesh","MJM 360? Rotating Bike Mobile Holder Stand for Motorcycle, Bicycle & Scooter Handlebar Phone Mount","PT05-BIKESTAND","Free Size","1","170.0","152.0","TP15HAE01783282"
"DELIVERED","328461989512550656_1","508240986","2026-09-07","","Himachal Pradesh","MJM 360? Rotating Bike Mobile Holder Stand for Motorcycle, Bicycle & Scooter Handlebar Phone Mount","PT05-BIKESTAND","Free Size","1","170.0","152.0","TP15HAE01783279"
"DELIVERED","328466980745105920_1","508240986","2026-09-07","","Haryana","MJM 360? Rotating Bike Mobile Holder Stand for Motorcycle, Bicycle & Scooter Handlebar Phone Mount","PT05-BIKESTAND","Free Size","1","170.0","170.0","TP15HAE01783268"
"CANCELLED","328474498283435904_1","508573229","2026-09-07","","Haryana","MJM Premium Metal Mobile Stand | 360? Rotation Adjustable Phone Holder | Foldable Desk Table Stand for Smartphone & Tablet","L396-STAND","Free Size","1","141.0","124.0",
"DELIVERED","328474694223961344_1","508240986","2026-09-07","","Maharashtra","MJM 360? Rotating Bike Mobile Holder Stand for Motorcycle, Bicycle & Scooter Handlebar Phone Mount","PT05-BIKESTAND","Free Size","1","148.0","148.0","TP15HAE01783232"
"RTO_COMPLETE","328477318007560320_1","508240986","2026-09-07","","Uttarakhand","MJM 360? Rotating Bike Mobile Holder Stand for Motorcycle, Bicycle & Scooter Handlebar Phone Mount","PT05-BIKESTAND","Free Size","1","170.0","170.0","TP15HAE01783281"
"DELIVERED","328481916115000384_1","508240986","2026-09-07","","West Bengal","MJM 360? Rotating Bike Mobile Holder Stand for Motorcycle, Bicycle & Scooter Handlebar Phone Mount","PT05-BIKESTAND","Free Size","1","170.0","170.0","TP15HAE01783262"
"DELIVERED","328509989711551552_1","505105292","2026-09-07","","Rajasthan","MJM Waterproof Mobile Pouch Combo Pack of 8 | Universal Touch Screen Phone Cover with Neck Strap, Triple Lock Waterproof Case for Swimming, Travel, Beach & Rain Protection","3lockrainpouch-8pc","Free Size","1","146.0","128.0","TP2CMEU02885717"
"CANCELLED","328519669489900608_1","524020237","2026-09-07","","Rajasthan","MJM 170CM Selfie Stick Tripod with Bluetooth Remote | 3 in 1 Foldable Mobile Stand | Adjustable Phone Holder for Android & iPhone | Selfie, Reels, Vlogging & Video Recording","MJM-R1S-LONG-BLK-001","Free Size","1","250.0","250.0",
"DELIVERED","328520544806573376_1","508240986","2026-09-07","","Punjab","MJM 360? Rotating Bike Mobile Holder Stand for Motorcycle, Bicycle & Scooter Handlebar Phone Mount","PT05-BIKESTAND","Free Size","1","170.0","170.0","TP15HAE01783283"
"CANCELLED","328528740216542528_1","508240986","2026-09-07","","Arunachal Pradesh","MJM 360? Rotating Bike Mobile Holder Stand for Motorcycle, Bicycle & Scooter Handlebar Phone Mount","PT05-BIKESTAND","Free Size","1","170.0","170.0",
"DELIVERED","328529741037214976_1","505105292","2026-09-07","","Kerala","MJM Waterproof Mobile Pouch Combo Pack of 8 | Universal Touch Screen Phone Cover with Neck Strap, Triple Lock Waterproof Case for Swimming, Travel, Beach & Rain Protection","3lockrainpouch-8pc","Free Size","1","146.0","128.0","TP2CMEU02885715"
"CANCELLED","328530126513278528_1","508240986","2026-09-07","","Tamil Nadu","MJM 360? Rotating Bike Mobile Holder Stand for Motorcycle, Bicycle & Scooter Handlebar Phone Mount","PT05-BIKESTAND","Free Size","1","148.0","148.0",
"RTO_COMPLETE","328537893676848448_1","508240986","2026-09-07","","Gujarat","MJM 360? Rotating Bike Mobile Holder Stand for Motorcycle, Bicycle & Scooter Handlebar Phone Mount","PT05-BIKESTAND","Free Size","1","148.0","148.0","TP15HAE01783246"
"DELIVERED","328543961136043328_1","508240986","2026-09-07","","Maharashtra","MJM 360? Rotating Bike Mobile Holder Stand for Motorcycle, Bicycle & Scooter Handlebar Phone Mount","PT05-BIKESTAND","Free Size","1","170.0","152.0","TP15HAE01783217"
"DELIVERED","328546784162683008_1","508240986","2026-09-07","","Bihar","MJM 360? Rotating Bike Mobile Holder Stand for Motorcycle, Bicycle & Scooter Handlebar Phone Mount","PT05-BIKESTAND","Free Size","1","170.0","152.0","TP15HAE01783244"
"DELIVERED","328552994645047171_1","508573229","2026-09-07","","Haryana","MJM Premium Metal Mobile Stand | 360? Rotation Adjustable Phone Holder | Foldable Desk Table Stand for Smartphone & Tablet","L396-STAND","Free Size","1","160.0","143.0","TP2CMEU02885722"
"DELIVERED","328555940924923136_1","508240986","2026-09-07","","Karnataka","MJM 360? Rotating Bike Mobile Holder Stand for Motorcycle, Bicycle & Scooter Handlebar Phone Mount","PT05-BIKESTAND","Free Size","1","148.0","130.0","TP15HAE01783255"
"DELIVERED","328573359843252352_1","508240986","2026-09-07","","Assam","MJM 360? Rotating Bike Mobile Holder Stand for Motorcycle, Bicycle & Scooter Handlebar Phone Mount","PT05-BIKESTAND","Free Size","1","148.0","148.0","TP15HAE01783252"
"RTO_COMPLETE","328573848986750528_1","508240986","2026-09-07","","Punjab","MJM 360? Rotating Bike Mobile Holder Stand for Motorcycle, Bicycle & Scooter Handlebar Phone Mount","PT05-BIKESTAND","Free Size","1","148.0","148.0","TP15HAE01783254"
"DELIVERED","328577871710590272_1","508240986","2026-09-07","","Odisha","MJM 360? Rotating Bike Mobile Holder Stand for Motorcycle, Bicycle & Scooter Handlebar Phone Mount","PT05-BIKESTAND","Free Size","1","170.0","152.0","TP15HAE01783245"
"DELIVERED","328584194138929025_1","505105292","2026-09-07","","Uttar Pradesh","MJM Waterproof Mobile Pouch Combo Pack of 8 | Universal Touch Screen Phone Cover with Neck Strap, Triple Lock Waterproof Case for Swimming, Travel, Beach & Rain Protection","3lockrainpouch-8pc","Free Size","1","127.0","109.0","TP2CMEU02885712"
"DELIVERED","328584902240703808_1","508240986","2026-09-07","","Tamil Nadu","MJM 360? Rotating Bike Mobile Holder Stand for Motorcycle, Bicycle & Scooter Handlebar Phone Mount","PT05-BIKESTAND","Free Size","1","170.0","152.0","TP15HAE01783253"
"DELIVERED","328586282734548864_1","508240986","2026-09-07","","Delhi","MJM 360? Rotating Bike Mobile Holder Stand for Motorcycle, Bicycle & Scooter Handlebar Phone Mount","PT05-BIKESTAND","Free Size","1","148.0","130.0","TP15HAE01783267"
"DELIVERED","328587854184488192_1","508240986","2026-09-07","","Karnataka","MJM 360? Rotating Bike Mobile Holder Stand for Motorcycle, Bicycle & Scooter Handlebar Phone Mount","PT05-BIKESTAND","Free Size","1","170.0","152.0","TP15HAE01783274"
"DELIVERED","328588204671667776_1","508240986","2026-09-07","","Madhya Pradesh","MJM 360? Rotating Bike Mobile Holder Stand for Motorcycle, Bicycle & Scooter Handlebar Phone Mount","PT05-BIKESTAND","Free Size","1","170.0","170.0","TP15HAE01783269"
"CANCELLED","328589275559196544_1","508240986","2026-09-07","","Punjab","MJM 360? Rotating Bike Mobile Holder Stand for Motorcycle, Bicycle & Scooter Handlebar Phone Mount","PT05-BIKESTAND","Free Size","1","148.0","130.0",
"RTO_COMPLETE","328641338215400897_1","508240986","2026-09-08","","Uttar Pradesh","MJM 360? Rotating Bike Mobile Holder Stand for Motorcycle, Bicycle & Scooter Handlebar Phone Mount","PT05-BIKESTAND","Free Size","1","170.0","170.0","TP15HAE01783250"
"DELIVERED","328644387081591872_1","508573229","2026-09-08","","Maharashtra","MJM Premium Metal Mobile Stand | 360? Rotation Adjustable Phone Holder | Foldable Desk Table Stand for Smartphone & Tablet","L396-STAND","Free Size","1","160.0","160.0","TP2CMEU02885711"
"DELIVERED","328701987507307968_1","508240986","2026-09-08","","Telangana","MJM 360? Rotating Bike Mobile Holder Stand for Motorcycle, Bicycle & Scooter Handlebar Phone Mount","PT05-BIKESTAND","Free Size","1","170.0","152.0","TP15HAE01783259"
"DELIVERED","328704064673451584_1","508240986","2026-09-08","","Jharkhand","MJM 360? Rotating Bike Mobile Holder Stand for Motorcycle, Bicycle & Scooter Handlebar Phone Mount","PT05-BIKESTAND","Free Size","1","148.0","130.0","TP15HAE01783270"
"DELIVERED","328709780835966528_1","508240986","2026-09-08","","Bihar","MJM 360? Rotating Bike Mobile Holder Stand for Motorcycle, Bicycle & Scooter Handlebar Phone Mount","PT05-BIKESTAND","Free Size","1","170.0","170.0","TP15HAE01783247"
"DELIVERED","328714621392686656_1","508240986","2026-09-08","","Jharkhand","MJM 360? Rotating Bike Mobile Holder Stand for Motorcycle, Bicycle & Scooter Handlebar Phone Mount","PT05-BIKESTAND","Free Size","1","170.0","152.0","TP15HAE01783248"
"DELIVERED","328735120350288960_1","508331258","2026-09-08","","Uttar Pradesh","MJM Crystal Pro Wireless Bluetooth Earbuds with Smart LED Display, 18H Playback, ENC Calling, Type-C Charging, Low Latency Gaming Earbuds","Blackcrystlepro","Free Size","1","330.0","314.0","TP2CMEU02885723"
"DELIVERED","328737373266157120_1","508240986","2026-09-08","","Rajasthan","MJM 360? Rotating Bike Mobile Holder Stand for Motorcycle, Bicycle & Scooter Handlebar Phone Mount","PT05-BIKESTAND","Free Size","1","170.0","152.0","TP15HAE01783242"
"DELIVERED","328740882074082368_1","508240986","2026-09-08","","Rajasthan","MJM 360? Rotating Bike Mobile Holder Stand for Motorcycle, Bicycle & Scooter Handlebar Phone Mount","PT05-BIKESTAND","Free Size","1","148.0","130.0","TP15HAE01783271"
"DELIVERED","328746644326358080_1","508240986","2026-09-08","","Andhra Pradesh","MJM 360? Rotating Bike Mobile Holder Stand for Motorcycle, Bicycle & Scooter Handlebar Phone Mount","PT05-BIKESTAND","Free Size","1","148.0","148.0","TP15HAE01783227"
"DELIVERED","328746703179386433_1","508240986","2026-09-08","","Maharashtra","MJM 360? Rotating Bike Mobile Holder Stand for Motorcycle, Bicycle & Scooter Handlebar Phone Mount","PT05-BIKESTAND","Free Size","1","170.0","152.0","TP15HAE01783238"
"DELIVERED","328756382745271872_1","508240986","2026-09-08","","Andhra Pradesh","MJM 360? Rotating Bike Mobile Holder Stand for Motorcycle, Bicycle & Scooter Handlebar Phone Mount","PT05-BIKESTAND","Free Size","1","170.0","152.0","TP15HAE01783234"
"DELIVERED","328756498640834112_1","508240986","2026-09-08","","West Bengal","MJM 360? Rotating Bike Mobile Holder Stand for Motorcycle, Bicycle & Scooter Handlebar Phone Mount","PT05-BIKESTAND","Free Size","1","148.0","130.0","TP15HAE01783240"
"DELIVERED","328758722523729472_1","508240986","2026-09-08","","Gujarat","MJM 360? Rotating Bike Mobile Holder Stand for Motorcycle, Bicycle & Scooter Handlebar Phone Mount","PT05-BIKESTAND","Free Size","1","148.0","130.0","TP15HAE01783256"
"RTO_COMPLETE","328765901909691968_1","508240986","2026-09-08","","Jammu & Kashmir","MJM 360? Rotating Bike Mobile Holder Stand for Motorcycle, Bicycle & Scooter Handlebar Phone Mount","PT05-BIKESTAND","Free Size","1","170.0","170.0","TP15HAE01783226"
"DELIVERED","328775367552042432_1","505105292","2026-09-08","","Delhi","MJM Waterproof Mobile Pouch Combo Pack of 8 | Universal Touch Screen Phone Cover with Neck Strap, Triple Lock Waterproof Case for Swimming, Travel, Beach & Rain Protection","3lockrainpouch-8pc","Free Size","1","146.0","128.0","TP2CMEU02885727"
"DELIVERED","328828312572229504_1","508240986","2026-09-08","","Punjab","MJM 360? Rotating Bike Mobile Holder Stand for Motorcycle, Bicycle & Scooter Handlebar Phone Mount","PT05-BIKESTAND","Free Size","1","200.0","200.0","TP15HAE01783229"
"DELIVERED","328874426993777731_1","508240986","2026-09-08","","Uttar Pradesh","MJM 360? Rotating Bike Mobile Holder Stand for Motorcycle, Bicycle & Scooter Handlebar Phone Mount","PT05-BIKESTAND","Free Size","1","200.0","178.0","TP15HAE01783257"
"DELIVERED","328882807249470912_1","508240986","2026-09-08","","Jharkhand","MJM 360? Rotating Bike Mobile Holder Stand for Motorcycle, Bicycle & Scooter Handlebar Phone Mount","PT05-BIKESTAND","Free Size","1","200.0","178.0","TP15HAE01783225"
"CANCELLED","328888458672905792_1","508240986","2026-09-08","","BIHAR","MJM 360? Rotating Bike Mobile Holder Stand for Motorcycle, Bicycle & Scooter Handlebar Phone Mount","PT05-BIKESTAND","Free Size","1","181.0","159.0","TP15HAE01783239"
"DELIVERED","328920737948409088_1","508240986","2026-09-08","","Andhra Pradesh","MJM 360? Rotating Bike Mobile Holder Stand for Motorcycle, Bicycle & Scooter Handlebar Phone Mount","PT05-BIKESTAND","Free Size","1","181.0","159.0","TP15HAE01783228"
"DELIVERED","328936279853800512_1","508240986","2026-09-08","","Karnataka","MJM 360? Rotating Bike Mobile Holder Stand for Motorcycle, Bicycle & Scooter Handlebar Phone Mount","PT05-BIKESTAND","Free Size","1","181.0","159.0","TP15HAE01783243"
"DELIVERED","328946235779485248_1","508240986","2026-09-08","","Maharashtra","MJM 360? Rotating Bike Mobile Holder Stand for Motorcycle, Bicycle & Scooter Handlebar Phone Mount","PT05-BIKESTAND","Free Size","1","181.0","159.0","TP15HAE01783258"
"RTO_DELIVERY_FAILED","328966672169209408_1","508240986","2026-09-09","","Maharashtra","MJM 360? Rotating Bike Mobile Holder Stand for Motorcycle, Bicycle & Scooter Handlebar Phone Mount","PT05-BIKESTAND","Free Size","1","200.0","200.0","TP15HAE01783237"
"RTO_COMPLETE","328969704140742208_1","508240986","2026-09-09","","Tamil Nadu","MJM 360? Rotating Bike Mobile Holder Stand for Motorcycle, Bicycle & Scooter Handlebar Phone Mount","PT05-BIKESTAND","Free Size","1","181.0","159.0","TP15HAE01783233"
"DELIVERED","328975457303960832_1","508240986","2026-09-09","","Tamil Nadu","MJM 360? Rotating Bike Mobile Holder Stand for Motorcycle, Bicycle & Scooter Handlebar Phone Mount","PT05-BIKESTAND","Free Size","1","181.0","159.0","TP15HAE01783231"
"RTO_COMPLETE","328989918537090496_1","505105292","2026-09-09","","Karnataka","MJM Waterproof Mobile Pouch Combo Pack of 8 | Universal Touch Screen Phone Cover with Neck Strap, Triple Lock Waterproof Case for Swimming, Travel, Beach & Rain Protection","3lockrainpouch-8pc","Free Size","1","146.0","146.0","TP2CMEU02885716"
"DELIVERED","329002285200612932_1","508240986","2026-09-09","","Bihar","MJM 360? Rotating Bike Mobile Holder Stand for Motorcycle, Bicycle & Scooter Handlebar Phone Mount","PT05-BIKESTAND","Free Size","1","200.0","200.0","TP15HAE01783241"
"RTO_COMPLETE","329063564162407488_1","508240986","2026-09-09","","Haryana","MJM 360? Rotating Bike Mobile Holder Stand for Motorcycle, Bicycle & Scooter Handlebar Phone Mount","PT05-BIKESTAND","Free Size","1","200.0","200.0","TP15HAE01783236"
"DELIVERED","329081170834130368_1","508240986","2026-09-09","","Uttar Pradesh","MJM 360? Rotating Bike Mobile Holder Stand for Motorcycle, Bicycle & Scooter Handlebar Phone Mount","PT05-BIKESTAND","Free Size","1","200.0","200.0","TP15HAE01783230"
"CANCELLED","329113680741830209_1","508240986","2026-09-09","","Himachal Pradesh","MJM 360? Rotating Bike Mobile Holder Stand for Motorcycle, Bicycle & Scooter Handlebar Phone Mount","PT05-BIKESTAND","Free Size","1","200.0","200.0",
"DELIVERED","329123187540139264_1","508240986","2026-09-09","","West Bengal","MJM 360? Rotating Bike Mobile Holder Stand for Motorcycle, Bicycle & Scooter Handlebar Phone Mount","PT05-BIKESTAND","Free Size","1","200.0","178.0","TP15HAE01783214"
"DELIVERED","329136487787175488_1","508573229","2026-09-09","","Andhra Pradesh","MJM Premium Metal Mobile Stand | 360? Rotation Adjustable Phone Holder | Foldable Desk Table Stand for Smartphone & Tablet","L396-STAND","Free Size","1","141.0","141.0","TP2CMEU02885725"
"CANCELLED","329136595906495936_1","508240986","2026-09-09","","Uttar Pradesh","MJM 360? Rotating Bike Mobile Holder Stand for Motorcycle, Bicycle & Scooter Handlebar Phone Mount","PT05-BIKESTAND","Free Size","1","200.0","178.0",
"RTO_COMPLETE","329140979786095680_1","508240986","2026-09-09","","Rajasthan","MJM 360? Rotating Bike Mobile Holder Stand for Motorcycle, Bicycle & Scooter Handlebar Phone Mount","PT05-BIKESTAND","Free Size","1","200.0","200.0","TP15HAE01783220"
"DELIVERED","329142980413132352_1","508240986","2026-09-09","","Madhya Pradesh","MJM 360? Rotating Bike Mobile Holder Stand for Motorcycle, Bicycle & Scooter Handlebar Phone Mount","PT05-BIKESTAND","Free Size","1","200.0","200.0","TP15DAE01632743"
"CANCELLED","329146900757777984_1","508240986","2026-09-09","","Uttar Pradesh","MJM 360? Rotating Bike Mobile Holder Stand for Motorcycle, Bicycle & Scooter Handlebar Phone Mount","PT05-BIKESTAND","Free Size","1","200.0","200.0",
"DELIVERED","329156339537058880_1","485574721","2026-09-09","","Haryana","MJM Interactive Dancing Cactus Toy ? Talking, Mimicking & Singing Plush Toy with LED Lights and USB Charging for Kids","Dancing-Cactus-01","Free Size","1","320.0","298.0","TP8RTEU03010753"
"DELIVERED","329160971512486976_1","508240986","2026-09-09","","Tamil Nadu","MJM 360? Rotating Bike Mobile Holder Stand for Motorcycle, Bicycle & Scooter Handlebar Phone Mount","PT05-BIKESTAND","Free Size","1","200.0","178.0","TP15HAE01783209"
"DELIVERED","329169247001862592_1","508240986","2026-09-09","","Chhattisgarh","MJM 360? Rotating Bike Mobile Holder Stand for Motorcycle, Bicycle & Scooter Handlebar Phone Mount","PT05-BIKESTAND","Free Size","1","181.0","181.0","TP15HAE01783222"
"CANCELLED","329188387457500608_1","508240986","2026-09-09","","Maharashtra","MJM 360? Rotating Bike Mobile Holder Stand for Motorcycle, Bicycle & Scooter Handlebar Phone Mount","PT05-BIKESTAND","Free Size","1","200.0","200.0",
"DELIVERED","329196315440094272_1","508240986","2026-09-09","","Maharashtra","MJM 360? Rotating Bike Mobile Holder Stand for Motorcycle, Bicycle & Scooter Handlebar Phone Mount","PT05-BIKESTAND","Free Size","1","200.0","178.0","TP15HAE01783224"
"DELIVERED","329207122630581824_1","508240986","2026-09-09","","Tamil Nadu","MJM 360? Rotating Bike Mobile Holder Stand for Motorcycle, Bicycle & Scooter Handlebar Phone Mount","PT05-BIKESTAND","Free Size","1","200.0","200.0","TP15HAE01783219"
"DELIVERED","329254777222110468_1","508240986","2026-09-09","","Haryana","MJM 360? Rotating Bike Mobile Holder Stand for Motorcycle, Bicycle & Scooter Handlebar Phone Mount","PT05-BIKESTAND","Free Size","1","181.0","159.0","TP15HAE01783218"
"DELIVERED","329265382930816256_1","508240986","2026-09-09","","Maharashtra","MJM 360? Rotating Bike Mobile Holder Stand for Motorcycle, Bicycle & Scooter Handlebar Phone Mount","PT05-BIKESTAND","Free Size","1","200.0","178.0","TP15HAE01783239"
"DELIVERED","329273599127755840_1","508240986","2026-09-09","","Punjab","MJM 360? Rotating Bike Mobile Holder Stand for Motorcycle, Bicycle & Scooter Handlebar Phone Mount","PT05-BIKESTAND","Free Size","1","181.0","181.0","TP15HAE01783213"
"DELIVERED","329279717178646080_1","508240986","2026-09-09","","Bihar","MJM 360? Rotating Bike Mobile Holder Stand for Motorcycle, Bicycle & Scooter Handlebar Phone Mount","PT05-BIKESTAND","Free Size","1","200.0","178.0","TP15HAE01783216"
"DELIVERED","329291286493693376_1","508240986","2026-09-09","","Rajasthan","MJM 360? Rotating Bike Mobile Holder Stand for Motorcycle, Bicycle & Scooter Handlebar Phone Mount","PT05-BIKESTAND","Free Size","1","200.0","178.0","TP15HAE01783211"
"DELIVERED","329298606650334272_1","524020237","2026-09-09","","Tamil Nadu","MJM 170CM Selfie Stick Tripod with Bluetooth Remote | 3 in 1 Foldable Mobile Stand | Adjustable Phone Holder for Android & iPhone | Selfie, Reels, Vlogging & Video Recording","MJM-R1S-LONG-BLK-001","Free Size","1","250.0","250.0","TP5CPEU07802107"
"DELIVERED","329305502836891200_1","508240986","2026-09-09","","Tamil Nadu","MJM 360? Rotating Bike Mobile Holder Stand for Motorcycle, Bicycle & Scooter Handlebar Phone Mount","PT05-BIKESTAND","Free Size","1","181.0","159.0","TP15HAE01783210"
"DELIVERED","329323860599408064_1","508162782","2026-09-09","","Telangana","MJM Crystal Pro Wireless Bluetooth Earbuds with Smart LED Display, 48H Playback, ENC Calling, Type-C Charging, Low Latency Gaming Earbuds","Crystalpro-black","Free Size","1","300.0","300.0","TP2CMEU02885724"
"DELIVERED","329367131511364672_1","508240986","2026-09-10","","Karnataka","MJM 360? Rotating Bike Mobile Holder Stand for Motorcycle, Bicycle & Scooter Handlebar Phone Mount","PT05-BIKESTAND","Free Size","1","181.0","159.0","TP15HAE01783221"
"DELIVERED","329394761850255232_1","508240986","2026-09-10","","Punjab","MJM 360? Rotating Bike Mobile Holder Stand for Motorcycle, Bicycle & Scooter Handlebar Phone Mount","PT05-BIKESTAND","Free Size","1","200.0","200.0","TP15HAE01783215"
"RTO_COMPLETE","329412748886052416_1","508876433","2026-09-10","","Uttar Pradesh","MJM Crystal Pro Wireless Bluetooth Earbuds TWS | 18H Playtime | Bluetooth 5.4 | Type-C Charging | IPX4 Water Resistant Earphones","MJM-CP18-BTB54","Free Size","1","330.0","330.0","TP2CMEU02000779"
"DELIVERED","329426567544866240_1","508240986","2026-09-10","","Maharashtra","MJM 360? Rotating Bike Mobile Holder Stand for Motorcycle, Bicycle & Scooter Handlebar Phone Mount","PT05-BIKESTAND","Free Size","1","181.0","159.0","TP15HAE01783212"
"RTO_COMPLETE","329441983911992576_1","508240986","2026-09-10","","Tamil Nadu","MJM 360? Rotating Bike Mobile Holder Stand for Motorcycle, Bicycle & Scooter Handlebar Phone Mount","PT05-BIKESTAND","Free Size","1","200.0","200.0","TP15HAE01783223"
"RTO_COMPLETE","329454717953154624_1","508240986","2026-09-10","","Gujarat","MJM 360? Rotating Bike Mobile Holder Stand for Motorcycle, Bicycle & Scooter Handlebar Phone Mount","PT05-BIKESTAND","Free Size","1","181.0","181.0","TP15HAE01783195"
"DELIVERED","329478296596547008_1","508240986","2026-09-10","","Kerala","MJM 360? Rotating Bike Mobile Holder Stand for Motorcycle, Bicycle & Scooter Handlebar Phone Mount","PT05-BIKESTAND","Free Size","1","200.0","178.0","TP15HAE01783203"
"CANCELLED","329498820321516800_1","508240986","2026-09-10","","Rajasthan","MJM 360? Rotating Bike Mobile Holder Stand for Motorcycle, Bicycle & Scooter Handlebar Phone Mount","PT05-BIKESTAND","Free Size","1","200.0","200.0",
"DELIVERED","329508258294045952_1","508240986","2026-09-10","","Chhattisgarh","MJM 360? Rotating Bike Mobile Holder Stand for Motorcycle, Bicycle & Scooter Handlebar Phone Mount","PT05-BIKESTAND","Free Size","1","200.0","200.0","TP4DOEU05156021"
"DELIVERED","329543236883744832_1","508240986","2026-09-10","","Uttar Pradesh","MJM 360? Rotating Bike Mobile Holder Stand for Motorcycle, Bicycle & Scooter Handlebar Phone Mount","PT05-BIKESTAND","Free Size","1","200.0","200.0","TP15HAE01783200"
"DELIVERED","329559339522891648_1","508240986","2026-09-10","","Maharashtra","MJM 360? Rotating Bike Mobile Holder Stand for Motorcycle, Bicycle & Scooter Handlebar Phone Mount","PT05-BIKESTAND","Free Size","1","200.0","178.0","TP15HAE01783192"
"DELIVERED","329565610449709248_1","508240986","2026-09-10","","Maharashtra","MJM 360? Rotating Bike Mobile Holder Stand for Motorcycle, Bicycle & Scooter Handlebar Phone Mount","PT05-BIKESTAND","Free Size","1","200.0","200.0","TP4DOEU05155986"
"DELIVERED","329568057664770560_1","508240986","2026-09-10","","Uttar Pradesh","MJM 360? Rotating Bike Mobile Holder Stand for Motorcycle, Bicycle & Scooter Handlebar Phone Mount","PT05-BIKESTAND","Free Size","1","200.0","178.0","TP15HAE01783196"
"DELIVERED","329582891785556480_1","508240986","2026-09-10","","Tamil Nadu","MJM 360? Rotating Bike Mobile Holder Stand for Motorcycle, Bicycle & Scooter Handlebar Phone Mount","PT05-BIKESTAND","Free Size","1","181.0","159.0","TP15HAE01783197"
"DELIVERED","329588772229128064_1","508240986","2026-09-10","","Puducherry","MJM 360? Rotating Bike Mobile Holder Stand for Motorcycle, Bicycle & Scooter Handlebar Phone Mount","PT05-BIKESTAND","Free Size","1","200.0","200.0","TP4DOEU05155987"
"DELIVERED","329592268361863680_1","508240986","2026-09-10","","Kerala","MJM 360? Rotating Bike Mobile Holder Stand for Motorcycle, Bicycle & Scooter Handlebar Phone Mount","PT05-BIKESTAND","Free Size","1","181.0","159.0","TP15HAE01783191"
"DELIVERED","329596207081758528_1","508240986","2026-09-10","","Gujarat","MJM 360? Rotating Bike Mobile Holder Stand for Motorcycle, Bicycle & Scooter Handlebar Phone Mount","PT05-BIKESTAND","Free Size","1","200.0","200.0","TP15HAE01783201"
"DELIVERED","329604755617122368_1","508573229","2026-09-10","","Uttar Pradesh","MJM Premium Metal Mobile Stand | 360? Rotation Adjustable Phone Holder | Foldable Desk Table Stand for Smartphone & Tablet","L396-STAND","Free Size","1","141.0","124.0","TP2CMEU02885732"
"DELIVERED","329614710933328384_1","508240986","2026-09-10","","Chhattisgarh","MJM 360? Rotating Bike Mobile Holder Stand for Motorcycle, Bicycle & Scooter Handlebar Phone Mount","PT05-BIKESTAND","Free Size","1","200.0","200.0","TP4DOEU05155988"
"RTO_COMPLETE","329614979832907840_1","508240986","2026-09-10","","Kerala","MJM 360? Rotating Bike Mobile Holder Stand for Motorcycle, Bicycle & Scooter Handlebar Phone Mount","PT05-BIKESTAND","Free Size","1","181.0","181.0","TP15HAE01783205"
"DELIVERED","329616076351246848_1","508240986","2026-09-10","","Maharashtra","MJM 360? Rotating Bike Mobile Holder Stand for Motorcycle, Bicycle & Scooter Handlebar Phone Mount","PT05-BIKESTAND","Free Size","1","200.0","178.0","TP15HAE01783194"
"DELIVERED","329616729282744832_1","508240986","2026-09-10","","Telangana","MJM 360? Rotating Bike Mobile Holder Stand for Motorcycle, Bicycle & Scooter Handlebar Phone Mount","PT05-BIKESTAND","Free Size","1","181.0","181.0","TP15HAE01783193"
"DELIVERED","329619538724036480_1","508573229","2026-09-10","","West Bengal","MJM Premium Metal Mobile Stand | 360? Rotation Adjustable Phone Holder | Foldable Desk Table Stand for Smartphone & Tablet","L396-STAND","Free Size","1","160.0","143.0","TP2CMEU02885731"
"RTO_COMPLETE","329623642712084608_1","508240986","2026-09-10","","Karnataka","MJM 360? Rotating Bike Mobile Holder Stand for Motorcycle, Bicycle & Scooter Handlebar Phone Mount","PT05-BIKESTAND","Free Size","1","200.0","200.0","TP15HAE01783198"
"DELIVERED","329623994637101249_1","508240986","2026-09-10","","Maharashtra","MJM 360? Rotating Bike Mobile Holder Stand for Motorcycle, Bicycle & Scooter Handlebar Phone Mount","PT05-BIKESTAND","Free Size","1","200.0","178.0","TP15HAE01783199"
"DELIVERED","329627841566908224_1","508573229","2026-09-10","","Gujarat","MJM Premium Metal Mobile Stand | 360? Rotation Adjustable Phone Holder | Foldable Desk Table Stand for Smartphone & Tablet","L396-STAND","Free Size","1","160.0","143.0","TP2CMEU02885730"
"DELIVERED","329634639728382464_1","508162782","2026-09-10","","Bihar","MJM Crystal Pro Wireless Bluetooth Earbuds with Smart LED Display, 48H Playback, ENC Calling, Type-C Charging, Low Latency Gaming Earbuds","Crystalpro-black","Free Size","1","271.0","253.0","TP2CMEU02885728"
"RTO_COMPLETE","329635033555306688_1","508162782","2026-09-10","","Punjab","MJM Crystal Pro Wireless Bluetooth Earbuds with Smart LED Display, 48H Playback, ENC Calling, Type-C Charging, Low Latency Gaming Earbuds","Crystalpro-black","Free Size","1","271.0","271.0","TP2CMEU02885729"
"RTO_COMPLETE","329649363945820672_1","508240986","2026-09-10","","Maharashtra","MJM 360? Rotating Bike Mobile Holder Stand for Motorcycle, Bicycle & Scooter Handlebar Phone Mount","PT05-BIKESTAND","Free Size","1","181.0","181.0","TP15HAE01783208"
"DELIVERED","329650019549093760_1","508240986","2026-09-10","","Jammu & Kashmir","MJM 360? Rotating Bike Mobile Holder Stand for Motorcycle, Bicycle & Scooter Handlebar Phone Mount","PT05-BIKESTAND","Free Size","1","200.0","178.0","TP15HAE01783190"
"DELIVERED","329663301227945856_1","508240986","2026-09-10","","Maharashtra","MJM 360? Rotating Bike Mobile Holder Stand for Motorcycle, Bicycle & Scooter Handlebar Phone Mount","PT05-BIKESTAND","Free Size","1","181.0","181.0","TP15HAE01783204"
"DELIVERED","329671044188506304_1","508240986","2026-09-10","","Andhra Pradesh","MJM 360? Rotating Bike Mobile Holder Stand for Motorcycle, Bicycle & Scooter Handlebar Phone Mount","PT05-BIKESTAND","Free Size","1","200.0","178.0","TP15HAE01783202"
"DELIVERED","329676863705614528_1","508240986","2026-09-10","","Gujarat","MJM 360? Rotating Bike Mobile Holder Stand for Motorcycle, Bicycle & Scooter Handlebar Phone Mount","PT05-BIKESTAND","Free Size","1","181.0","159.0","TP15HAE01783206"
"DELIVERED","329687586583650114_1","505105292","2026-09-10","","Telangana","MJM Waterproof Mobile Pouch Combo Pack of 8 | Universal Touch Screen Phone Cover with Neck Strap, Triple Lock Waterproof Case for Swimming, Travel, Beach & Rain Protection","3lockrainpouch-8pc","Free Size","1","146.0","128.0","TP2CMEU02885726"
"DELIVERED","329688411122837760_1","508240986","2026-09-10","","Delhi","MJM 360? Rotating Bike Mobile Holder Stand for Motorcycle, Bicycle & Scooter Handlebar Phone Mount","PT05-BIKESTAND","Free Size","1","200.0","178.0","TP15HAE01783207"
"RTO_COMPLETE","329831423072070528_1","508240986","2026-09-11","","Haryana","MJM 360? Rotating Bike Mobile Holder Stand for Motorcycle, Bicycle & Scooter Handlebar Phone Mount","PT05-BIKESTAND","Free Size","1","200.0","200.0","TP4DOEU05155985"
"DELIVERED","329842492503026496_1","508240986","2026-09-11","","Delhi","MJM 360? Rotating Bike Mobile Holder Stand for Motorcycle, Bicycle & Scooter Handlebar Phone Mount","PT05-BIKESTAND","Free Size","1","181.0","159.0","TP4DOEU05155993"
"DELIVERED","329869930207283392_1","508240986","2026-09-11","","Maharashtra","MJM 360? Rotating Bike Mobile Holder Stand for Motorcycle, Bicycle & Scooter Handlebar Phone Mount","PT05-BIKESTAND","Free Size","1","200.0","178.0","TP4DOEU05156034"
"CANCELLED","329910862963338048_1","508240986","2026-09-11","","Kerala","MJM 360? Rotating Bike Mobile Holder Stand for Motorcycle, Bicycle & Scooter Handlebar Phone Mount","PT05-BIKESTAND","Free Size","1","200.0","178.0",
"DELIVERED","329945726766713024_1","508240986","2026-09-11","","Delhi","MJM 360? Rotating Bike Mobile Holder Stand for Motorcycle, Bicycle & Scooter Handlebar Phone Mount","PT05-BIKESTAND","Free Size","1","181.0","181.0","TP4DOEU05155997"
"DELIVERED","329947167078123584_1","508162782","2026-09-11","","Uttarakhand","MJM Crystal Pro Wireless Bluetooth Earbuds with Smart LED Display, 48H Playback, ENC Calling, Type-C Charging, Low Latency Gaming Earbuds","Crystalpro-black","Free Size","1","300.0","300.0","TP2CMEU02885734"
"RTO_COMPLETE","329991581414623424_1","505105292","2026-09-11","","Tripura","MJM Waterproof Mobile Pouch Combo Pack of 8 | Universal Touch Screen Phone Cover with Neck Strap, Triple Lock Waterproof Case for Swimming, Travel, Beach & Rain Protection","3lockrainpouch-8pc","Free Size","1","146.0","146.0","TP2CMEU02885733"
"DELIVERED","329991476924181248_1","508240986","2026-09-11","","Rajasthan","MJM 360? Rotating Bike Mobile Holder Stand for Motorcycle, Bicycle & Scooter Handlebar Phone Mount","PT05-BIKESTAND","Free Size","1","181.0","159.0","TP4DOEU05155990"
"CANCELLED","330015878055258944_1","508240986","2026-09-11","","Maharashtra","MJM 360? Rotating Bike Mobile Holder Stand for Motorcycle, Bicycle & Scooter Handlebar Phone Mount","PT05-BIKESTAND","Free Size","1","181.0","159.0",
"DELIVERED","330019351006079810_1","508240986","2026-09-11","","Kerala","MJM 360? Rotating Bike Mobile Holder Stand for Motorcycle, Bicycle & Scooter Handlebar Phone Mount","PT05-BIKESTAND","Free Size","1","200.0","178.0","TP4DOEU05155992"
"DELIVERED","330020900245506112_1","508240986","2026-09-11","","Punjab","MJM 360? Rotating Bike Mobile Holder Stand for Motorcycle, Bicycle & Scooter Handlebar Phone Mount","PT05-BIKESTAND","Free Size","1","200.0","200.0","TP4DOEU05155999"
"DELIVERED","330030027352999872_1","508240986","2026-09-11","","Maharashtra","MJM 360? Rotating Bike Mobile Holder Stand for Motorcycle, Bicycle & Scooter Handlebar Phone Mount","PT05-BIKESTAND","Free Size","1","181.0","181.0","TP4DOEU05156022"
"DELIVERED","330041597196036928_1","508240986","2026-09-11","","Andhra Pradesh","MJM 360? Rotating Bike Mobile Holder Stand for Motorcycle, Bicycle & Scooter Handlebar Phone Mount","PT05-BIKESTAND","Free Size","1","200.0","200.0","TP4DOEU05155994"
"DELIVERED","330104013269141696_1","508240986","2026-09-12","","Odisha","MJM 360? Rotating Bike Mobile Holder Stand for Motorcycle, Bicycle & Scooter Handlebar Phone Mount","PT05-BIKESTAND","Free Size","1","200.0","178.0","TP4DOEU05155995"
"CANCELLED","330152878953367744_1","508240986","2026-09-12","","Punjab","MJM 360? Rotating Bike Mobile Holder Stand for Motorcycle, Bicycle & Scooter Handlebar Phone Mount","PT05-BIKESTAND","Free Size","1","200.0","178.0","TP4DOEU05155991"
"DELIVERED","330179187641323008_1","508240986","2026-09-12","","West Bengal","MJM 360? Rotating Bike Mobile Holder Stand for Motorcycle, Bicycle & Scooter Handlebar Phone Mount","PT05-BIKESTAND","Free Size","1","181.0","181.0","TP4DOEU05155996"
"DELIVERED","330183767695460288_1","508240986","2026-09-12","","Chhattisgarh","MJM 360? Rotating Bike Mobile Holder Stand for Motorcycle, Bicycle & Scooter Handlebar Phone Mount","PT05-BIKESTAND","Free Size","1","200.0","178.0","TP4DOEU05155998"
"RTO_COMPLETE","330197300500647616_1","508240986","2026-09-12","","Bihar","MJM 360? Rotating Bike Mobile Holder Stand for Motorcycle, Bicycle & Scooter Handlebar Phone Mount","PT05-BIKESTAND","Free Size","1","200.0","200.0","TP4DOEU05156000"
"DELIVERED","330229523101943744_1","508240986","2026-09-12","","Tamil Nadu","MJM 360? Rotating Bike Mobile Holder Stand for Motorcycle, Bicycle & Scooter Handlebar Phone Mount","PT05-BIKESTAND","Free Size","1","181.0","181.0","TP4DOEU05156012"
"CANCELLED","330245754525911616_1","508162782","2026-09-12","","Delhi","MJM Crystal Pro Wireless Bluetooth Earbuds with Smart LED Display, 48H Playback, ENC Calling, Type-C Charging, Low Latency Gaming Earbuds","Crystalpro-black","Free Size","1","271.0","271.0",
"DELIVERED","330257747466948096_1","508240986","2026-09-12","","Madhya Pradesh","MJM 360? Rotating Bike Mobile Holder Stand for Motorcycle, Bicycle & Scooter Handlebar Phone Mount","PT05-BIKESTAND","Free Size","1","200.0","200.0","TP4DOEU05156018"
"DELIVERED","330261663710334656_1","508240986","2026-09-12","","West Bengal","MJM 360? Rotating Bike Mobile Holder Stand for Motorcycle, Bicycle & Scooter Handlebar Phone Mount","PT05-BIKESTAND","Free Size","1","181.0","159.0","TP4DOEU05156014"
"DELIVERED","330262252002806336_1","508240986","2026-09-12","","Karnataka","MJM 360? Rotating Bike Mobile Holder Stand for Motorcycle, Bicycle & Scooter Handlebar Phone Mount","PT05-BIKESTAND","Free Size","1","181.0","159.0","TP4DOEU05156017"
"DELIVERED","330269497902649024_1","505105292","2026-09-12","","Jammu & Kashmir","MJM Waterproof Mobile Pouch Combo Pack of 8 | Universal Touch Screen Phone Cover with Neck Strap, Triple Lock Waterproof Case for Swimming, Travel, Beach & Rain Protection","3lockrainpouch-8pc","Free Size","1","146.0","128.0","TP2CMEU02885737"
"DELIVERED","330269497902649024_2","505105292","2026-09-12","","Jammu & Kashmir","MJM Waterproof Mobile Pouch Combo Pack of 8 | Universal Touch Screen Phone Cover with Neck Strap, Triple Lock Waterproof Case for Swimming, Travel, Beach & Rain Protection","3lockrainpouch-8pc","Free Size","1","146.0","128.0","TP2CMEU02885740"
"DELIVERED","330283878685509824_1","508240986","2026-09-12","","Uttar Pradesh","MJM 360? Rotating Bike Mobile Holder Stand for Motorcycle, Bicycle & Scooter Handlebar Phone Mount","PT05-BIKESTAND","Free Size","1","181.0","181.0","TP4DOEU05156006"
"DELIVERED","330300533134231488_1","508240986","2026-09-12","","Maharashtra","MJM 360? Rotating Bike Mobile Holder Stand for Motorcycle, Bicycle & Scooter Handlebar Phone Mount","PT05-BIKESTAND","Free Size","1","200.0","200.0","TP4DOEU05156013"
"RTO_COMPLETE","330301450013281792_1","508240986","2026-09-12","","Rajasthan","MJM 360? Rotating Bike Mobile Holder Stand for Motorcycle, Bicycle & Scooter Handlebar Phone Mount","PT05-BIKESTAND","Free Size","1","200.0","200.0","TP4DOEU05156031"
"DELIVERED","330302836323798720_1","508240986","2026-09-12","","Gujarat","MJM 360? Rotating Bike Mobile Holder Stand for Motorcycle, Bicycle & Scooter Handlebar Phone Mount","PT05-BIKESTAND","Free Size","1","200.0","200.0","TP4DOEU05156002"
"DELIVERED","330315774752622528_1","508573229","2026-09-12","","Tamil Nadu","MJM Premium Metal Mobile Stand | 360? Rotation Adjustable Phone Holder | Foldable Desk Table Stand for Smartphone & Tablet","L396-STAND","Free Size","1","141.0","141.0","TP2CMEU02885736"
"DELIVERED","330321679166802496_1","508240986","2026-09-12","","Uttar Pradesh","MJM 360? Rotating Bike Mobile Holder Stand for Motorcycle, Bicycle & Scooter Handlebar Phone Mount","PT05-BIKESTAND","Free Size","1","181.0","181.0","TP4DOEU05156024"
"DELIVERED","330326736448686272_1","508240986","2026-09-12","","Uttar Pradesh","MJM 360? Rotating Bike Mobile Holder Stand for Motorcycle, Bicycle & Scooter Handlebar Phone Mount","PT05-BIKESTAND","Free Size","1","200.0","200.0","TP4DOEU05156029"
"DELIVERED","330347240177961024_1","508240986","2026-09-12","","Tamil Nadu","MJM 360? Rotating Bike Mobile Holder Stand for Motorcycle, Bicycle & Scooter Handlebar Phone Mount","PT05-BIKESTAND","Free Size","1","200.0","200.0","TP4DOEU05156023"
"RTO_COMPLETE","330349502821191360_1","508573229","2026-09-12","","Jammu & Kashmir","MJM Premium Metal Mobile Stand | 360? Rotation Adjustable Phone Holder | Foldable Desk Table Stand for Smartphone & Tablet","L396-STAND","Free Size","1","160.0","160.0","TP2CMEU02885743"
"DELIVERED","330353795845754368_1","508240986","2026-09-12","","Tamil Nadu","MJM 360? Rotating Bike Mobile Holder Stand for Motorcycle, Bicycle & Scooter Handlebar Phone Mount","PT05-BIKESTAND","Free Size","1","200.0","200.0","TP4DOEU05156028"
"DELIVERED","330354191751073472_1","508240986","2026-09-12","","Uttar Pradesh","MJM 360? Rotating Bike Mobile Holder Stand for Motorcycle, Bicycle & Scooter Handlebar Phone Mount","PT05-BIKESTAND","Free Size","1","200.0","178.0","TP4DOEU05156032"
"DELIVERED","330354830639269952_1","508240986","2026-09-12","","Tamil Nadu","MJM 360? Rotating Bike Mobile Holder Stand for Motorcycle, Bicycle & Scooter Handlebar Phone Mount","PT05-BIKESTAND","Free Size","1","181.0","159.0","TP4DOEU05156009"
"DELIVERED","330368151724379840_1","508240986","2026-09-12","","Madhya Pradesh","MJM 360? Rotating Bike Mobile Holder Stand for Motorcycle, Bicycle & Scooter Handlebar Phone Mount","PT05-BIKESTAND","Free Size","1","181.0","159.0","TP4DOEU05156010"
"DELIVERED","330404903557433280_1","508240986","2026-09-12","","Gujarat","MJM 360? Rotating Bike Mobile Holder Stand for Motorcycle, Bicycle & Scooter Handlebar Phone Mount","PT05-BIKESTAND","Free Size","1","200.0","200.0","TP4DOEU05156025"
"DELIVERED","330415533404523072_1","505105292","2026-09-13","","Uttar Pradesh","MJM Waterproof Mobile Pouch Combo Pack of 8 | Universal Touch Screen Phone Cover with Neck Strap, Triple Lock Waterproof Case for Swimming, Travel, Beach & Rain Protection","3lockrainpouch-8pc","Free Size","1","127.0","109.0","TP2CMEU02885735"
"DELIVERED","330537533754724032_1","508240986","2026-09-13","","Tamil Nadu","MJM 360? Rotating Bike Mobile Holder Stand for Motorcycle, Bicycle & Scooter Handlebar Phone Mount","PT05-BIKESTAND","Free Size","1","200.0","200.0","TP4DOEU05156001"
"DELIVERED","330548446288578624_1","508240986","2026-09-13","","West Bengal","MJM 360? Rotating Bike Mobile Holder Stand for Motorcycle, Bicycle & Scooter Handlebar Phone Mount","PT05-BIKESTAND","Free Size","1","200.0","178.0","TP4DOEU05156015"
"DELIVERED","330552820347865024_1","508240986","2026-09-13","","Odisha","MJM 360? Rotating Bike Mobile Holder Stand for Motorcycle, Bicycle & Scooter Handlebar Phone Mount","PT05-BIKESTAND","Free Size","1","181.0","181.0","TP4DOEU05156016"
"DELIVERED","330559776903038912_1","505105292","2026-09-13","","Tamil Nadu","MJM Waterproof Mobile Pouch Combo Pack of 8 | Universal Touch Screen Phone Cover with Neck Strap, Triple Lock Waterproof Case for Swimming, Travel, Beach & Rain Protection","3lockrainpouch-8pc","Free Size","1","127.0","109.0","TP2CMEU02885739"
"RTO_COMPLETE","330583530106424832_1","508573229","2026-09-13","","Karnataka","MJM Premium Metal Mobile Stand | 360? Rotation Adjustable Phone Holder | Foldable Desk Table Stand for Smartphone & Tablet","L396-STAND","Free Size","1","160.0","160.0","TP2CMEU02885744"
"DELIVERED","330609040173731328_1","508240986","2026-09-13","","Telangana","MJM 360? Rotating Bike Mobile Holder Stand for Motorcycle, Bicycle & Scooter Handlebar Phone Mount","PT05-BIKESTAND","Free Size","1","200.0","178.0","TP4DOEU05156037"
"DOOR_STEP_EXCHANGED","326334677287079488_1","508240986","2026-09-13","","Tamil Nadu","MJM 360? Rotating Bike Mobile Holder Stand for Motorcycle, Bicycle & Scooter Handlebar Phone Mount","PT05-BIKESTAND","Free Size","1","148.0","148.0","TP4DOEU05156027"
"DELIVERED","330625802621585600_1","508240986","2026-09-13","","Jharkhand","MJM 360? Rotating Bike Mobile Holder Stand for Motorcycle, Bicycle & Scooter Handlebar Phone Mount","PT05-BIKESTAND","Free Size","1","181.0","159.0","TP4DOEU05156033"
"DELIVERED","330629178335856576_1","508240986","2026-09-13","","Telangana","MJM 360? Rotating Bike Mobile Holder Stand for Motorcycle, Bicycle & Scooter Handlebar Phone Mount","PT05-BIKESTAND","Free Size","1","181.0","159.0","TP4DOEU05156020"
"DELIVERED","330637804756700672_1","508240986","2026-09-13","","Odisha","MJM 360? Rotating Bike Mobile Holder Stand for Motorcycle, Bicycle & Scooter Handlebar Phone Mount","PT05-BIKESTAND","Free Size","1","200.0","200.0","TP4DOEU05156003"
"DELIVERED","330643793362979008_1","508573229","2026-09-13","","Rajasthan","MJM Premium Metal Mobile Stand | 360? Rotation Adjustable Phone Holder | Foldable Desk Table Stand for Smartphone & Tablet","L396-STAND","Free Size","1","160.0","160.0","TP2CMEU02885742"
"DELIVERED","330647080720041920_1","508240986","2026-09-13","","Rajasthan","MJM 360? Rotating Bike Mobile Holder Stand for Motorcycle, Bicycle & Scooter Handlebar Phone Mount","PT05-BIKESTAND","Free Size","1","181.0","181.0","TP4DOEU05156036"
"DOOR_STEP_EXCHANGED","328412910112775424_1","508240986","2026-09-13","","Haryana","MJM 360? Rotating Bike Mobile Holder Stand for Motorcycle, Bicycle & Scooter Handlebar Phone Mount","PT05-BIKESTAND","Free Size","1","148.0","148.0","TP4DOEU05156026"
"DELIVERED","330686445244549312_1","508240986","2026-09-13","","Madhya Pradesh","MJM 360? Rotating Bike Mobile Holder Stand for Motorcycle, Bicycle & Scooter Handlebar Phone Mount","PT05-BIKESTAND","Free Size","1","200.0","200.0","TP4DOEU05156008"
"DELIVERED","330692672377474752_1","508240986","2026-09-13","","Gujarat","MJM 360? Rotating Bike Mobile Holder Stand for Motorcycle, Bicycle & Scooter Handlebar Phone Mount","PT05-BIKESTAND","Free Size","1","200.0","178.0","TP4DOEU05156011"
"CANCELLED","330707237097342912_1","508162782","2026-09-13","","Uttar Pradesh","MJM Crystal Pro Wireless Bluetooth Earbuds with Smart LED Display, 48H Playback, ENC Calling, Type-C Charging, Low Latency Gaming Earbuds","Crystalpro-black","Free Size","1","300.0","300.0",
"DELIVERED","330720650398420675_1","508240986","2026-09-13","","Uttar Pradesh","MJM 360? Rotating Bike Mobile Holder Stand for Motorcycle, Bicycle & Scooter Handlebar Phone Mount","PT05-BIKESTAND","Free Size","1","200.0","178.0","TP4DOEU05156005"
"DELIVERED","330726238322839233_1","508240986","2026-09-13","","Bihar","MJM 360? Rotating Bike Mobile Holder Stand for Motorcycle, Bicycle & Scooter Handlebar Phone Mount","PT05-BIKESTAND","Free Size","1","181.0","159.0","TP4DOEU05156004"
"DELIVERED","330727335644268480_1","505105292","2026-09-13","","Kerala","MJM Waterproof Mobile Pouch Combo Pack of 8 | Universal Touch Screen Phone Cover with Neck Strap, Triple Lock Waterproof Case for Swimming, Travel, Beach & Rain Protection","3lockrainpouch-8pc","Free Size","1","146.0","146.0","TP2CMEU02885741"
"DELIVERED","330727985132244288_1","508240986","2026-09-13","","Bihar","MJM 360? Rotating Bike Mobile Holder Stand for Motorcycle, Bicycle & Scooter Handlebar Phone Mount","PT05-BIKESTAND","Free Size","1","200.0","200.0","TP4DOEU05156007"
"DELIVERED","330729232346286144_1","505105292","2026-09-13","","Bihar","MJM Waterproof Mobile Pouch Combo Pack of 8 | Universal Touch Screen Phone Cover with Neck Strap, Triple Lock Waterproof Case for Swimming, Travel, Beach & Rain Protection","3lockrainpouch-8pc","Free Size","1","127.0","109.0","TP2CMEU02885738"
"DELIVERED","330735689661843392_1","508240986","2026-09-13","","Rajasthan","MJM 360? Rotating Bike Mobile Holder Stand for Motorcycle, Bicycle & Scooter Handlebar Phone Mount","PT05-BIKESTAND","Free Size","1","181.0","159.0","TP4DOEU05156019"
"RTO_COMPLETE","330760175182317504_1","508240986","2026-09-13","","Haryana","MJM 360? Rotating Bike Mobile Holder Stand for Motorcycle, Bicycle & Scooter Handlebar Phone Mount","PT05-BIKESTAND","Free Size","1","200.0","200.0","TP4DOEU05156035"
"DELIVERED","330797880130555584_1","508240986","2026-09-14","","Kerala","MJM 360? Rotating Bike Mobile Holder Stand for Motorcycle, Bicycle & Scooter Handlebar Phone Mount","PT05-BIKESTAND","Free Size","1","181.0","159.0","TP4DOEU05155991"
"CANCELLED","330932258151499840_1","505105292","2026-09-14","","Madhya Pradesh","MJM Waterproof Mobile Pouch Combo Pack of 8 | Universal Touch Screen Phone Cover with Neck Strap, Triple Lock Waterproof Case for Swimming, Travel, Beach & Rain Protection","3lockrainpouch-8pc","Free Size","1","127.0","127.0",
"DELIVERED","330942784915017024_1","508240986","2026-09-14","","Madhya Pradesh","MJM 360? Rotating Bike Mobile Holder Stand for Motorcycle, Bicycle & Scooter Handlebar Phone Mount","PT05-BIKESTAND","Free Size","1","200.0","178.0","TP4DOEU05156047"
"DELIVERED","330944052588873792_1","505105292","2026-09-14","","Uttarakhand","MJM Waterproof Mobile Pouch Combo Pack of 8 | Universal Touch Screen Phone Cover with Neck Strap, Triple Lock Waterproof Case for Swimming, Travel, Beach & Rain Protection","3lockrainpouch-8pc","Free Size","1","127.0","109.0","TP2CMEU02885745"
"DELIVERED","330961757257763008_1","508331258","2026-09-14","","Kerala","MJM Crystal Pro Wireless Bluetooth Earbuds with Smart LED Display, 18H Playback, ENC Calling, Type-C Charging, Low Latency Gaming Earbuds","Blackcrystlepro","Free Size","1","301.0","285.0","TP2CMEU02885748"
"DELIVERED","330966407290441408_1","508240986","2026-09-14","","Jharkhand","MJM 360? Rotating Bike Mobile Holder Stand for Motorcycle, Bicycle & Scooter Handlebar Phone Mount","PT05-BIKESTAND","Free Size","1","181.0","181.0","TP4DOEU05156049"
"DELIVERED","330977143902603456_1","508240986","2026-09-14","","Uttar Pradesh","MJM 360? Rotating Bike Mobile Holder Stand for Motorcycle, Bicycle & Scooter Handlebar Phone Mount","PT05-BIKESTAND","Free Size","1","181.0","159.0","TP4DOEU05156038"
"DELIVERED","330978429947512768_1","508240986","2026-09-14","","Punjab","MJM 360? Rotating Bike Mobile Holder Stand for Motorcycle, Bicycle & Scooter Handlebar Phone Mount","PT05-BIKESTAND","Free Size","1","200.0","178.0","TP4DOEU05156050"
"DELIVERED","330991320754982400_1","508240986","2026-09-14","","West Bengal","MJM 360? Rotating Bike Mobile Holder Stand for Motorcycle, Bicycle & Scooter Handlebar Phone Mount","PT05-BIKESTAND","Free Size","1","181.0","159.0","TP4DOEU05156051"
"DELIVERED","331016192566659008_1","508573229","2026-09-14","","Odisha","MJM Premium Metal Mobile Stand | 360? Rotation Adjustable Phone Holder | Foldable Desk Table Stand for Smartphone & Tablet","L396-STAND","Free Size","1","141.0","124.0","TP2CMEU02885746"
"RTO_COMPLETE","331036874641934272_1","508240986","2026-09-14","","Karnataka","MJM 360? Rotating Bike Mobile Holder Stand for Motorcycle, Bicycle & Scooter Handlebar Phone Mount","PT05-BIKESTAND","Free Size","1","200.0","200.0","TP4DOEU05156042"
"CANCELLED","328874426993777731_1","508240986","2026-09-14","","Uttar Pradesh","MJM 360? Rotating Bike Mobile Holder Stand for Motorcycle, Bicycle & Scooter Handlebar Phone Mount","PT05-BIKESTAND","Free Size","1","200.0","200.0",
"DELIVERED","331052598194243520_1","508240986","2026-09-14","","Rajasthan","MJM 360? Rotating Bike Mobile Holder Stand for Motorcycle, Bicycle & Scooter Handlebar Phone Mount","PT05-BIKESTAND","Free Size","1","181.0","159.0","TP4DOEU05156045"
"RTO_COMPLETE","331064137831843776_1","508240986","2026-09-14","","Gujarat","MJM 360? Rotating Bike Mobile Holder Stand for Motorcycle, Bicycle & Scooter Handlebar Phone Mount","PT05-BIKESTAND","Free Size","1","200.0","200.0","TP4DOEU05156043"
"DELIVERED","331066063432616000_1","508240986","2026-09-14","","Karnataka","MJM 360? Rotating Bike Mobile Holder Stand for Motorcycle, Bicycle & Scooter Handlebar Phone Mount","PT05-BIKESTAND","Free Size","1","200.0","200.0","TP4DOEU05156053"
"DELIVERED","331079921094264768_1","508240986","2026-09-14","","Uttar Pradesh","MJM 360? Rotating Bike Mobile Holder Stand for Motorcycle, Bicycle & Scooter Handlebar Phone Mount","PT05-BIKESTAND","Free Size","1","200.0","178.0","TP4DOEU05156048"
"DELIVERED","331086086578538688_1","508240986","2026-09-14","","Gujarat","MJM 360? Rotating Bike Mobile Holder Stand for Motorcycle, Bicycle & Scooter Handlebar Phone Mount","PT05-BIKESTAND","Free Size","1","181.0","159.0","TP4DOEU05156046"
"DELIVERED","331096817785786048_1","508240986","2026-09-14","","Gujarat","MJM 360? Rotating Bike Mobile Holder Stand for Motorcycle, Bicycle & Scooter Handlebar Phone Mount","PT05-BIKESTAND","Free Size","1","181.0","159.0","TP4DOEU05155989"
"DELIVERED","331105463319300288_1","508240986","2026-09-14","","Tamil Nadu","MJM 360? Rotating Bike Mobile Holder Stand for Motorcycle, Bicycle & Scooter Handlebar Phone Mount","PT05-BIKESTAND","Free Size","1","200.0","178.0","TP4DOEU05156030"
"DELIVERED","331114015283629760_1","508240986","2026-09-14","","Odisha","MJM 360? Rotating Bike Mobile Holder Stand for Motorcycle, Bicycle & Scooter Handlebar Phone Mount","PT05-BIKESTAND","Free Size","1","200.0","178.0","TP4DOEU05156052"
"DELIVERED","331136797517450752_1","508240986","2026-09-14","","Karnataka","MJM 360? Rotating Bike Mobile Holder Stand for Motorcycle, Bicycle & Scooter Handlebar Phone Mount","PT05-BIKESTAND","Free Size","1","200.0","178.0","TP4DOEU05156041"
"DELIVERED","331155383929702464_1","508240986","2026-09-15","","Tamil Nadu","MJM 360? Rotating Bike Mobile Holder Stand for Motorcycle, Bicycle & Scooter Handlebar Phone Mount","PT05-BIKESTAND","Free Size","1","181.0","159.0","TP4DOEU05156054"
"DELIVERED","331200323460171840_1","508240986","2026-09-15","","Bihar","MJM 360? Rotating Bike Mobile Holder Stand for Motorcycle, Bicycle & Scooter Handlebar Phone Mount","PT05-BIKESTAND","Free Size","1","181.0","159.0","TP4DOEU05156040"
"DELIVERED","331235091572754496_1","508240986","2026-09-15","","Odisha","MJM 360? Rotating Bike Mobile Holder Stand for Motorcycle, Bicycle & Scooter Handlebar Phone Mount","PT05-BIKESTAND","Free Size","1","181.0","181.0","TP4DOEU05156044"
"RTO_COMPLETE","331271376790259776_1","508240986","2026-09-15","","Jharkhand","MJM 360? Rotating Bike Mobile Holder Stand for Motorcycle, Bicycle & Scooter Handlebar Phone Mount","PT05-BIKESTAND","Free Size","1","200.0","200.0","TP4DOEU05156039"
"DELIVERED","331282204654472704_1","508573229","2026-09-15","","Uttar Pradesh","MJM Premium Metal Mobile Stand | 360? Rotation Adjustable Phone Holder | Foldable Desk Table Stand for Smartphone & Tablet","L396-STAND","Free Size","1","141.0","141.0","TP2CMEU02885747"
"DELIVERED","331285503105468480_1","508240986","2026-09-15","","Karnataka","MJM 360? Rotating Bike Mobile Holder Stand for Motorcycle, Bicycle & Scooter Handlebar Phone Mount","PT05-BIKESTAND","Free Size","1","181.0","159.0","TP4DOEU05156071"
"DELIVERED","331307611462209024_1","508240986","2026-09-15","","Nagaland","MJM 360? Rotating Bike Mobile Holder Stand for Motorcycle, Bicycle & Scooter Handlebar Phone Mount","PT05-BIKESTAND","Free Size","1","200.0","200.0","TP4DOEU05156072"
"CANCELLED","331316399741241280_1","505105292","2026-09-15","","Madhya Pradesh","MJM Waterproof Mobile Pouch Combo Pack of 8 | Universal Touch Screen Phone Cover with Neck Strap, Triple Lock Waterproof Case for Swimming, Travel, Beach & Rain Protection","3lockrainpouch-8pc","Free Size","1","146.0","128.0",
"RTO_COMPLETE","331316798489529856_1","508240986","2026-09-15","","Delhi","MJM 360? Rotating Bike Mobile Holder Stand for Motorcycle, Bicycle & Scooter Handlebar Phone Mount","PT05-BIKESTAND","Free Size","1","200.0","178.0","TP4DOEU05156068"
"DELIVERED","331319021332236224_1","505105292","2026-09-15","","Uttar Pradesh","MJM Waterproof Mobile Pouch Combo Pack of 8 | Universal Touch Screen Phone Cover with Neck Strap, Triple Lock Waterproof Case for Swimming, Travel, Beach & Rain Protection","3lockrainpouch-8pc","Free Size","1","146.0","128.0","TP2CMEU02885750"
"DELIVERED","331330294472148928_1","508240986","2026-09-15","","Uttar Pradesh","MJM 360? Rotating Bike Mobile Holder Stand for Motorcycle, Bicycle & Scooter Handlebar Phone Mount","PT05-BIKESTAND","Free Size","1","181.0","159.0","TP4DOEU05156074"
"DELIVERED","331331357631744192_1","505105292","2026-09-15","","Arunachal Pradesh","MJM Waterproof Mobile Pouch Combo Pack of 8 | Universal Touch Screen Phone Cover with Neck Strap, Triple Lock Waterproof Case for Swimming, Travel, Beach & Rain Protection","3lockrainpouch-8pc","Free Size","1","146.0","146.0","TP2CMEU02885752"
"DELIVERED","331334898317151936_1","508573229","2026-09-15","","Delhi","MJM Premium Metal Mobile Stand | 360? Rotation Adjustable Phone Holder | Foldable Desk Table Stand for Smartphone & Tablet","L396-STAND","Free Size","1","141.0","124.0","TP2CMEU02885754"
"RTO_COMPLETE","331336609386892608_1","508240986","2026-09-15","","Bihar","MJM 360? Rotating Bike Mobile Holder Stand for Motorcycle, Bicycle & Scooter Handlebar Phone Mount","PT05-BIKESTAND","Free Size","1","200.0","200.0","TP4DOEU05156057"
"DELIVERED","331347987023695360_1","508573229","2026-09-15","","Maharashtra","MJM Premium Metal Mobile Stand | 360? Rotation Adjustable Phone Holder | Foldable Desk Table Stand for Smartphone & Tablet","L396-STAND","Free Size","1","141.0","141.0","TP2CMEU02885755"
"DELIVERED","331361942391655936_1","508573229","2026-09-15","","West Bengal","MJM Premium Metal Mobile Stand | 360? Rotation Adjustable Phone Holder | Foldable Desk Table Stand for Smartphone & Tablet","L396-STAND","Free Size","1","141.0","124.0","TP2CMEU02885756"
"DELIVERED","331363431008864192_1","508240986","2026-09-15","","Tamil Nadu","MJM 360? Rotating Bike Mobile Holder Stand for Motorcycle, Bicycle & Scooter Handlebar Phone Mount","PT05-BIKESTAND","Free Size","1","200.0","200.0","TP4DOEU05156055"
"DELIVERED","331363595576577536_1","505105292","2026-09-15","","Uttar Pradesh","MJM Waterproof Mobile Pouch Combo Pack of 8 | Universal Touch Screen Phone Cover with Neck Strap, Triple Lock Waterproof Case for Swimming, Travel, Beach & Rain Protection","3lockrainpouch-8pc","Free Size","1","146.0","128.0","TP2CMEU02885749"
"DELIVERED","331376640751208512_1","508573229","2026-09-15","","Andhra Pradesh","MJM Premium Metal Mobile Stand | 360? Rotation Adjustable Phone Holder | Foldable Desk Table Stand for Smartphone & Tablet","L396-STAND","Free Size","1","160.0","143.0","TP2CMEU02885753"
"CANCELLED","331379799745792065_1","508240986","2026-09-15","","Uttar Pradesh","MJM 360? Rotating Bike Mobile Holder Stand for Motorcycle, Bicycle & Scooter Handlebar Phone Mount","PT05-BIKESTAND","Free Size","1","200.0","178.0",
"CANCELLED","331397316174316800_1","508240986","2026-09-15","","Haryana","MJM 360? Rotating Bike Mobile Holder Stand for Motorcycle, Bicycle & Scooter Handlebar Phone Mount","PT05-BIKESTAND","Free Size","1","200.0","200.0",
"DELIVERED","331411068441920193_1","508240986","2026-09-15","","Jharkhand","MJM 360? Rotating Bike Mobile Holder Stand for Motorcycle, Bicycle & Scooter Handlebar Phone Mount","PT05-BIKESTAND","Free Size","1","181.0","181.0","TP4DOEU05156076"
"DELIVERED","331421043226215808_1","508162782","2026-09-15","","Uttar Pradesh","MJM Crystal Pro Wireless Bluetooth Earbuds with Smart LED Display, 48H Playback, ENC Calling, Type-C Charging, Low Latency Gaming Earbuds","Crystalpro-black","Free Size","1","271.0","253.0","TP2CMEU02885757"
"DELIVERED","331424695819076864_1","508240986","2026-09-15","","Haryana","MJM 360? Rotating Bike Mobile Holder Stand for Motorcycle, Bicycle & Scooter Handlebar Phone Mount","PT05-BIKESTAND","Free Size","1","200.0","178.0","TP4DOEU05156070"
"DELIVERED","331442610962335104_1","508240986","2026-09-15","","Karnataka","MJM 360? Rotating Bike Mobile Holder Stand for Motorcycle, Bicycle & Scooter Handlebar Phone Mount","PT05-BIKESTAND","Free Size","1","181.0","159.0","TP4DOEU05156075"
"DELIVERED","331523903909692800_1","508240986","2026-09-16","","Uttar Pradesh","MJM 360? Rotating Bike Mobile Holder Stand for Motorcycle, Bicycle & Scooter Handlebar Phone Mount","PT05-BIKESTAND","Free Size","1","181.0","159.0","TP4DOEU05156073"
"DELIVERED","331546326017148224_1","513526730","2026-09-16","","Jharkhand","MJM 24 Pcs Silicone Cable Protector | Spiral Cable Saver for USB, Type C, Lightning & Earphone Cables | Anti Break Wire Protector","MJM-CP6-SMALL","Free Size","1","86.0","68.0","TP4DOEU05156058"
"RTO_COMPLETE","331599318397388032_1","508240986","2026-09-16","","Jharkhand","MJM 360? Rotating Bike Mobile Holder Stand for Motorcycle, Bicycle & Scooter Handlebar Phone Mount","PT05-BIKESTAND","Free Size","1","200.0","200.0","TP4DOEU05156059"
"DELIVERED","331620152243554496_1","508240986","2026-09-16","","Jharkhand","MJM 360? Rotating Bike Mobile Holder Stand for Motorcycle, Bicycle & Scooter Handlebar Phone Mount","PT05-BIKESTAND","Free Size","1","200.0","200.0","TP4DOEU05156063"
"DELIVERED","331635098848107136_1","508240986","2026-09-16","","Haryana","MJM 360? Rotating Bike Mobile Holder Stand for Motorcycle, Bicycle & Scooter Handlebar Phone Mount","PT05-BIKESTAND","Free Size","1","200.0","178.0","TP4DOEU05156069"
"CANCELLED","331655431567219328_1","508240986","2026-09-16","","Uttar Pradesh","MJM 360? Rotating Bike Mobile Holder Stand for Motorcycle, Bicycle & Scooter Handlebar Phone Mount","PT05-BIKESTAND","Free Size","1","181.0","159.0",
"DELIVERED","331665452291228928_1","508240986","2026-09-16","","Maharashtra","MJM 360? Rotating Bike Mobile Holder Stand for Motorcycle, Bicycle & Scooter Handlebar Phone Mount","PT05-BIKESTAND","Free Size","1","181.0","159.0","TP4DOEU05156067"
"DELIVERED","331678797274712256_1","508240986","2026-09-16","","Madhya Pradesh","MJM 360? Rotating Bike Mobile Holder Stand for Motorcycle, Bicycle & Scooter Handlebar Phone Mount","PT05-BIKESTAND","Free Size","1","200.0","200.0","TP4DOEU05156077"
"DELIVERED","331691488588498433_1","508240986","2026-09-16","","Gujarat","MJM 360? Rotating Bike Mobile Holder Stand for Motorcycle, Bicycle & Scooter Handlebar Phone Mount","PT05-BIKESTAND","Free Size","1","181.0","159.0","TP4DOEU05156061"
"DELIVERED","331701474556156544_1","508240986","2026-09-16","","Bihar","MJM 360? Rotating Bike Mobile Holder Stand for Motorcycle, Bicycle & Scooter Handlebar Phone Mount","PT05-BIKESTAND","Free Size","1","181.0","159.0","TP4DOEU05156078"
"DELIVERED","331714322543052160_1","508240986","2026-09-16","","Jharkhand","MJM 360? Rotating Bike Mobile Holder Stand for Motorcycle, Bicycle & Scooter Handlebar Phone Mount","PT05-BIKESTAND","Free Size","1","200.0","178.0","TP4DOEU05156060"
"DELIVERED","331715089862531712_1","508240986","2026-09-16","","Karnataka","MJM 360? Rotating Bike Mobile Holder Stand for Motorcycle, Bicycle & Scooter Handlebar Phone Mount","PT05-BIKESTAND","Free Size","1","200.0","200.0","TP4DOEU05156081"
"DELIVERED","331723574661776640_1","505105292","2026-09-16","","Tamil Nadu","MJM Waterproof Mobile Pouch Combo Pack of 8 | Universal Touch Screen Phone Cover with Neck Strap, Triple Lock Waterproof Case for Swimming, Travel, Beach & Rain Protection","3lockrainpouch-8pc","Free Size","1","146.0","146.0","TP2CMEU02885751"
"DELIVERED","331740738555779712_1","508240986","2026-09-16","","Madhya Pradesh","MJM 360? Rotating Bike Mobile Holder Stand for Motorcycle, Bicycle & Scooter Handlebar Phone Mount","PT05-BIKESTAND","Free Size","1","200.0","200.0","TP4DOEU05156080"
"DELIVERED","331762513774806336_1","508573229","2026-09-16","","Tamil Nadu","MJM Premium Metal Mobile Stand | 360? Rotation Adjustable Phone Holder | Foldable Desk Table Stand for Smartphone & Tablet","L396-STAND","Free Size","1","160.0","160.0","TP2CMEU02885759"
"DELIVERED","331773815775724800_1","508240986","2026-09-16","","Maharashtra","MJM 360? Rotating Bike Mobile Holder Stand for Motorcycle, Bicycle & Scooter Handlebar Phone Mount","PT05-BIKESTAND","Free Size","1","200.0","200.0","TP4DOEU05156082"
"DELIVERED","331783715339798720_1","508240986","2026-09-16","","Jharkhand","MJM 360? Rotating Bike Mobile Holder Stand for Motorcycle, Bicycle & Scooter Handlebar Phone Mount","PT05-BIKESTAND","Free Size","1","200.0","178.0","TP4DOEU05156065"
"DELIVERED","331809459404053120_1","508573229","2026-09-16","","Uttar Pradesh","MJM Premium Metal Mobile Stand | 360? Rotation Adjustable Phone Holder | Foldable Desk Table Stand for Smartphone & Tablet","L396-STAND","Free Size","1","160.0","143.0","TP2CMEU02885761"
"DELIVERED","331830382487307520_1","508240986","2026-09-16","","Bihar","MJM 360? Rotating Bike Mobile Holder Stand for Motorcycle, Bicycle & Scooter Handlebar Phone Mount","PT05-BIKESTAND","Free Size","1","200.0","200.0","TP4DOEU05156056"
"DELIVERED","331841076608670336_1","508573229","2026-09-16","","Gujarat","MJM Premium Metal Mobile Stand | 360? Rotation Adjustable Phone Holder | Foldable Desk Table Stand for Smartphone & Tablet","L396-STAND","Free Size","1","160.0","160.0","TP2CMEU02885760"
"SHIPPED","331841925916559552_1","508573229","2026-09-16","","Andaman and Nicobar Islands","MJM Premium Metal Mobile Stand | 360? Rotation Adjustable Phone Holder | Foldable Desk Table Stand for Smartphone & Tablet","L396-STAND","Free Size","1","160.0","143.0","TP2CMEU02885758"
"DELIVERED","331851267654976768_1","508240986","2026-09-16","","Tamil Nadu","MJM 360? Rotating Bike Mobile Holder Stand for Motorcycle, Bicycle & Scooter Handlebar Phone Mount","PT05-BIKESTAND","Free Size","1","200.0","178.0","TP4DOEU05156079"
"DELIVERED","331860231562102080_1","508240986","2026-09-16","","Tamil Nadu","MJM 360? Rotating Bike Mobile Holder Stand for Motorcycle, Bicycle & Scooter Handlebar Phone Mount","PT05-BIKESTAND","Free Size","1","200.0","200.0","TP4DOEU05156064"
"DELIVERED","331865670513231232_1","508240986","2026-09-17","","Odisha","MJM 360? Rotating Bike Mobile Holder Stand for Motorcycle, Bicycle & Scooter Handlebar Phone Mount","PT05-BIKESTAND","Free Size","1","200.0","178.0","TP4DOEU05156062"
"DELIVERED","331996999905085632_1","508573229","2026-09-17","","Uttar Pradesh","MJM Premium Metal Mobile Stand | 360? Rotation Adjustable Phone Holder | Foldable Desk Table Stand for Smartphone & Tablet","L396-STAND","Free Size","1","160.0","160.0","TP2CMEU02885762"
"RTO_COMPLETE","332000612840801600_1","508240986","2026-09-17","","Delhi","MJM 360? Rotating Bike Mobile Holder Stand for Motorcycle, Bicycle & Scooter Handlebar Phone Mount","PT05-BIKESTAND","Free Size","1","200.0","200.0","TP4DOEU05156066"
"DELIVERED","332009197020809408_1","573920273","2026-09-17","","Karnataka","MJM Rainproof Motorcycle Mobile Holder 360? Rotatable Phone Mount with 270? Adjustable Arm | Rain Water Protection | For Navigation, GPS & Delivery Riders","MJM-MOTO-WP360","Free Size","1","319.0","319.0","TP5CPEU07802106"
"DELIVERED","332034978434418177_1","508573229","2026-09-17","","Arunachal Pradesh","MJM Premium Metal Mobile Stand | 360? Rotation Adjustable Phone Holder | Foldable Desk Table Stand for Smartphone & Tablet","L396-STAND","Free Size","1","160.0","160.0","TP2CMEU02885765"
"DELIVERED","332041789862479232_1","508240986","2026-09-17","","Odisha","MJM 360? Rotating Bike Mobile Holder Stand for Motorcycle, Bicycle & Scooter Handlebar Phone Mount","PT05-BIKESTAND","Free Size","1","181.0","159.0","TP15FAE01784379"
"DELIVERED","332063967605589312_1","508240986","2026-09-17","","Kerala","MJM 360? Rotating Bike Mobile Holder Stand for Motorcycle, Bicycle & Scooter Handlebar Phone Mount","PT05-BIKESTAND","Free Size","1","181.0","159.0","TP15FAE01784387"
"DELIVERED","332066301341501632_1","508240986","2026-09-17","","Uttar Pradesh","MJM 360? Rotating Bike Mobile Holder Stand for Motorcycle, Bicycle & Scooter Handlebar Phone Mount","PT05-BIKESTAND","Free Size","1","200.0","178.0","TP15FAE01784384"
"RTO_COMPLETE","332077930385808000_1","508240986","2026-09-17","","Jharkhand","MJM 360? Rotating Bike Mobile Holder Stand for Motorcycle, Bicycle & Scooter Handlebar Phone Mount","PT05-BIKESTAND","Free Size","1","181.0","181.0","TP15FAE01784382"
"DELIVERED","332100286046176512_1","508240986","2026-09-17","","Tamil Nadu","MJM 360? Rotating Bike Mobile Holder Stand for Motorcycle, Bicycle & Scooter Handlebar Phone Mount","PT05-BIKESTAND","Free Size","1","181.0","159.0","TP15FAE01784380"
"CANCELLED","332109013402944832_1","508240986","2026-09-17","","Bihar","MJM 360? Rotating Bike Mobile Holder Stand for Motorcycle, Bicycle & Scooter Handlebar Phone Mount","PT05-BIKESTAND","Free Size","1","181.0","181.0",
"RTO_COMPLETE","332109617646961920_1","508240986","2026-09-17","","Punjab","MJM 360? Rotating Bike Mobile Holder Stand for Motorcycle, Bicycle & Scooter Handlebar Phone Mount","PT05-BIKESTAND","Free Size","1","200.0","200.0","TP4DOEU05156084"
"RTO_COMPLETE","332158003852519040_1","508240986","2026-09-17","","West Bengal","MJM 360? Rotating Bike Mobile Holder Stand for Motorcycle, Bicycle & Scooter Handlebar Phone Mount","PT05-BIKESTAND","Free Size","1","200.0","200.0","TP15FAE01784385"
"CANCELLED","332172124419951873_1","508162782","2026-09-17","","Uttar Pradesh","MJM Crystal Pro Wireless Bluetooth Earbuds with Smart LED Display, 48H Playback, ENC Calling, Type-C Charging, Low Latency Gaming Earbuds","Crystalpro-black","Free Size","1","300.0","282.0",
"DELIVERED","332172599395519745_1","508573229","2026-09-17","","Maharashtra","MJM Premium Metal Mobile Stand | 360? Rotation Adjustable Phone Holder | Foldable Desk Table Stand for Smartphone & Tablet","L396-STAND","Free Size","1","141.0","124.0","TP2CMEU02885767"
"DELIVERED","332178503536905600_1","508240986","2026-09-17","","Jammu & Kashmir","MJM 360? Rotating Bike Mobile Holder Stand for Motorcycle, Bicycle & Scooter Handlebar Phone Mount","PT05-BIKESTAND","Free Size","1","200.0","178.0","TP4DOEU05156083"
"RTO_COMPLETE","332190077388362688_1","508573229","2026-09-17","","Gujarat","MJM Premium Metal Mobile Stand | 360? Rotation Adjustable Phone Holder | Foldable Desk Table Stand for Smartphone & Tablet","L396-STAND","Free Size","1","160.0","143.0","TP2CMEU02885763"
"DELIVERED","332204620137192576_1","508573229","2026-09-17","","West Bengal","MJM Premium Metal Mobile Stand | 360? Rotation Adjustable Phone Holder | Foldable Desk Table Stand for Smartphone & Tablet","L396-STAND","Free Size","1","160.0","143.0","TP2CMEU02885768"
"SHIPPED","332267240800162752_1","511487094","2026-09-18","","Karnataka","MJM Airdopes Prime TWS Earbuds Bluetooth 5.4 Wireless Earbuds with Deep Bass, HD Calling, Type-C Charging & 18 Hours Playback - Black","MJM-AIRDOPES-PRIME-BLACK","Free Size","1","300.0","300.0","TP2CMEU02885764"
"DELIVERED","332311376405115008_1","508240986","2026-09-18","","Madhya Pradesh","MJM 360? Rotating Bike Mobile Holder Stand for Motorcycle, Bicycle & Scooter Handlebar Phone Mount","PT05-BIKESTAND","Free Size","1","200.0","178.0","TP15FAE01784378"
"DELIVERED","332324882259283200_1","508240986","2026-09-18","","Karnataka","MJM 360? Rotating Bike Mobile Holder Stand for Motorcycle, Bicycle & Scooter Handlebar Phone Mount","PT05-BIKESTAND","Free Size","1","200.0","178.0","TP15FAE01784383"
"RTO_COMPLETE","332357041793181312_1","508240986","2026-09-18","","Maharashtra","MJM 360? Rotating Bike Mobile Holder Stand for Motorcycle, Bicycle & Scooter Handlebar Phone Mount","PT05-BIKESTAND","Free Size","1","200.0","200.0","TP15FAE01784377"
"CANCELLED","332359534671990016_1","508240986","2026-09-18","","Telangana","MJM 360? Rotating Bike Mobile Holder Stand for Motorcycle, Bicycle & Scooter Handlebar Phone Mount","PT05-BIKESTAND","Free Size","1","181.0","159.0",
"DELIVERED","332363332484424576_1","508573229","2026-09-18","","Delhi","MJM Premium Metal Mobile Stand | 360? Rotation Adjustable Phone Holder | Foldable Desk Table Stand for Smartphone & Tablet","L396-STAND","Free Size","1","160.0","160.0","TP2CMEU02885766"
"RTO_COMPLETE","332364827854277888_1","508240986","2026-09-18","","Uttar Pradesh","MJM 360? Rotating Bike Mobile Holder Stand for Motorcycle, Bicycle & Scooter Handlebar Phone Mount","PT05-BIKESTAND","Free Size","1","181.0","181.0","TP15FAE01784386"
"DELIVERED","332379236740666304_1","508240986","2026-09-18","","West Bengal","MJM 360? Rotating Bike Mobile Holder Stand for Motorcycle, Bicycle & Scooter Handlebar Phone Mount","PT05-BIKESTAND","Free Size","1","181.0","181.0","TP15FAE01784300"
"DELIVERED","332387486052561024_1","508240986","2026-09-18","","Bihar","MJM 360? Rotating Bike Mobile Holder Stand for Motorcycle, Bicycle & Scooter Handlebar Phone Mount","PT05-BIKESTAND","Free Size","1","200.0","178.0","TP15FAE01784309"
"DELIVERED","332394202473598208_1","505105292","2026-09-18","","Haryana","MJM Waterproof Mobile Pouch Combo Pack of 8 | Universal Touch Screen Phone Cover with Neck Strap, Triple Lock Waterproof Case for Swimming, Travel, Beach & Rain Protection","3lockrainpouch-8pc","Free Size","1","127.0","109.0","TP2OMEU01095680"
"CANCELLED","332410001574630336_1","508240986","2026-09-18","","Haryana","MJM 360? Rotating Bike Mobile Holder Stand for Motorcycle, Bicycle & Scooter Handlebar Phone Mount","PT05-BIKESTAND","Free Size","1","200.0","178.0",
"DELIVERED","332411779779831424_1","508573229","2026-09-18","","Bihar","MJM Premium Metal Mobile Stand | 360? Rotation Adjustable Phone Holder | Foldable Desk Table Stand for Smartphone & Tablet","L396-STAND","Free Size","1","160.0","143.0","TP2CMEU02885770"
"DELIVERED","332421940098929600_1","511488761","2026-09-18","","Jharkhand","MJM Airdopes Prime TWS Earbuds Bluetooth 5.4 Wireless Earbuds with Deep Bass, HD Calling, Type-C Charging & 18 Hours Playback - Blue","MJM-AIRDOPES-PRIME-BLUE","Free Size","1","300.0","300.0","TP2CMEU02000770"
"DELIVERED","332429678618250496_1","508240986","2026-09-18","","Kerala","MJM 360? Rotating Bike Mobile Holder Stand for Motorcycle, Bicycle & Scooter Handlebar Phone Mount","PT05-BIKESTAND","Free Size","1","200.0","178.0","TP15FAE01784293"
"DELIVERED","332432857495679104_1","508240986","2026-09-18","","Rajasthan","MJM 360? Rotating Bike Mobile Holder Stand for Motorcycle, Bicycle & Scooter Handlebar Phone Mount","PT05-BIKESTAND","Free Size","1","181.0","159.0","TP15FAE01784294"
"DELIVERED","332434223232099968_1","508240986","2026-09-18","","Uttar Pradesh","MJM 360? Rotating Bike Mobile Holder Stand for Motorcycle, Bicycle & Scooter Handlebar Phone Mount","PT05-BIKESTAND","Free Size","1","181.0","159.0","TP15FAE01784306"
"DELIVERED","332435352578076800_1","508573229","2026-09-18","","Gujarat","MJM Premium Metal Mobile Stand | 360? Rotation Adjustable Phone Holder | Foldable Desk Table Stand for Smartphone & Tablet","L396-STAND","Free Size","1","141.0","124.0","TP2CMEU02885771"
"DELIVERED","332437294161497344_1","511491324","2026-09-18","","Gujarat","MJM Airdopes Prime TWS Earbuds Bluetooth 5.4 Wireless Earbuds with Deep Bass, HD Calling, Type-C Charging & 18 Hours Playback - Green","MJM-AIRDOPES-PRIME-GREEN","Free Size","1","271.0","271.0","TP2CMEU02885780"
"DELIVERED","332439880002089088_1","508240986","2026-09-18","","Bihar","MJM 360? Rotating Bike Mobile Holder Stand for Motorcycle, Bicycle & Scooter Handlebar Phone Mount","PT05-BIKESTAND","Free Size","1","200.0","178.0","TP15FAE01784296"
"RTO_LOCKED","332449912718536832_1","508240986","2026-09-18","","Uttar Pradesh","MJM 360? Rotating Bike Mobile Holder Stand for Motorcycle, Bicycle & Scooter Handlebar Phone Mount","PT05-BIKESTAND","Free Size","1","200.0","200.0","TP15FAE01784315"
"DELIVERED","332453914519835584_1","511487094","2026-09-18","","Maharashtra","MJM Airdopes Prime TWS Earbuds Bluetooth 5.4 Wireless Earbuds with Deep Bass, HD Calling, Type-C Charging & 18 Hours Playback - Black","MJM-AIRDOPES-PRIME-BLACK","Free Size","1","300.0","282.0","TP2CMEU02885773"
"RTO_COMPLETE","332455333805200320_1","511488761","2026-09-18","","Uttar Pradesh","MJM Airdopes Prime TWS Earbuds Bluetooth 5.4 Wireless Earbuds with Deep Bass, HD Calling, Type-C Charging & 18 Hours Playback - Blue","MJM-AIRDOPES-PRIME-BLUE","Free Size","1","300.0","300.0","TP2CMEU02885776"
"DELIVERED","332460990903596800_1","511487094","2026-09-18","","Bihar","MJM Airdopes Prime TWS Earbuds Bluetooth 5.4 Wireless Earbuds with Deep Bass, HD Calling, Type-C Charging & 18 Hours Playback - Black","MJM-AIRDOPES-PRIME-BLACK","Free Size","1","300.0","300.0","TP2CMEU02885775"
"CANCELLED","332461435405110528_1","511491324","2026-09-18","","Uttar Pradesh","MJM Airdopes Prime TWS Earbuds Bluetooth 5.4 Wireless Earbuds with Deep Bass, HD Calling, Type-C Charging & 18 Hours Playback - Green","MJM-AIRDOPES-PRIME-GREEN","Free Size","1","271.0","271.0","TP2CMEU02885779"
"RTO_COMPLETE","332465060614280128_1","508240986","2026-09-18","","Andhra Pradesh","MJM 360? Rotating Bike Mobile Holder Stand for Motorcycle, Bicycle & Scooter Handlebar Phone Mount","PT05-BIKESTAND","Free Size","1","200.0","200.0","TP15FAE01784305"
"CANCELLED","332465573024936064_1","508240986","2026-09-18","","West Bengal","MJM 360? Rotating Bike Mobile Holder Stand for Motorcycle, Bicycle & Scooter Handlebar Phone Mount","PT05-BIKESTAND","Free Size","1","181.0","159.0",
"RTO_COMPLETE","332467417189693184_1","511488761","2026-09-18","","Rajasthan","MJM Airdopes Prime TWS Earbuds Bluetooth 5.4 Wireless Earbuds with Deep Bass, HD Calling, Type-C Charging & 18 Hours Playback - Blue","MJM-AIRDOPES-PRIME-BLUE","Free Size","1","300.0","300.0","TP2CMEU02885777"
"DELIVERED","332471399788876736_1","508240986","2026-09-18","","Haryana","MJM 360? Rotating Bike Mobile Holder Stand for Motorcycle, Bicycle & Scooter Handlebar Phone Mount","PT05-BIKESTAND","Free Size","1","200.0","178.0","TP15FAE01784295"
"DELIVERED","332477419647843648_1","508240986","2026-09-18","","West Bengal","MJM 360? Rotating Bike Mobile Holder Stand for Motorcycle, Bicycle & Scooter Handlebar Phone Mount","PT05-BIKESTAND","Free Size","1","200.0","178.0","TP15FAE01784297"
"CANCELLED","332494706686277440_1","511491324","2026-09-18","","Uttar Pradesh","MJM Airdopes Prime TWS Earbuds Bluetooth 5.4 Wireless Earbuds with Deep Bass, HD Calling, Type-C Charging & 18 Hours Playback - Green","MJM-AIRDOPES-PRIME-GREEN","Free Size","1","271.0","253.0",
"RTO_LOCKED","332497377478251648_1","508240986","2026-09-18","","Andhra Pradesh","MJM 360? Rotating Bike Mobile Holder Stand for Motorcycle, Bicycle & Scooter Handlebar Phone Mount","PT05-BIKESTAND","Free Size","1","200.0","200.0","TP15FAE01784289"
"DELIVERED","332497652127284608_1","508240986","2026-09-18","","Telangana","MJM 360? Rotating Bike Mobile Holder Stand for Motorcycle, Bicycle & Scooter Handlebar Phone Mount","PT05-BIKESTAND","Free Size","1","200.0","200.0","TP15FAE01784381"
"DELIVERED","332498288273177920_1","508240986","2026-09-18","","Jharkhand","MJM 360? Rotating Bike Mobile Holder Stand for Motorcycle, Bicycle & Scooter Handlebar Phone Mount","PT05-BIKESTAND","Free Size","1","200.0","178.0","TP15FAE01784292"
"CANCELLED","332500941405339008_1","511491324","2026-09-18","","Uttar Pradesh","MJM Airdopes Prime TWS Earbuds Bluetooth 5.4 Wireless Earbuds with Deep Bass, HD Calling, Type-C Charging & 18 Hours Playback - Green","MJM-AIRDOPES-PRIME-GREEN","Free Size","1","271.0","271.0",
"DELIVERED","332509438029249856_1","508240986","2026-09-18","","Karnataka","MJM 360? Rotating Bike Mobile Holder Stand for Motorcycle, Bicycle & Scooter Handlebar Phone Mount","PT05-BIKESTAND","Free Size","1","200.0","178.0","TP15FAE01784288"
"DELIVERED","332512795402417984_1","508240986","2026-09-18","","Maharashtra","MJM 360? Rotating Bike Mobile Holder Stand for Motorcycle, Bicycle & Scooter Handlebar Phone Mount","PT05-BIKESTAND","Free Size","1","200.0","200.0","TP15FAE01784298"
"DELIVERED","332513601026964864_1","511487094","2026-09-18","","Andhra Pradesh","MJM Airdopes Prime TWS Earbuds Bluetooth 5.4 Wireless Earbuds with Deep Bass, HD Calling, Type-C Charging & 18 Hours Playback - Black","MJM-AIRDOPES-PRIME-BLACK","Free Size","1","300.0","282.0","TP2CMEU02885774"
"DELIVERED","332520652788645184_1","508240986","2026-09-18","","Gujarat","MJM 360? Rotating Bike Mobile Holder Stand for Motorcycle, Bicycle & Scooter Handlebar Phone Mount","PT05-BIKESTAND","Free Size","1","200.0","178.0","TP15FAE01784302"
"DELIVERED","332523533726627776_1","508240986","2026-09-18","","West Bengal","MJM 360? Rotating Bike Mobile Holder Stand for Motorcycle, Bicycle & Scooter Handlebar Phone Mount","PT05-BIKESTAND","Free Size","1","181.0","159.0","TP15FAE01784314"
"DELIVERED","332531333533449536_1","508240986","2026-09-18","","Rajasthan","MJM 360? Rotating Bike Mobile Holder Stand for Motorcycle, Bicycle & Scooter Handlebar Phone Mount","PT05-BIKESTAND","Free Size","1","200.0","178.0","TP15FAE01784303"
"RTO_LOCKED","332532990308695296_1","508240986","2026-09-18","","Kerala","MJM 360? Rotating Bike Mobile Holder Stand for Motorcycle, Bicycle & Scooter Handlebar Phone Mount","PT05-BIKESTAND","Free Size","1","200.0","200.0","TP15FAE01784307"
"CANCELLED","332548541677025088_1","508162782","2026-09-18","","Assam","MJM Crystal Pro Wireless Bluetooth Earbuds with Smart LED Display, 48H Playback, ENC Calling, Type-C Charging, Low Latency Gaming Earbuds","Crystalpro-black","Free Size","1","300.0","300.0",
"DELIVERED","332551718660978624_1","511491324","2026-09-18","","Bihar","MJM Airdopes Prime TWS Earbuds Bluetooth 5.4 Wireless Earbuds with Deep Bass, HD Calling, Type-C Charging & 18 Hours Playback - Green","MJM-AIRDOPES-PRIME-GREEN","Free Size","1","300.0","300.0","TP2CMEU02885778"
"DELIVERED","332565934975911104_1","508240986","2026-09-18","","Punjab","MJM 360? Rotating Bike Mobile Holder Stand for Motorcycle, Bicycle & Scooter Handlebar Phone Mount","PT05-BIKESTAND","Free Size","1","200.0","178.0","TP15FAE01784301"
"RTO_COMPLETE","332569487032144768_1","508240986","2026-09-18","","Telangana","MJM 360? Rotating Bike Mobile Holder Stand for Motorcycle, Bicycle & Scooter Handlebar Phone Mount","PT05-BIKESTAND","Free Size","1","181.0","159.0","TP15FAE01784313"
"DELIVERED","332569740980474816_1","508240986","2026-09-18","","Rajasthan","MJM 360? Rotating Bike Mobile Holder Stand for Motorcycle, Bicycle & Scooter Handlebar Phone Mount","PT05-BIKESTAND","Free Size","1","181.0","181.0","TP15FAE01784311"
"CANCELLED","332574572244063104_1","573920273","2026-09-18","","Maharashtra","MJM Rainproof Motorcycle Mobile Holder 360? Rotatable Phone Mount with 270? Adjustable Arm | Rain Water Protection | For Navigation, GPS & Delivery Riders","MJM-MOTO-WP360","Free Size","1","319.0","319.0",
"DELIVERED","332582025509911808_1","508573229","2026-09-18","","West Bengal","MJM Premium Metal Mobile Stand | 360? Rotation Adjustable Phone Holder | Foldable Desk Table Stand for Smartphone & Tablet","L396-STAND","Free Size","1","141.0","124.0","TP2CMEU02885772"
"RTO_LOCKED","332606011593413376_1","508240986","2026-09-19","","Karnataka","MJM 360? Rotating Bike Mobile Holder Stand for Motorcycle, Bicycle & Scooter Handlebar Phone Mount","PT05-BIKESTAND","Free Size","1","200.0","178.0","TP15FAE01784291"
"RTO_LOCKED","332617456733344576_1","508162782","2026-09-19","","Haryana","MJM Crystal Pro Wireless Bluetooth Earbuds with Smart LED Display, 48H Playback, ENC Calling, Type-C Charging, Low Latency Gaming Earbuds","Crystalpro-black","Free Size","1","271.0","244.0","TP2CMEU02885769"
"RTO_COMPLETE","332676372384353216_1","573920273","2026-09-19","","Bihar","MJM Rainproof Motorcycle Mobile Holder 360? Rotatable Phone Mount with 270? Adjustable Arm | Rain Water Protection | For Navigation, GPS & Delivery Riders","MJM-MOTO-WP360","Free Size","1","319.0","319.0","TP5CPEU07802108"
"DELIVERED","332705991269005248_1","508240986","2026-09-19","","Chhattisgarh","MJM 360? Rotating Bike Mobile Holder Stand for Motorcycle, Bicycle & Scooter Handlebar Phone Mount","PT05-BIKESTAND","Free Size","1","200.0","200.0","TP15FAE01784310"
"RTO_COMPLETE","332711945289054144_1","508240986","2026-09-19","","Rajasthan","MJM 360? Rotating Bike Mobile Holder Stand for Motorcycle, Bicycle & Scooter Handlebar Phone Mount","PT05-BIKESTAND","Free Size","1","181.0","181.0","TP15FAE01784312"
"DELIVERED","332713211452150529_1","508240986","2026-09-19","","Jharkhand","MJM 360? Rotating Bike Mobile Holder Stand for Motorcycle, Bicycle & Scooter Handlebar Phone Mount","PT05-BIKESTAND","Free Size","1","200.0","200.0","TP15FAE01784290"
"RTO_DELIVERY_FAILED","332718758599769344_1","508240986","2026-09-19","","Uttar Pradesh","MJM 360? Rotating Bike Mobile Holder Stand for Motorcycle, Bicycle & Scooter Handlebar Phone Mount","PT05-BIKESTAND","Free Size","1","200.0","200.0","TP15FAE01784304"
"DELIVERED","332724246306705984_1","508240986","2026-09-19","","Delhi","MJM 360? Rotating Bike Mobile Holder Stand for Motorcycle, Bicycle & Scooter Handlebar Phone Mount","PT05-BIKESTAND","Free Size","1","181.0","159.0","TP15FAE01784308"
"CANCELLED","332737785145283328_1","508573229","2026-09-19","","Madhya Pradesh","MJM Premium Metal Mobile Stand | 360? Rotation Adjustable Phone Holder | Foldable Desk Table Stand for Smartphone & Tablet","L396-STAND","Free Size","1","160.0","144.0",
"DELIVERED","332747064469705280_1","508240986","2026-09-19","","Kerala","MJM 360? Rotating Bike Mobile Holder Stand for Motorcycle, Bicycle & Scooter Handlebar Phone Mount","PT05-BIKESTAND","Free Size","1","181.0","159.0","TP15FAE01784316"
"CANCELLED","332757506552976192_1","508240986","2026-09-19","","Punjab","MJM 360? Rotating Bike Mobile Holder Stand for Motorcycle, Bicycle & Scooter Handlebar Phone Mount","PT05-BIKESTAND","Free Size","1","181.0","181.0",
"DELIVERED","332761278092104640_1","508876433","2026-09-19","","Maharashtra","MJM Crystal Pro Wireless Bluetooth Earbuds TWS | 18H Playtime | Bluetooth 5.4 | Type-C Charging | IPX4 Water Resistant Earphones","MJM-CP18-BTB54","Free Size","1","301.0","271.0","TP2OMEU01095685"
"DELIVERED","332764142496364480_1","508240986","2026-09-19","","Assam","MJM 360? Rotating Bike Mobile Holder Stand for Motorcycle, Bicycle & Scooter Handlebar Phone Mount","PT05-BIKESTAND","Free Size","1","200.0","200.0","TP15FAE01784350"
"RTO_COMPLETE","332765168847378048_1","508240986","2026-09-19","","Haryana","MJM 360? Rotating Bike Mobile Holder Stand for Motorcycle, Bicycle & Scooter Handlebar Phone Mount","PT05-BIKESTAND","Free Size","1","181.0","181.0","TP15FAE01784338"
"DELIVERED","332766285579599168_1","508240986","2026-09-19","","West Bengal","MJM 360? Rotating Bike Mobile Holder Stand for Motorcycle, Bicycle & Scooter Handlebar Phone Mount","PT05-BIKESTAND","Free Size","1","181.0","159.0","TP15FAE01784346"
"DELIVERED","332768132268512192_1","508240986","2026-09-19","","Telangana","MJM 360? Rotating Bike Mobile Holder Stand for Motorcycle, Bicycle & Scooter Handlebar Phone Mount","PT05-BIKESTAND","Free Size","1","200.0","178.0","TP15FAE01784322"
"DELIVERED","332772128555449600_1","508240986","2026-09-19","","Assam","MJM 360? Rotating Bike Mobile Holder Stand for Motorcycle, Bicycle & Scooter Handlebar Phone Mount","PT05-BIKESTAND","Free Size","1","200.0","200.0","TP15FAE01784344"
"DELIVERED","332799937524972928_1","508240986","2026-09-19","","West Bengal","MJM 360? Rotating Bike Mobile Holder Stand for Motorcycle, Bicycle & Scooter Handlebar Phone Mount","PT05-BIKESTAND","Free Size","1","200.0","178.0","TP15FAE01784354"
"RTO_LOCKED","332799973629318080_1","573920273","2026-09-19","","West Bengal","MJM Rainproof Motorcycle Mobile Holder 360? Rotatable Phone Mount with 270? Adjustable Arm | Rain Water Protection | For Navigation, GPS & Delivery Riders","MJM-MOTO-WP360","Free Size","1","319.0","319.0","TP5CPEU07802110"
"DELIVERED","332803118871002496_1","508240986","2026-09-19","","West Bengal","MJM 360? Rotating Bike Mobile Holder Stand for Motorcycle, Bicycle & Scooter Handlebar Phone Mount","PT05-BIKESTAND","Free Size","1","200.0","200.0","TP15FAE01784321"
"DELIVERED","332813183795286784_1","508240986","2026-09-19","","Tamil Nadu","MJM 360? Rotating Bike Mobile Holder Stand for Motorcycle, Bicycle & Scooter Handlebar Phone Mount","PT05-BIKESTAND","Free Size","1","200.0","178.0","TP15FAE01784318"
"CANCELLED","332820001968601024_1","573920273","2026-09-19","","Tamil Nadu","MJM Rainproof Motorcycle Mobile Holder 360? Rotatable Phone Mount with 270? Adjustable Arm | Rain Water Protection | For Navigation, GPS & Delivery Riders","MJM-MOTO-WP360","Free Size","1","297.0","297.0",
"DELIVERED","332821598852567936_1","508573229","2026-09-19","","Madhya Pradesh","MJM Premium Metal Mobile Stand | 360? Rotation Adjustable Phone Holder | Foldable Desk Table Stand for Smartphone & Tablet","L396-STAND","Free Size","1","160.0","144.0","TP2OMEU01095689"
"CANCELLED","332821941250604352_1","508573229","2026-09-19","","Maharashtra","MJM Premium Metal Mobile Stand | 360? Rotation Adjustable Phone Holder | Foldable Desk Table Stand for Smartphone & Tablet","L396-STAND","Free Size","1","160.0","129.0",
"CANCELLED","332824570688918400_1","508240986","2026-09-19","","Maharashtra","MJM 360? Rotating Bike Mobile Holder Stand for Motorcycle, Bicycle & Scooter Handlebar Phone Mount","PT05-BIKESTAND","Free Size","1","181.0","181.0",
"DELIVERED","332839938820912960_1","508240986","2026-09-19","","West Bengal","MJM 360? Rotating Bike Mobile Holder Stand for Motorcycle, Bicycle & Scooter Handlebar Phone Mount","PT05-BIKESTAND","Free Size","1","181.0","159.0","TP15FAE01784337"
"DELIVERED","332858434584218560_1","508240986","2026-09-19","","Gujarat","MJM 360? Rotating Bike Mobile Holder Stand for Motorcycle, Bicycle & Scooter Handlebar Phone Mount","PT05-BIKESTAND","Free Size","1","181.0","159.0","TP15FAE01784349"
"DELIVERED","332859180529439488_1","508240986","2026-09-19","","Kerala","MJM 360? Rotating Bike Mobile Holder Stand for Motorcycle, Bicycle & Scooter Handlebar Phone Mount","PT05-BIKESTAND","Free Size","1","181.0","159.0","TP15FAE01784369"
"RTO_COMPLETE","332860594304300864_1","573920273","2026-09-19","","Gujarat","MJM Rainproof Motorcycle Mobile Holder 360? Rotatable Phone Mount with 270? Adjustable Arm | Rain Water Protection | For Navigation, GPS & Delivery Riders","MJM-MOTO-WP360","Free Size","1","297.0","297.0","TP5CPEU07802109"
"DELIVERED","332876844522780480_1","508573229","2026-09-19","","Jharkhand","MJM Premium Metal Mobile Stand | 360? Rotation Adjustable Phone Holder | Foldable Desk Table Stand for Smartphone & Tablet","L396-STAND","Free Size","1","141.0","112.0","TP2OMEU01095682"
"DELIVERED","332884091025183552_1","508240986","2026-09-19","","Uttar Pradesh","MJM 360? Rotating Bike Mobile Holder Stand for Motorcycle, Bicycle & Scooter Handlebar Phone Mount","PT05-BIKESTAND","Free Size","1","181.0","159.0","TP15FAE01784345"
"DELIVERED","332885650544350848_1","508240986","2026-09-19","","Maharashtra","MJM 360? Rotating Bike Mobile Holder Stand for Motorcycle, Bicycle & Scooter Handlebar Phone Mount","PT05-BIKESTAND","Free Size","1","200.0","178.0","TP15FAE01784336"
"DELIVERED","332891938037182016_1","508240986","2026-09-19","","Telangana","MJM 360? Rotating Bike Mobile Holder Stand for Motorcycle, Bicycle & Scooter Handlebar Phone Mount","PT05-BIKESTAND","Free Size","1","200.0","178.0","TP15FAE01784335"
"DELIVERED","332891915990841152_1","508240986","2026-09-19","","Gujarat","MJM 360? Rotating Bike Mobile Holder Stand for Motorcycle, Bicycle & Scooter Handlebar Phone Mount","PT05-BIKESTAND","Free Size","1","200.0","178.0","TP15FAE01784347"
"DELIVERED","332893144933684032_1","508240986","2026-09-19","","Jharkhand","MJM 360? Rotating Bike Mobile Holder Stand for Motorcycle, Bicycle & Scooter Handlebar Phone Mount","PT05-BIKESTAND","Free Size","1","181.0","159.0","TP15FAE01784319"
"DELIVERED","332897190647477056_1","508240986","2026-09-19","","Haryana","MJM 360? Rotating Bike Mobile Holder Stand for Motorcycle, Bicycle & Scooter Handlebar Phone Mount","PT05-BIKESTAND","Free Size","1","181.0","159.0","TP15FAE01784360"
"RTO_COMPLETE","332900643792205632_1","508162782","2026-09-19","","Gujarat","MJM Crystal Pro Wireless Bluetooth Earbuds with Smart LED Display, 48H Playback, ENC Calling, Type-C Charging, Low Latency Gaming Earbuds","Crystalpro-black","Free Size","1","271.0","244.0","TP2OMEU01095687"
"DELIVERED","332901241156752128_1","505105292","2026-09-19","","Tamil Nadu","MJM Waterproof Mobile Pouch Combo Pack of 8 | Universal Touch Screen Phone Cover with Neck Strap, Triple Lock Waterproof Case for Swimming, Travel, Beach & Rain Protection","3lockrainpouch-8pc","Free Size","1","146.0","115.0","TP2OMEU01095701"
"DELIVERED","332904013913820096_1","508162782","2026-09-19","","Uttar Pradesh","MJM Crystal Pro Wireless Bluetooth Earbuds with Smart LED Display, 48H Playback, ENC Calling, Type-C Charging, Low Latency Gaming Earbuds","Crystalpro-black","Free Size","1","300.0","270.0","TP2OMEU01095683"
"RTO_DELIVERY_FAILED","332906597953211328_1","573920273","2026-09-19","","Karnataka","MJM Rainproof Motorcycle Mobile Holder 360? Rotatable Phone Mount with 270? Adjustable Arm | Rain Water Protection | For Navigation, GPS & Delivery Riders","MJM-MOTO-WP360","Free Size","1","319.0","319.0","TP5CPEU07802111"
"DELIVERED","332908135541199424_1","508573229","2026-09-19","","Tamil Nadu","MJM Premium Metal Mobile Stand | 360? Rotation Adjustable Phone Holder | Foldable Desk Table Stand for Smartphone & Tablet","L396-STAND","Free Size","1","141.0","112.0","TP2OMEU01095688"
"DELIVERED","332912133592273665_1","505105292","2026-09-19","","Tamil Nadu","MJM Waterproof Mobile Pouch Combo Pack of 8 | Universal Touch Screen Phone Cover with Neck Strap, Triple Lock Waterproof Case for Swimming, Travel, Beach & Rain Protection","3lockrainpouch-8pc","Free Size","1","146.0","115.0","TP2OMEU01095702"
"DELIVERED","332918338582696704_1","508240986","2026-09-19","","Tamil Nadu","MJM 360? Rotating Bike Mobile Holder Stand for Motorcycle, Bicycle & Scooter Handlebar Phone Mount","PT05-BIKESTAND","Free Size","1","181.0","159.0","TP15FAE01784320"
"DELIVERED","332919716048098944_1","508240986","2026-09-19","","Bihar","MJM 360? Rotating Bike Mobile Holder Stand for Motorcycle, Bicycle & Scooter Handlebar Phone Mount","PT05-BIKESTAND","Free Size","1","200.0","200.0","TP15FAE01784343"
"DELIVERED","332920395654151425_1","508240986","2026-09-19","","Karnataka","MJM 360? Rotating Bike Mobile Holder Stand for Motorcycle, Bicycle & Scooter Handlebar Phone Mount","PT05-BIKESTAND","Free Size","1","181.0","159.0","TP15FAE01784366"
"DELIVERED","332921873907236096_1","508240986","2026-09-19","","Chhattisgarh","MJM 360? Rotating Bike Mobile Holder Stand for Motorcycle, Bicycle & Scooter Handlebar Phone Mount","PT05-BIKESTAND","Free Size","1","200.0","178.0","TP15FAE01784361"
"DELIVERED","332931422057772224_1","508240986","2026-09-19","","Andhra Pradesh","MJM 360? Rotating Bike Mobile Holder Stand for Motorcycle, Bicycle & Scooter Handlebar Phone Mount","PT05-BIKESTAND","Free Size","1","200.0","178.0","TP15FAE01784323"
"CANCELLED","332940241250767616_1","508331258","2026-09-19","","Uttar Pradesh","MJM Crystal Pro Wireless Bluetooth Earbuds with Smart LED Display, 18H Playback, ENC Calling, Type-C Charging, Low Latency Gaming Earbuds","Blackcrystlepro","Free Size","1","330.0","297.0",
"DELIVERED","332940947039108352_1","508573229","2026-09-19","","Uttar Pradesh","MJM Premium Metal Mobile Stand | 360? Rotation Adjustable Phone Holder | Foldable Desk Table Stand for Smartphone & Tablet","L396-STAND","Free Size","1","160.0","129.0","TP2OMEU01095681"
"DELIVERED","332949268668044101_1","505105292","2026-09-19","","Bihar","MJM Waterproof Mobile Pouch Combo Pack of 8 | Universal Touch Screen Phone Cover with Neck Strap, Triple Lock Waterproof Case for Swimming, Travel, Beach & Rain Protection","3lockrainpouch-8pc","Free Size","1","146.0","115.0","TP2OMEU01095694"
"DELIVERED","332950260437832256_1","508240986","2026-09-19","","West Bengal","MJM 360? Rotating Bike Mobile Holder Stand for Motorcycle, Bicycle & Scooter Handlebar Phone Mount","PT05-BIKESTAND","Free Size","1","200.0","178.0","TP15FAE01784352"
"DELIVERED","332951112133652032_1","508240986","2026-09-19","","West Bengal","MJM 360? Rotating Bike Mobile Holder Stand for Motorcycle, Bicycle & Scooter Handlebar Phone Mount","PT05-BIKESTAND","Free Size","1","200.0","178.0","TP15FAE01784348"
"DELIVERED","332953985833980800_1","508162782","2026-09-20","","Punjab","MJM Crystal Pro Wireless Bluetooth Earbuds with Smart LED Display, 48H Playback, ENC Calling, Type-C Charging, Low Latency Gaming Earbuds","Crystalpro-black","Free Size","1","271.0","244.0","TP2OMEU01095686"
"DELIVERED","332965056101856448_1","508240986","2026-09-20","","Maharashtra","MJM 360? Rotating Bike Mobile Holder Stand for Motorcycle, Bicycle & Scooter Handlebar Phone Mount","PT05-BIKESTAND","Free Size","1","200.0","178.0","TP15FAE01784364"
"DELIVERED","333029037351025920_1","573920273","2026-09-20","","Jharkhand","MJM Rainproof Motorcycle Mobile Holder 360? Rotatable Phone Mount with 270? Adjustable Arm | Rain Water Protection | For Navigation, GPS & Delivery Riders","MJM-MOTO-WP360","Free Size","1","319.0","319.0","TP5CPEU07802112"
"DELIVERED","333083513390808384_1","508573229","2026-09-20","","Tamil Nadu","MJM Premium Metal Mobile Stand | 360? Rotation Adjustable Phone Holder | Foldable Desk Table Stand for Smartphone & Tablet","L396-STAND","Free Size","1","160.0","129.0","TP2OMEU01095690"
"DELIVERED","333086456827526400_1","505105292","2026-09-20","","Punjab","MJM Waterproof Mobile Pouch Combo Pack of 8 | Universal Touch Screen Phone Cover with Neck Strap, Triple Lock Waterproof Case for Swimming, Travel, Beach & Rain Protection","3lockrainpouch-8pc","Free Size","1","146.0","115.0","TP2OMEU01095699"
"CANCELLED","333088973721522752_1","508162782","2026-09-20","","Maharashtra","MJM Crystal Pro Wireless Bluetooth Earbuds with Smart LED Display, 48H Playback, ENC Calling, Type-C Charging, Low Latency Gaming Earbuds","Crystalpro-black","Free Size","1","300.0","270.0",
"DELIVERED","333089590345683904_1","508240986","2026-09-20","","Kerala","MJM 360? Rotating Bike Mobile Holder Stand for Motorcycle, Bicycle & Scooter Handlebar Phone Mount","PT05-BIKESTAND","Free Size","1","200.0","178.0","TP15FAE01784317"
"DELIVERED","333096404089000768_1","508240986","2026-09-20","","Uttar Pradesh","MJM 360? Rotating Bike Mobile Holder Stand for Motorcycle, Bicycle & Scooter Handlebar Phone Mount","PT05-BIKESTAND","Free Size","1","200.0","178.0","TP15FAE01784353"
"RTO_LOCKED","333107637008893120_1","508162782","2026-09-20","","Uttar Pradesh","MJM Crystal Pro Wireless Bluetooth Earbuds with Smart LED Display, 48H Playback, ENC Calling, Type-C Charging, Low Latency Gaming Earbuds","Crystalpro-black","Free Size","1","271.0","244.0","TP2OMEU01095692"
"DELIVERED","333111455290996544_1","508240986","2026-09-20","","Jharkhand","MJM 360? Rotating Bike Mobile Holder Stand for Motorcycle, Bicycle & Scooter Handlebar Phone Mount","PT05-BIKESTAND","Free Size","1","200.0","178.0","TP15FAE01784355"
"DELIVERED","333113045095202176_1","508573229","2026-09-20","","Odisha","MJM Premium Metal Mobile Stand | 360? Rotation Adjustable Phone Holder | Foldable Desk Table Stand for Smartphone & Tablet","L396-STAND","Free Size","1","160.0","144.0","TP2OMEU01095706"
"DELIVERED","333117202224862080_1","508240986","2026-09-20","","Telangana","MJM 360? Rotating Bike Mobile Holder Stand for Motorcycle, Bicycle & Scooter Handlebar Phone Mount","PT05-BIKESTAND","Free Size","1","200.0","200.0","TP15FAE01784359"
"DELIVERED","333127803224765248_1","508240986","2026-09-20","","West Bengal","MJM 360? Rotating Bike Mobile Holder Stand for Motorcycle, Bicycle & Scooter Handlebar Phone Mount","PT05-BIKESTAND","Free Size","1","200.0","200.0","TP15FAE01784365"
"CANCELLED","333129806807991488_1","508240986","2026-09-20","","bihar","MJM 360? Rotating Bike Mobile Holder Stand for Motorcycle, Bicycle & Scooter Handlebar Phone Mount","PT05-BIKESTAND","Free Size","1","181.0","181.0",
"DELIVERED","333130188269008832_1","508162782","2026-09-20","","Uttar Pradesh","MJM Crystal Pro Wireless Bluetooth Earbuds with Smart LED Display, 48H Playback, ENC Calling, Type-C Charging, Low Latency Gaming Earbuds","Crystalpro-black","Free Size","1","300.0","254.0","TP2OMEU01095693"
"DELIVERED","333169870411969347_1","508240986","2026-09-20","","Goa","MJM 360? Rotating Bike Mobile Holder Stand for Motorcycle, Bicycle & Scooter Handlebar Phone Mount","PT05-BIKESTAND","Free Size","1","181.0","159.0","TP15FAE01784370"
"DELIVERED","333173426597352320_1","505105292","2026-09-20","","Chhattisgarh","MJM Waterproof Mobile Pouch Combo Pack of 8 | Universal Touch Screen Phone Cover with Neck Strap, Triple Lock Waterproof Case for Swimming, Travel, Beach & Rain Protection","3lockrainpouch-8pc","Free Size","1","127.0","115.0","TP2OMEU01095697"
"DELIVERED","333186021341483840_1","508240986","2026-09-20","","West Bengal","MJM 360? Rotating Bike Mobile Holder Stand for Motorcycle, Bicycle & Scooter Handlebar Phone Mount","PT05-BIKESTAND","Free Size","1","200.0","200.0","TP15FAE01784357"
"DELIVERED","333196047334462208_1","508240986","2026-09-20","","Jharkhand","MJM 360? Rotating Bike Mobile Holder Stand for Motorcycle, Bicycle & Scooter Handlebar Phone Mount","PT05-BIKESTAND","Free Size","1","200.0","178.0","TP15FAE01784358"
"RTO_COMPLETE","333197178162206336_1","508240986","2026-09-20","","Tamil Nadu","MJM 360? Rotating Bike Mobile Holder Stand for Motorcycle, Bicycle & Scooter Handlebar Phone Mount","PT05-BIKESTAND","Free Size","1","181.0","159.0","TP15FAE01784362"
"RTO_COMPLETE","333203647935295040_1","508240986","2026-09-20","","Maharashtra","MJM 360? Rotating Bike Mobile Holder Stand for Motorcycle, Bicycle & Scooter Handlebar Phone Mount","PT05-BIKESTAND","Free Size","1","200.0","178.0","TP15FAE01784351"
"CANCELLED","333210375220933440_1","508162782","2026-09-20","","Jharkhand","MJM Crystal Pro Wireless Bluetooth Earbuds with Smart LED Display, 48H Playback, ENC Calling, Type-C Charging, Low Latency Gaming Earbuds","Crystalpro-black","Free Size","1","271.0","244.0",
"DELIVERED","333212764152708416_1","508240986","2026-09-20","","Haryana","MJM 360? Rotating Bike Mobile Holder Stand for Motorcycle, Bicycle & Scooter Handlebar Phone Mount","PT05-BIKESTAND","Free Size","1","200.0","178.0","TP15FAE01784363"
"DELIVERED","333220157526803648_1","508573229","2026-09-20","","Rajasthan","MJM Premium Metal Mobile Stand | 360? Rotation Adjustable Phone Holder | Foldable Desk Table Stand for Smartphone & Tablet","L396-STAND","Free Size","1","160.0","144.0","TP2OMEU01095704"
"DELIVERED","333224921768506561_1","505105292","2026-09-20","","Karnataka","MJM Waterproof Mobile Pouch Combo Pack of 8 | Universal Touch Screen Phone Cover with Neck Strap, Triple Lock Waterproof Case for Swimming, Travel, Beach & Rain Protection","3lockrainpouch-8pc","Free Size","1","127.0","98.0","TP2OMEU01095700"
"DELIVERED","333229155857421120_1","505105292","2026-09-20","","Tamil Nadu","MJM Waterproof Mobile Pouch Combo Pack of 8 | Universal Touch Screen Phone Cover with Neck Strap, Triple Lock Waterproof Case for Swimming, Travel, Beach & Rain Protection","3lockrainpouch-8pc","Free Size","1","146.0","132.0","TP2OMEU01095698"
"DELIVERED","333232671791469440_1","508573229","2026-09-20","","Jammu & Kashmir","MJM Premium Metal Mobile Stand | 360? Rotation Adjustable Phone Holder | Foldable Desk Table Stand for Smartphone & Tablet","L396-STAND","Free Size","1","141.0","112.0","TP2OMEU01095695"
"RTO_LOCKED","333234311520226240_1","573920273","2026-09-20","","Karnataka","MJM Rainproof Motorcycle Mobile Holder 360? Rotatable Phone Mount with 270? Adjustable Arm | Rain Water Protection | For Navigation, GPS & Delivery Riders","MJM-MOTO-WP360","Free Size","1","319.0","319.0","TP5CPEU07802113"
"DELIVERED","333260104242740545_1","505105292","2026-09-20","","Delhi","MJM Waterproof Mobile Pouch Combo Pack of 8 | Universal Touch Screen Phone Cover with Neck Strap, Triple Lock Waterproof Case for Swimming, Travel, Beach & Rain Protection","3lockrainpouch-8pc","Free Size","1","146.0","115.0","TP2OMEU01095722"
"DELIVERED","333262184269397312_1","508876433","2026-09-20","","Chhattisgarh","MJM Crystal Pro Wireless Bluetooth Earbuds TWS | 18H Playtime | Bluetooth 5.4 | Type-C Charging | IPX4 Water Resistant Earphones","MJM-CP18-BTB54","Free Size","1","330.0","297.0","TP2OMEU01095684"
"DELIVERED","333264599703991488_1","508240986","2026-09-20","","Gujarat","MJM 360? Rotating Bike Mobile Holder Stand for Motorcycle, Bicycle & Scooter Handlebar Phone Mount","PT05-BIKESTAND","Free Size","1","200.0","178.0","TP15FAE01784367"
"DELIVERED","333277683246087552_1","508573229","2026-09-20","","Odisha","MJM Premium Metal Mobile Stand | 360? Rotation Adjustable Phone Holder | Foldable Desk Table Stand for Smartphone & Tablet","L396-STAND","Free Size","1","160.0","144.0","TP2OMEU01095705"
"DELIVERED","333282184062023488_1","508573229","2026-09-20","","Rajasthan","MJM Premium Metal Mobile Stand | 360? Rotation Adjustable Phone Holder | Foldable Desk Table Stand for Smartphone & Tablet","L396-STAND","Free Size","1","160.0","129.0","TP2OMEU01095703"
"DELIVERED","333284104189817664_1","508573229","2026-09-20","","Uttar Pradesh","MJM Premium Metal Mobile Stand | 360? Rotation Adjustable Phone Holder | Foldable Desk Table Stand for Smartphone & Tablet","L396-STAND","Free Size","1","141.0","112.0","TP2OMEU01095691"
"DELIVERED","333439598121170816_1","508240986","2026-09-21","","Uttar Pradesh","MJM 360? Rotating Bike Mobile Holder Stand for Motorcycle, Bicycle & Scooter Handlebar Phone Mount","PT05-BIKESTAND","Free Size","1","200.0","178.0","TP15FAE01784356"
"DELIVERED","333456548756935424_1","508240986","2026-09-21","","West Bengal","MJM 360? Rotating Bike Mobile Holder Stand for Motorcycle, Bicycle & Scooter Handlebar Phone Mount","PT05-BIKESTAND","Free Size","1","200.0","178.0","TP15FAE01784333"
"DELIVERED","333460736406697856_1","505105292","2026-09-21","","West Bengal","MJM Waterproof Mobile Pouch Combo Pack of 8 | Universal Touch Screen Phone Cover with Neck Strap, Triple Lock Waterproof Case for Swimming, Travel, Beach & Rain Protection","3lockrainpouch-8pc","Free Size","1","146.0","128.0","TP2OMEU01095696"
"DELIVERED","333461983570039360_1","508240986","2026-09-21","","Telangana","MJM 360? Rotating Bike Mobile Holder Stand for Motorcycle, Bicycle & Scooter Handlebar Phone Mount","PT05-BIKESTAND","Free Size","1","200.0","178.0","TP15FAE01784368"
"DELIVERED","333471137272085888_1","508573229","2026-09-21","","Maharashtra","MJM Premium Metal Mobile Stand | 360? Rotation Adjustable Phone Holder | Foldable Desk Table Stand for Smartphone & Tablet","L396-STAND","Free Size","1","160.0","143.0","TP2OMEU01095709"
"DELIVERED","333483532968661697_1","508240986","2026-09-21","","Tamil Nadu","MJM 360? Rotating Bike Mobile Holder Stand for Motorcycle, Bicycle & Scooter Handlebar Phone Mount","PT05-BIKESTAND","Free Size","1","200.0","178.0","TP15FAE01784299"
"DELIVERED","333516645518152384_1","508240986","2026-09-21","","West Bengal","MJM 360? Rotating Bike Mobile Holder Stand for Motorcycle, Bicycle & Scooter Handlebar Phone Mount","PT05-BIKESTAND","Free Size","1","181.0","159.0","TP15FAE01784327"
"DELIVERED","333528073180418752_1","508240986","2026-09-21","","Jharkhand","MJM 360? Rotating Bike Mobile Holder Stand for Motorcycle, Bicycle & Scooter Handlebar Phone Mount","PT05-BIKESTAND","Free Size","1","181.0","159.0","TP15FAE01784329"
"DELIVERED","333543937912690304_1","508240986","2026-09-21","","Telangana","MJM 360? Rotating Bike Mobile Holder Stand for Motorcycle, Bicycle & Scooter Handlebar Phone Mount","PT05-BIKESTAND","Free Size","1","181.0","181.0","TP15FAE01784331"
"DELIVERED","333543937912690304_2","508240986","2026-09-21","","Telangana","MJM 360? Rotating Bike Mobile Holder Stand for Motorcycle, Bicycle & Scooter Handlebar Phone Mount","PT05-BIKESTAND","Free Size","1","181.0","181.0","TP15FAE01784328"
"DELIVERED","333547438374399552_1","508240986","2026-09-21","","Gujarat","MJM 360? Rotating Bike Mobile Holder Stand for Motorcycle, Bicycle & Scooter Handlebar Phone Mount","PT05-BIKESTAND","Free Size","1","200.0","200.0","TP15FAE01784330"
"RTO_COMPLETE","333562131577262848_1","505105292","2026-09-21","","Tamil Nadu","MJM Waterproof Mobile Pouch Combo Pack of 8 | Universal Touch Screen Phone Cover with Neck Strap, Triple Lock Waterproof Case for Swimming, Travel, Beach & Rain Protection","3lockrainpouch-8pc","Free Size","1","146.0","146.0","TP2OMEU01095711"
"DELIVERED","333579601660482112_1","505105292","2026-09-21","","Tamil Nadu","MJM Waterproof Mobile Pouch Combo Pack of 8 | Universal Touch Screen Phone Cover with Neck Strap, Triple Lock Waterproof Case for Swimming, Travel, Beach & Rain Protection","3lockrainpouch-8pc","Free Size","1","127.0","109.0","TP2OMEU01095710"
"DELIVERED","333613602861493824_1","508573229","2026-09-21","","Jammu & Kashmir","MJM Premium Metal Mobile Stand | 360? Rotation Adjustable Phone Holder | Foldable Desk Table Stand for Smartphone & Tablet","L396-STAND","Free Size","1","141.0","124.0","TP2OMEU01095708"
"DELIVERED","333652125285307264_1","508240986","2026-09-21","","Punjab","MJM 360? Rotating Bike Mobile Holder Stand for Motorcycle, Bicycle & Scooter Handlebar Phone Mount","PT05-BIKESTAND","Free Size","1","181.0","159.0","TP15FAE01784332"
"RTO_COMPLETE","333661583022575296_1","508162782","2026-09-21","","Rajasthan","MJM Crystal Pro Wireless Bluetooth Earbuds with Smart LED Display, 48H Playback, ENC Calling, Type-C Charging, Low Latency Gaming Earbuds","Crystalpro-black","Free Size","1","300.0","300.0","TP15FAE01784334"
"DELIVERED","333676914704301440_1","508240986","2026-09-22","","Tamil Nadu","MJM 360? Rotating Bike Mobile Holder Stand for Motorcycle, Bicycle & Scooter Handlebar Phone Mount","PT05-BIKESTAND","Free Size","1","200.0","178.0","TP15FAE01784324"
"DELIVERED","333713881810779456_1","573920273","2026-09-22","","Uttar Pradesh","MJM Rainproof Motorcycle Mobile Holder 360? Rotatable Phone Mount with 270? Adjustable Arm | Rain Water Protection | For Navigation, GPS & Delivery Riders","MJM-MOTO-WP360","Free Size","1","319.0","319.0","TP5CPEU07802115"
"DELIVERED","333759793875735104_1","508240986","2026-09-22","","Andhra Pradesh","MJM 360? Rotating Bike Mobile Holder Stand for Motorcycle, Bicycle & Scooter Handlebar Phone Mount","PT05-BIKESTAND","Free Size","1","181.0","159.0","TP15FAE01784326"
"CANCELLED","333772913763504704_1","508240986","2026-09-22","","Tamil Nadu","MJM 360? Rotating Bike Mobile Holder Stand for Motorcycle, Bicycle & Scooter Handlebar Phone Mount","PT05-BIKESTAND","Free Size","1","181.0","181.0",
"DELIVERED","333801912725311104_1","508573229","2026-09-22","","Rajasthan","MJM Premium Metal Mobile Stand | 360? Rotation Adjustable Phone Holder | Foldable Desk Table Stand for Smartphone & Tablet","L396-STAND","Free Size","1","141.0","124.0","TP2OMEU01095707"
"DELIVERED","333815862031822400_1","573920273","2026-09-22","","Karnataka","MJM Rainproof Motorcycle Mobile Holder 360? Rotatable Phone Mount with 270? Adjustable Arm | Rain Water Protection | For Navigation, GPS & Delivery Riders","MJM-MOTO-WP360","Free Size","1","319.0","319.0","TP5CPEU07802114"
"DELIVERED","333821947232923200_1","508240986","2026-09-22","","West Bengal","MJM 360? Rotating Bike Mobile Holder Stand for Motorcycle, Bicycle & Scooter Handlebar Phone Mount","PT05-BIKESTAND","Free Size","1","200.0","178.0","TP15FAE01784325"
"DELIVERED","333842511674719680_1","508573229","2026-09-22","","Punjab","MJM Premium Metal Mobile Stand | 360? Rotation Adjustable Phone Holder | Foldable Desk Table Stand for Smartphone & Tablet","L396-STAND","Free Size","1","160.0","160.0","TP2OMEU01095712"
"DELIVERED","333850186821582208_1","508240986","2026-09-22","","Chhattisgarh","MJM 360? Rotating Bike Mobile Holder Stand for Motorcycle, Bicycle & Scooter Handlebar Phone Mount","PT05-BIKESTAND","Free Size","1","181.0","159.0","TKASECT08065519"
"DELIVERED","333850258498043264_1","508240986","2026-09-22","","Odisha","MJM 360? Rotating Bike Mobile Holder Stand for Motorcycle, Bicycle & Scooter Handlebar Phone Mount","PT05-BIKESTAND","Free Size","1","200.0","178.0","TKASECT08065518"
"DELIVERED","333854345497316992_1","508240986","2026-09-22","","Uttar Pradesh","MJM 360? Rotating Bike Mobile Holder Stand for Motorcycle, Bicycle & Scooter Handlebar Phone Mount","PT05-BIKESTAND","Free Size","1","200.0","178.0","TKASECT08065504"
"DELIVERED","333854668822949440_1","573920273","2026-09-22","","Maharashtra","MJM Rainproof Motorcycle Mobile Holder 360? Rotatable Phone Mount with 270? Adjustable Arm | Rain Water Protection | For Navigation, GPS & Delivery Riders","MJM-MOTO-WP360","Free Size","1","319.0","319.0","TP5CPEU07802118"
"DELIVERED","333857612066729536_1","508240986","2026-09-22","","Odisha","MJM 360? Rotating Bike Mobile Holder Stand for Motorcycle, Bicycle & Scooter Handlebar Phone Mount","PT05-BIKESTAND","Free Size","1","200.0","178.0","TKASECT08065509"
"CANCELLED","333869778818219328_1","508573229","2026-09-22","","Chhattisgarh","MJM Premium Metal Mobile Stand | 360? Rotation Adjustable Phone Holder | Foldable Desk Table Stand for Smartphone & Tablet","L396-STAND","Free Size","1","160.0","143.0",
"CANCELLED","333869845777726912_1","573920273","2026-09-22","","Odisha","MJM Rainproof Motorcycle Mobile Holder 360? Rotatable Phone Mount with 270? Adjustable Arm | Rain Water Protection | For Navigation, GPS & Delivery Riders","MJM-MOTO-WP360","Free Size","1","319.0","319.0",
"CANCELLED","333873831820309184_1","508573229","2026-09-22","","Karnataka","MJM Premium Metal Mobile Stand | 360? Rotation Adjustable Phone Holder | Foldable Desk Table Stand for Smartphone & Tablet","L396-STAND","Free Size","1","160.0","160.0",
"DELIVERED","333878441805001408_1","505105292","2026-09-22","","Tamil Nadu","MJM Waterproof Mobile Pouch Combo Pack of 8 | Universal Touch Screen Phone Cover with Neck Strap, Triple Lock Waterproof Case for Swimming, Travel, Beach & Rain Protection","3lockrainpouch-8pc","Free Size","1","127.0","109.0","TP2OMEU01095723"
"DELIVERED","333887921737350272_1","508573229","2026-09-22","","Telangana","MJM Premium Metal Mobile Stand | 360? Rotation Adjustable Phone Holder | Foldable Desk Table Stand for Smartphone & Tablet","L396-STAND","Free Size","1","160.0","143.0","TP2OMEU01095713"
"CANCELLED","333914617277362752_1","508240986","2026-09-22","","Tamil Nadu","MJM 360? Rotating Bike Mobile Holder Stand for Motorcycle, Bicycle & Scooter Handlebar Phone Mount","PT05-BIKESTAND","Free Size","1","200.0","200.0",
"DELIVERED","333945282764784896_1","508240986","2026-09-22","","Uttar Pradesh","MJM 360? Rotating Bike Mobile Holder Stand for Motorcycle, Bicycle & Scooter Handlebar Phone Mount","PT05-BIKESTAND","Free Size","1","181.0","159.0","TP15FAE01784340"
"RTO_LOCKED","333945951157927040_1","508573229","2026-09-22","","Bihar","MJM Premium Metal Mobile Stand | 360? Rotation Adjustable Phone Holder | Foldable Desk Table Stand for Smartphone & Tablet","L396-STAND","Free Size","1","160.0","160.0","TP2OMEU01095765"
"DELIVERED","333975315847947776_1","505105292","2026-09-22","","Maharashtra","MJM Waterproof Mobile Pouch Combo Pack of 8 | Universal Touch Screen Phone Cover with Neck Strap, Triple Lock Waterproof Case for Swimming, Travel, Beach & Rain Protection","3lockrainpouch-8pc","Free Size","1","146.0","128.0","TP2OMEU01095720"
"RTO_COMPLETE","333979748954646016_1","508240986","2026-09-22","","Bihar","MJM 360? Rotating Bike Mobile Holder Stand for Motorcycle, Bicycle & Scooter Handlebar Phone Mount","PT05-BIKESTAND","Free Size","1","181.0","159.0","TKASECT08065512"
"DELIVERED","333988909106246976_1","508240986","2026-09-22","","West Bengal","MJM 360? Rotating Bike Mobile Holder Stand for Motorcycle, Bicycle & Scooter Handlebar Phone Mount","PT05-BIKESTAND","Free Size","1","181.0","159.0","TKASECT08065522"
"CANCELLED","333989889604498752_1","508240986","2026-09-22","","West Bengal","MJM 360? Rotating Bike Mobile Holder Stand for Motorcycle, Bicycle & Scooter Handlebar Phone Mount","PT05-BIKESTAND","Free Size","1","181.0","159.0","TKASECT08065513"
"RTO_COMPLETE","333991998837317248_1","508240986","2026-09-22","","Gujarat","MJM 360? Rotating Bike Mobile Holder Stand for Motorcycle, Bicycle & Scooter Handlebar Phone Mount","PT05-BIKESTAND","Free Size","1","200.0","200.0","TKASECT08065507"
"SHIPPED","334009638842188992_1","508240986","2026-09-22","","Mizoram","MJM 360? Rotating Bike Mobile Holder Stand for Motorcycle, Bicycle & Scooter Handlebar Phone Mount","PT05-BIKESTAND","Free Size","1","200.0","200.0","TKASECT08065514"
"SHIPPED","334009638842188992_2","508240986","2026-09-22","","Mizoram","MJM 360? Rotating Bike Mobile Holder Stand for Motorcycle, Bicycle & Scooter Handlebar Phone Mount","PT05-BIKESTAND","Free Size","1","200.0","200.0","TKASECT08065511"
"DELIVERED","334010950497518784_1","508240986","2026-09-22","","Maharashtra","MJM 360? Rotating Bike Mobile Holder Stand for Motorcycle, Bicycle & Scooter Handlebar Phone Mount","PT05-BIKESTAND","Free Size","1","200.0","178.0","TKASECT08065559"
"DELIVERED","334037534287160320_1","508240986","2026-09-22","","Bihar","MJM 360? Rotating Bike Mobile Holder Stand for Motorcycle, Bicycle & Scooter Handlebar Phone Mount","PT05-BIKESTAND","Free Size","1","200.0","200.0","TKASECT08065508"
"RTO_LOCKED","334056773147992640_1","508240986","2026-09-23","","Rajasthan","MJM 360? Rotating Bike Mobile Holder Stand for Motorcycle, Bicycle & Scooter Handlebar Phone Mount","PT05-BIKESTAND","Free Size","1","181.0","181.0","TP15FAE01784339"
"CANCELLED","334058554022608000_1","508240986","2026-09-23","","Maharashtra","MJM 360? Rotating Bike Mobile Holder Stand for Motorcycle, Bicycle & Scooter Handlebar Phone Mount","PT05-BIKESTAND","Free Size","1","200.0","200.0",
"CANCELLED","334111950712780096_1","508240986","2026-09-23","","Chhattisgarh","MJM 360? Rotating Bike Mobile Holder Stand for Motorcycle, Bicycle & Scooter Handlebar Phone Mount","PT05-BIKESTAND","Free Size","1","200.0","178.0",
"DELIVERED","334160787489863616_1","508573229","2026-09-23","","Punjab","MJM Premium Metal Mobile Stand | 360? Rotation Adjustable Phone Holder | Foldable Desk Table Stand for Smartphone & Tablet","L396-STAND","Free Size","1","141.0","124.0","TP2OMEU01095726"
"DELIVERED","334171516554748480_1","508240986","2026-09-23","","Madhya Pradesh","MJM 360? Rotating Bike Mobile Holder Stand for Motorcycle, Bicycle & Scooter Handlebar Phone Mount","PT05-BIKESTAND","Free Size","1","200.0","178.0","TKASECT08065517"
"DELIVERED","334172913522221632_1","508240986","2026-09-23","","Uttar Pradesh","MJM 360? Rotating Bike Mobile Holder Stand for Motorcycle, Bicycle & Scooter Handlebar Phone Mount","PT05-BIKESTAND","Free Size","1","181.0","181.0","TKASECT08065505"
"DELIVERED","334179356059548800_1","508240986","2026-09-23","","Tamil Nadu","MJM 360? Rotating Bike Mobile Holder Stand for Motorcycle, Bicycle & Scooter Handlebar Phone Mount","PT05-BIKESTAND","Free Size","1","200.0","200.0","TP15FAE01784376"
"CANCELLED","334188423922498624_1","508240986","2026-09-23","","Madhya Pradesh","MJM 360? Rotating Bike Mobile Holder Stand for Motorcycle, Bicycle & Scooter Handlebar Phone Mount","PT05-BIKESTAND","Free Size","1","181.0","159.0",
"DELIVERED","334188674980951360_1","573920273","2026-09-23","","Uttarakhand","MJM Rainproof Motorcycle Mobile Holder 360? Rotatable Phone Mount with 270? Adjustable Arm | Rain Water Protection | For Navigation, GPS & Delivery Riders","MJM-MOTO-WP360","Free Size","1","319.0","319.0","TP5CPEU07802119"
"DELIVERED","334206172515836480_1","507601287","2026-09-23","","Punjab","MJM Blue Flip Cover with HD+ Tempered Glass Combo | Premium Wallet Style Mobile Case | Magnetic Closure & 360? Protection","Give your smartphone complete protection with the MJM Blue Flip Cover and HD+ Tempered Glass Combo. Crafted with a premium leather-finish design, this wallet-style flip cover offers a stylish look whi","Free Size","1","100.0","100.0","TP2OMEU01095725"
"RTO_COMPLETE","334207575416552640_1","508240986","2026-09-23","","Gujarat","MJM 360? Rotating Bike Mobile Holder Stand for Motorcycle, Bicycle & Scooter Handlebar Phone Mount","PT05-BIKESTAND","Free Size","1","200.0","200.0","TKASECT08065502"
"DELIVERED","334213108445920384_1","508573229","2026-09-23","","Andhra Pradesh","MJM Premium Metal Mobile Stand | 360? Rotation Adjustable Phone Holder | Foldable Desk Table Stand for Smartphone & Tablet","L396-STAND","Free Size","1","141.0","141.0","TP2OMEU01095769"
"DELIVERED","334218453302032320_1","508240986","2026-09-23","","Tamil Nadu","MJM 360? Rotating Bike Mobile Holder Stand for Motorcycle, Bicycle & Scooter Handlebar Phone Mount","PT05-BIKESTAND","Free Size","1","181.0","181.0","TKASECT08065523"
"DELIVERED","334222731934212672_1","573920273","2026-09-23","","Tamil Nadu","MJM Rainproof Motorcycle Mobile Holder 360? Rotatable Phone Mount with 270? Adjustable Arm | Rain Water Protection | For Navigation, GPS & Delivery Riders","MJM-MOTO-WP360","Free Size","1","319.0","319.0","TP5CPEU07802123"
"DELIVERED","334229752926478912_1","508240986","2026-09-23","","Maharashtra","MJM 360? Rotating Bike Mobile Holder Stand for Motorcycle, Bicycle & Scooter Handlebar Phone Mount","PT05-BIKESTAND","Free Size","1","200.0","200.0","TP15FAE01784372"
"DELIVERED","334231274073012160_1","508240986","2026-09-23","","Tamil Nadu","MJM 360? Rotating Bike Mobile Holder Stand for Motorcycle, Bicycle & Scooter Handlebar Phone Mount","PT05-BIKESTAND","Free Size","1","200.0","178.0","TP15FAE01784341"
"DELIVERED","334251942793623488_1","508573229","2026-09-23","","Tamil Nadu","MJM Premium Metal Mobile Stand | 360? Rotation Adjustable Phone Holder | Foldable Desk Table Stand for Smartphone & Tablet","L396-STAND","Free Size","1","160.0","143.0","TP2OMEU01095715"
"DELIVERED","334269040999707968_1","508240986","2026-09-23","","Uttar Pradesh","MJM 360? Rotating Bike Mobile Holder Stand for Motorcycle, Bicycle & Scooter Handlebar Phone Mount","PT05-BIKESTAND","Free Size","1","181.0","159.0","TKASECT08065521"
"DELIVERED","334271710686786880_1","505105292","2026-09-23","","Meghalaya","MJM Waterproof Mobile Pouch Combo Pack of 8 | Universal Touch Screen Phone Cover with Neck Strap, Triple Lock Waterproof Case for Swimming, Travel, Beach & Rain Protection","3lockrainpouch-8pc","Free Size","1","146.0","128.0","TP2OMEU01095714"
"DELIVERED","334271710686786880_2","505105292","2026-09-23","","Meghalaya","MJM Waterproof Mobile Pouch Combo Pack of 8 | Universal Touch Screen Phone Cover with Neck Strap, Triple Lock Waterproof Case for Swimming, Travel, Beach & Rain Protection","3lockrainpouch-8pc","Free Size","1","146.0","128.0","TP2OMEU01095716"
"DELIVERED","334276521238904000_1","508240986","2026-09-23","","Rajasthan","MJM 360? Rotating Bike Mobile Holder Stand for Motorcycle, Bicycle & Scooter Handlebar Phone Mount","PT05-BIKESTAND","Free Size","1","200.0","178.0","TKASECT08065540"
"DELIVERED","334276872776105088_1","573920273","2026-09-23","","Kerala","MJM Rainproof Motorcycle Mobile Holder 360? Rotatable Phone Mount with 270? Adjustable Arm | Rain Water Protection | For Navigation, GPS & Delivery Riders","MJM-MOTO-WP360","Free Size","1","297.0","297.0","TP5CPEU07802125"
"DELIVERED","334288508837781120_1","508162782","2026-09-23","","Maharashtra","MJM Crystal Pro Wireless Bluetooth Earbuds with Smart LED Display, 48H Playback, ENC Calling, Type-C Charging, Low Latency Gaming Earbuds","Crystalpro-black","Free Size","1","271.0","253.0","TP2OMEU01095719"
"CANCELLED","334306587821913408_1","508240986","2026-09-23","","Maharashtra","MJM 360? Rotating Bike Mobile Holder Stand for Motorcycle, Bicycle & Scooter Handlebar Phone Mount","PT05-BIKESTAND","Free Size","1","181.0","181.0",
"CANCELLED","334313329121213632_1","573920273","2026-09-23","","Tamil Nadu","MJM Rainproof Motorcycle Mobile Holder 360? Rotatable Phone Mount with 270? Adjustable Arm | Rain Water Protection | For Navigation, GPS & Delivery Riders","MJM-MOTO-WP360","Free Size","1","319.0","319.0","TP5CPEU07802191"
"SHIPPED","334319330218130496_1","508240986","2026-09-23","","West Bengal","MJM 360? Rotating Bike Mobile Holder Stand for Motorcycle, Bicycle & Scooter Handlebar Phone Mount","PT05-BIKESTAND","Free Size","1","200.0","200.0","TKASECT08065582"
"DELIVERED","334331630694087808_1","508240986","2026-09-23","","Haryana","MJM 360? Rotating Bike Mobile Holder Stand for Motorcycle, Bicycle & Scooter Handlebar Phone Mount","PT05-BIKESTAND","Free Size","1","200.0","200.0","TKASECT08065541"
"DELIVERED","334334105234005632_1","508240986","2026-09-23","","Delhi","MJM 360? Rotating Bike Mobile Holder Stand for Motorcycle, Bicycle & Scooter Handlebar Phone Mount","PT05-BIKESTAND","Free Size","1","200.0","178.0","TKASECT08065581"
"DELIVERED","334338038411998528_1","508240986","2026-09-23","","Chhattisgarh","MJM 360? Rotating Bike Mobile Holder Stand for Motorcycle, Bicycle & Scooter Handlebar Phone Mount","PT05-BIKESTAND","Free Size","1","200.0","178.0","TP15FAE01784342"
"DELIVERED","334355909150160832_1","508240986","2026-09-23","","Jharkhand","MJM 360? Rotating Bike Mobile Holder Stand for Motorcycle, Bicycle & Scooter Handlebar Phone Mount","PT05-BIKESTAND","Free Size","1","200.0","200.0","TKASECT08065594"
"DELIVERED","334366956305169472_1","508573229","2026-09-23","","West Bengal","MJM Premium Metal Mobile Stand | 360? Rotation Adjustable Phone Holder | Foldable Desk Table Stand for Smartphone & Tablet","L396-STAND","Free Size","1","141.0","124.0","TP2OMEU01095766"
"SHIPPED","334371874902555776_1","573920273","2026-09-23","","Andhra Pradesh","MJM Rainproof Motorcycle Mobile Holder 360? Rotatable Phone Mount with 270? Adjustable Arm | Rain Water Protection | For Navigation, GPS & Delivery Riders","MJM-MOTO-WP360","Free Size","1","297.0","297.0","TP5CPEU07802196"
"CANCELLED","334372242210339968_1","573920273","2026-09-23","","Madhya Pradesh","MJM Rainproof Motorcycle Mobile Holder 360? Rotatable Phone Mount with 270? Adjustable Arm | Rain Water Protection | For Navigation, GPS & Delivery Riders","MJM-MOTO-WP360","Free Size","1","319.0","319.0",
"DELIVERED","334374918964821120_1","508240986","2026-09-23","","Maharashtra","MJM 360? Rotating Bike Mobile Holder Stand for Motorcycle, Bicycle & Scooter Handlebar Phone Mount","PT05-BIKESTAND","Free Size","1","181.0","181.0","TP15FAE01784373"
"CANCELLED","334383678286380096_1","508240986","2026-09-23","","Maharashtra","MJM 360? Rotating Bike Mobile Holder Stand for Motorcycle, Bicycle & Scooter Handlebar Phone Mount","PT05-BIKESTAND","Free Size","1","181.0","159.0",
"DELIVERED","334385052340369344_1","573920273","2026-09-23","","Kerala","MJM Rainproof Motorcycle Mobile Holder 360? Rotatable Phone Mount with 270? Adjustable Arm | Rain Water Protection | For Navigation, GPS & Delivery Riders","MJM-MOTO-WP360","Free Size","1","319.0","319.0","TP5CPEU07802116"
"DELIVERED","334385246230461568_1","508240986","2026-09-23","","Maharashtra","MJM 360? Rotating Bike Mobile Holder Stand for Motorcycle, Bicycle & Scooter Handlebar Phone Mount","PT05-BIKESTAND","Free Size","1","181.0","159.0","TKASECT08065544"
"RTO_LOCKED","334385975905137984_1","508240986","2026-09-23","","Karnataka","MJM 360? Rotating Bike Mobile Holder Stand for Motorcycle, Bicycle & Scooter Handlebar Phone Mount","PT05-BIKESTAND","Free Size","1","200.0","178.0","TKASECT08065583"
"RTO_LOCKED","334394020039146688_1","508240986","2026-09-23","","West Bengal","MJM 360? Rotating Bike Mobile Holder Stand for Motorcycle, Bicycle & Scooter Handlebar Phone Mount","PT05-BIKESTAND","Free Size","1","181.0","181.0","TP15FAE01784375"
"RTO_LOCKED","334406060044631168_1","573920273","2026-09-24","","Jammu & Kashmir","MJM Rainproof Motorcycle Mobile Holder 360? Rotatable Phone Mount with 270? Adjustable Arm | Rain Water Protection | For Navigation, GPS & Delivery Riders","MJM-MOTO-WP360","Free Size","1","319.0","319.0","TP5CPEU07802117"
"DELIVERED","334413343919093059_1","508240986","2026-09-24","","Telangana","MJM 360? Rotating Bike Mobile Holder Stand for Motorcycle, Bicycle & Scooter Handlebar Phone Mount","PT05-BIKESTAND","Free Size","1","200.0","178.0","TP15FAE01784374"
"DELIVERED","334416258898681472_1","513526730","2026-09-24","","Gujarat","MJM 24 Pcs Silicone Cable Protector | Spiral Cable Saver for USB, Type C, Lightning & Earphone Cables | Anti Break Wire Protector","MJM-CP6-SMALL","Free Size","1","86.0","68.0","TP5CPEU07802128"
"DELIVERED","334518213372986560_1","508240986","2026-09-24","","Gujarat","MJM 360? Rotating Bike Mobile Holder Stand for Motorcycle, Bicycle & Scooter Handlebar Phone Mount","PT05-BIKESTAND","Free Size","1","181.0","159.0","TKASECT08065503"
"DELIVERED","334521009611038336_1","508240986","2026-09-24","","Rajasthan","MJM 360? Rotating Bike Mobile Holder Stand for Motorcycle, Bicycle & Scooter Handlebar Phone Mount","PT05-BIKESTAND","Free Size","1","181.0","181.0","TP15FAE01784371"
"DELIVERED","334522314835278976_1","505105292","2026-09-24","","Bihar","MJM Waterproof Mobile Pouch Combo Pack of 8 | Universal Touch Screen Phone Cover with Neck Strap, Triple Lock Waterproof Case for Swimming, Travel, Beach & Rain Protection","3lockrainpouch-8pc","Free Size","1","146.0","128.0","TP2OMEU01095717"
"DELIVERED","334526512633134273_1","505105292","2026-09-24","","Andhra Pradesh","MJM Waterproof Mobile Pouch Combo Pack of 8 | Universal Touch Screen Phone Cover with Neck Strap, Triple Lock Waterproof Case for Swimming, Travel, Beach & Rain Protection","3lockrainpouch-8pc","Free Size","1","127.0","109.0","TP2OMEU01095721"
"RTO_LOCKED","334530508382977088_1","508240986","2026-09-24","","Bihar","MJM 360? Rotating Bike Mobile Holder Stand for Motorcycle, Bicycle & Scooter Handlebar Phone Mount","PT05-BIKESTAND","Free Size","1","200.0","200.0","TKASECT08065501"
"DELIVERED","334535222411574336_1","508162782","2026-09-24","","Odisha","MJM Crystal Pro Wireless Bluetooth Earbuds with Smart LED Display, 48H Playback, ENC Calling, Type-C Charging, Low Latency Gaming Earbuds","Crystalpro-black","Free Size","1","271.0","253.0","TP2OMEU01095756"
"SHIPPED","334541660263064129_1","508573229","2026-09-24","","Mizoram","MJM Premium Metal Mobile Stand | 360? Rotation Adjustable Phone Holder | Foldable Desk Table Stand for Smartphone & Tablet","L396-STAND","Free Size","1","141.0","141.0","TP2OMEU01095718"
"DELIVERED","334556410668037440_1","508240986","2026-09-24","","Chhattisgarh","MJM 360? Rotating Bike Mobile Holder Stand for Motorcycle, Bicycle & Scooter Handlebar Phone Mount","PT05-BIKESTAND","Free Size","1","200.0","178.0","TKASECT08065538"
"DELIVERED","334556410668037440_2","508240986","2026-09-24","","Chhattisgarh","MJM 360? Rotating Bike Mobile Holder Stand for Motorcycle, Bicycle & Scooter Handlebar Phone Mount","PT05-BIKESTAND","Free Size","1","200.0","178.0","TKASECT08065579"
"CANCELLED","334557585614224512_1","573920273","2026-09-24","","Tamil Nadu","MJM Rainproof Motorcycle Mobile Holder 360? Rotatable Phone Mount with 270? Adjustable Arm | Rain Water Protection | For Navigation, GPS & Delivery Riders","MJM-MOTO-WP360","Free Size","1","319.0","319.0",
"DELIVERED","334557402412917312_1","508240986","2026-09-24","","Telangana","MJM 360? Rotating Bike Mobile Holder Stand for Motorcycle, Bicycle & Scooter Handlebar Phone Mount","PT05-BIKESTAND","Free Size","1","200.0","178.0","TKASECT08065510"
"SHIPPED","334562455374832192_1","508240986","2026-09-24","","Jammu & Kashmir","MJM 360? Rotating Bike Mobile Holder Stand for Motorcycle, Bicycle & Scooter Handlebar Phone Mount","PT05-BIKESTAND","Free Size","1","200.0","200.0","TKASECT08065527"
"DELIVERED","334590805371346560_1","508240986","2026-09-24","","Karnataka","MJM 360? Rotating Bike Mobile Holder Stand for Motorcycle, Bicycle & Scooter Handlebar Phone Mount","PT05-BIKESTAND","Free Size","1","181.0","181.0","TKASECT08065596"
"DELIVERED","334591002168566336_1","508240986","2026-09-24","","Rajasthan","MJM 360? Rotating Bike Mobile Holder Stand for Motorcycle, Bicycle & Scooter Handlebar Phone Mount","PT05-BIKESTAND","Free Size","1","200.0","178.0","TKASECT08065590"
"DELIVERED","334604333497891904_1","573920273","2026-09-24","","Tamil Nadu","MJM Rainproof Motorcycle Mobile Holder 360? Rotatable Phone Mount with 270? Adjustable Arm | Rain Water Protection | For Navigation, GPS & Delivery Riders","MJM-MOTO-WP360","Free Size","1","319.0","319.0","TP5CPEU07802203"
"DELIVERED","334606952660384832_1","505105292","2026-09-24","","Andhra Pradesh","MJM Waterproof Mobile Pouch Combo Pack of 8 | Universal Touch Screen Phone Cover with Neck Strap, Triple Lock Waterproof Case for Swimming, Travel, Beach & Rain Protection","3lockrainpouch-8pc","Free Size","1","127.0","109.0","TP2OMEU01095736"
"DELIVERED","334608798007343042_1","508240986","2026-09-24","","Gujarat","MJM 360? Rotating Bike Mobile Holder Stand for Motorcycle, Bicycle & Scooter Handlebar Phone Mount","PT05-BIKESTAND","Free Size","1","200.0","178.0","TKASECT08065598"
"CANCELLED","334627659909870912_1","508240986","2026-09-24","","Andhra Pradesh","MJM 360? Rotating Bike Mobile Holder Stand for Motorcycle, Bicycle & Scooter Handlebar Phone Mount","PT05-BIKESTAND","Free Size","1","200.0","178.0",
"RTO_LOCKED","334639849681370304_1","573920273","2026-09-24","","Madhya Pradesh","MJM Rainproof Motorcycle Mobile Holder 360? Rotatable Phone Mount with 270? Adjustable Arm | Rain Water Protection | For Navigation, GPS & Delivery Riders","MJM-MOTO-WP360","Free Size","1","319.0","319.0","TP5CPEU07802193"
"CANCELLED","334651564104795328_1","505105292","2026-09-24","","Rajasthan","MJM Waterproof Mobile Pouch Combo Pack of 8 | Universal Touch Screen Phone Cover with Neck Strap, Triple Lock Waterproof Case for Swimming, Travel, Beach & Rain Protection","3lockrainpouch-8pc","Free Size","1","127.0","109.0",
"DELIVERED","334654493535943808_1","508240986","2026-09-24","","Madhya Pradesh","MJM 360? Rotating Bike Mobile Holder Stand for Motorcycle, Bicycle & Scooter Handlebar Phone Mount","PT05-BIKESTAND","Free Size","1","200.0","178.0","TKASECT08065515"
"DELIVERED","334686018990159168_1","508240986","2026-09-24","","Uttar Pradesh","MJM 360? Rotating Bike Mobile Holder Stand for Motorcycle, Bicycle & Scooter Handlebar Phone Mount","PT05-BIKESTAND","Free Size","1","200.0","178.0","TKASECT08065520"
"DELIVERED","334699635916326080_1","508240986","2026-09-24","","Maharashtra","MJM 360? Rotating Bike Mobile Holder Stand for Motorcycle, Bicycle & Scooter Handlebar Phone Mount","PT05-BIKESTAND","Free Size","1","200.0","178.0","TKASECT08065592"
"DELIVERED","334710762506468480_1","520984242","2026-09-24","","Uttar Pradesh","MJM Cute Tom & Jerry Printed Soft TPU Back Cover with 9H Tempered Glass for Samsung Galaxy A16 5G | Shockproof Designer Case | Camera Protection | Brown ","MJM-TJ-SAMA16-BRN-001","Free Size","1","130.0","130.0","TP2OMEU01095742"
"DELIVERED","334715630131266752_1","508240986","2026-09-24","","Karnataka","MJM 360? Rotating Bike Mobile Holder Stand for Motorcycle, Bicycle & Scooter Handlebar Phone Mount","PT05-BIKESTAND","Free Size","1","200.0","200.0","TKASECT08065586"
"DELIVERED","334723594719509568_1","508240986","2026-09-24","","West Bengal","MJM 360? Rotating Bike Mobile Holder Stand for Motorcycle, Bicycle & Scooter Handlebar Phone Mount","PT05-BIKESTAND","Free Size","1","181.0","159.0","TKASECT08065587"
"DELIVERED","334731835608316992_1","505105292","2026-09-24","","West Bengal","MJM Waterproof Mobile Pouch Combo Pack of 8 | Universal Touch Screen Phone Cover with Neck Strap, Triple Lock Waterproof Case for Swimming, Travel, Beach & Rain Protection","3lockrainpouch-8pc","Free Size","1","146.0","128.0","TP2OMEU01095730"
"DELIVERED","334751677637470784_1","508240986","2026-09-24","","Tamil Nadu","MJM 360? Rotating Bike Mobile Holder Stand for Motorcycle, Bicycle & Scooter Handlebar Phone Mount","PT05-BIKESTAND","Free Size","1","181.0","181.0","TKASECT08065580"
"DELIVERED","334754947582309696_1","505105292","2026-09-24","","Tamil Nadu","MJM Waterproof Mobile Pouch Combo Pack of 8 | Universal Touch Screen Phone Cover with Neck Strap, Triple Lock Waterproof Case for Swimming, Travel, Beach & Rain Protection","3lockrainpouch-8pc","Free Size","1","146.0","128.0","TP2OMEU01095733"
"DELIVERED","334770459385182144_1","508162782","2026-09-25","","Tamil Nadu","MJM Crystal Pro Wireless Bluetooth Earbuds with Smart LED Display, 48H Playback, ENC Calling, Type-C Charging, Low Latency Gaming Earbuds","Crystalpro-black","Free Size","1","271.0","271.0","TP2OMEU01095753"
"DELIVERED","334795419723508288_1","508240986","2026-09-25","","Uttar Pradesh","MJM 360? Rotating Bike Mobile Holder Stand for Motorcycle, Bicycle & Scooter Handlebar Phone Mount","PT05-BIKESTAND","Free Size","1","181.0","181.0","TKASECT08065599"
"DELIVERED","334868123892234176_1","508240986","2026-09-25","","Odisha","MJM 360? Rotating Bike Mobile Holder Stand for Motorcycle, Bicycle & Scooter Handlebar Phone Mount","PT05-BIKESTAND","Free Size","1","200.0","200.0","TKASECT08065539"
"RTO_LOCKED","334873544457202240_1","508240986","2026-09-25","","Rajasthan","MJM 360? Rotating Bike Mobile Holder Stand for Motorcycle, Bicycle & Scooter Handlebar Phone Mount","PT05-BIKESTAND","Free Size","1","200.0","200.0","TKASECT08065537"
"DELIVERED","334880991853327680_1","508240986","2026-09-25","","Madhya Pradesh","MJM 360? Rotating Bike Mobile Holder Stand for Motorcycle, Bicycle & Scooter Handlebar Phone Mount","PT05-BIKESTAND","Free Size","1","181.0","159.0","TKASECT08065584"
"DELIVERED","334888219441022144_1","508240986","2026-09-25","","Odisha","MJM 360? Rotating Bike Mobile Holder Stand for Motorcycle, Bicycle & Scooter Handlebar Phone Mount","PT05-BIKESTAND","Free Size","1","200.0","178.0","TKASECT08065533"
"SHIPPED","334889568002032832_1","508573229","2026-09-25","","Karnataka","MJM Premium Metal Mobile Stand | 360? Rotation Adjustable Phone Holder | Foldable Desk Table Stand for Smartphone & Tablet","L396-STAND","Free Size","1","160.0","160.0","TP2OMEU01095768"
"DELIVERED","334891704852331712_1","508240986","2026-09-25","","Rajasthan","MJM 360? Rotating Bike Mobile Holder Stand for Motorcycle, Bicycle & Scooter Handlebar Phone Mount","PT05-BIKESTAND","Free Size","1","200.0","178.0","TKASECT08065506"
"DELIVERED","334900568172879488_1","508240986","2026-09-25","","Karnataka","MJM 360? Rotating Bike Mobile Holder Stand for Motorcycle, Bicycle & Scooter Handlebar Phone Mount","PT05-BIKESTAND","Free Size","1","200.0","200.0","TKASECT08065516"
"DELIVERED","334905771848287424_1","508240986","2026-09-25","","Chhattisgarh","MJM 360? Rotating Bike Mobile Holder Stand for Motorcycle, Bicycle & Scooter Handlebar Phone Mount","PT05-BIKESTAND","Free Size","1","181.0","181.0","TKASECT08065535"
"DELIVERED","334905771848287424_2","508240986","2026-09-25","","Chhattisgarh","MJM 360? Rotating Bike Mobile Holder Stand for Motorcycle, Bicycle & Scooter Handlebar Phone Mount","PT05-BIKESTAND","Free Size","1","181.0","181.0","TKASECT08065597"
"DELIVERED","334922744971048897_1","508240986","2026-09-25","","Bihar","MJM 360? Rotating Bike Mobile Holder Stand for Motorcycle, Bicycle & Scooter Handlebar Phone Mount","PT05-BIKESTAND","Free Size","1","200.0","200.0","TKASECT08065543"
"RTO_COMPLETE","334926035167655232_1","508240986","2026-09-25","","Uttar Pradesh","MJM 360? Rotating Bike Mobile Holder Stand for Motorcycle, Bicycle & Scooter Handlebar Phone Mount","PT05-BIKESTAND","Free Size","1","181.0","181.0","TKASECT08065591"
"DELIVERED","334932815121661120_1","508240986","2026-09-25","","Madhya Pradesh","MJM 360? Rotating Bike Mobile Holder Stand for Motorcycle, Bicycle & Scooter Handlebar Phone Mount","PT05-BIKESTAND","Free Size","1","200.0","178.0","TKASECT08065588"
"DELIVERED","334936153129139328_1","508573229","2026-09-25","","Gujarat","MJM Premium Metal Mobile Stand | 360? Rotation Adjustable Phone Holder | Foldable Desk Table Stand for Smartphone & Tablet","L396-STAND","Free Size","1","160.0","160.0","TP2OMEU01095767"
"DELIVERED","334935793880279616_1","573920273","2026-09-25","","Uttar Pradesh","MJM Rainproof Motorcycle Mobile Holder 360? Rotatable Phone Mount with 270? Adjustable Arm | Rain Water Protection | For Navigation, GPS & Delivery Riders","MJM-MOTO-WP360","Free Size","1","297.0","297.0","TP5CPEU07802133"
"DELIVERED","334938893617736256_1","508162782","2026-09-25","","Odisha","MJM Crystal Pro Wireless Bluetooth Earbuds with Smart LED Display, 48H Playback, ENC Calling, Type-C Charging, Low Latency Gaming Earbuds","Crystalpro-black","Free Size","1","271.0","253.0","TP2OMEU01095751"
"DELIVERED","334946558115232896_1","508240986","2026-09-25","","Punjab","MJM 360? Rotating Bike Mobile Holder Stand for Motorcycle, Bicycle & Scooter Handlebar Phone Mount","PT05-BIKESTAND","Free Size","1","181.0","159.0","TKASECT08065593"
"DELIVERED","334951313210260672_1","505105292","2026-09-25","","Odisha","MJM Waterproof Mobile Pouch Combo Pack of 8 | Universal Touch Screen Phone Cover with Neck Strap, Triple Lock Waterproof Case for Swimming, Travel, Beach & Rain Protection","3lockrainpouch-8pc","Free Size","1","146.0","128.0","TP2OMEU01095729"
"DELIVERED","334958975232256576_1","508240986","2026-09-25","","Uttar Pradesh","MJM 360? Rotating Bike Mobile Holder Stand for Motorcycle, Bicycle & Scooter Handlebar Phone Mount","PT05-BIKESTAND","Free Size","1","181.0","181.0","TKASECT08065595"
"DELIVERED","334962571956988480_1","508240986","2026-09-25","","Andhra Pradesh","MJM 360? Rotating Bike Mobile Holder Stand for Motorcycle, Bicycle & Scooter Handlebar Phone Mount","PT05-BIKESTAND","Free Size","1","200.0","200.0","TKASECT08065547"
"DELIVERED","334965259172063808_1","505105292","2026-09-25","","Tamil Nadu","MJM Waterproof Mobile Pouch Combo Pack of 8 | Universal Touch Screen Phone Cover with Neck Strap, Triple Lock Waterproof Case for Swimming, Travel, Beach & Rain Protection","3lockrainpouch-8pc","Free Size","1","146.0","128.0","TP2OMEU01095727"
"DELIVERED","334965677321532736_1","505105292","2026-09-25","","Haryana","MJM Waterproof Mobile Pouch Combo Pack of 8 | Universal Touch Screen Phone Cover with Neck Strap, Triple Lock Waterproof Case for Swimming, Travel, Beach & Rain Protection","3lockrainpouch-8pc","Free Size","1","146.0","128.0","TP2OMEU01095728"
"DELIVERED","334967773424958528_1","508240986","2026-09-25","","Madhya Pradesh","MJM 360? Rotating Bike Mobile Holder Stand for Motorcycle, Bicycle & Scooter Handlebar Phone Mount","PT05-BIKESTAND","Free Size","1","181.0","159.0","TKASECT08065552"
"DELIVERED","334980412030148224_1","508240986","2026-09-25","","Uttar Pradesh","MJM 360? Rotating Bike Mobile Holder Stand for Motorcycle, Bicycle & Scooter Handlebar Phone Mount","PT05-BIKESTAND","Free Size","1","200.0","178.0","TKASECT08065542"
"DELIVERED","334985652761443520_1","505105292","2026-09-25","","Karnataka","MJM Waterproof Mobile Pouch Combo Pack of 8 | Universal Touch Screen Phone Cover with Neck Strap, Triple Lock Waterproof Case for Swimming, Travel, Beach & Rain Protection","3lockrainpouch-8pc","Free Size","1","146.0","128.0","TP2OMEU01095735"
"RTO_LOCKED","334996212043398336_1","508240986","2026-09-25","","Kerala","MJM 360? Rotating Bike Mobile Holder Stand for Motorcycle, Bicycle & Scooter Handlebar Phone Mount","PT05-BIKESTAND","Free Size","1","200.0","200.0","TKASECT08065589"
"RTO_LOCKED","335015004693773376_1","508240986","2026-09-25","","Odisha","MJM 360? Rotating Bike Mobile Holder Stand for Motorcycle, Bicycle & Scooter Handlebar Phone Mount","PT05-BIKESTAND","Free Size","1","181.0","181.0","TKASECT08038601"
"DELIVERED","335032871799667776_1","505105292","2026-09-25","","Uttar Pradesh","MJM Waterproof Mobile Pouch Combo Pack of 8 | Universal Touch Screen Phone Cover with Neck Strap, Triple Lock Waterproof Case for Swimming, Travel, Beach & Rain Protection","3lockrainpouch-8pc","Free Size","1","127.0","109.0","TP2OMEU01095740"
"DELIVERED","335033288432467072_1","508240986","2026-09-25","","Kerala","MJM 360? Rotating Bike Mobile Holder Stand for Motorcycle, Bicycle & Scooter Handlebar Phone Mount","PT05-BIKESTAND","Free Size","1","181.0","159.0","TKASECT08065567"
"DELIVERED","335039174958564544_1","508162782","2026-09-25","","Bihar","MJM Crystal Pro Wireless Bluetooth Earbuds with Smart LED Display, 48H Playback, ENC Calling, Type-C Charging, Low Latency Gaming Earbuds","Crystalpro-black","Free Size","1","271.0","271.0","TP2OMEU01095755"
"DELIVERED","335043716713723840_1","508573229","2026-09-25","","Rajasthan","MJM Premium Metal Mobile Stand | 360? Rotation Adjustable Phone Holder | Foldable Desk Table Stand for Smartphone & Tablet","L396-STAND","Free Size","1","160.0","143.0","TP2OMEU01095724"
"DELIVERED","335044173351795904_1","573920273","2026-09-25","","Uttar Pradesh","MJM Rainproof Motorcycle Mobile Holder 360? Rotatable Phone Mount with 270? Adjustable Arm | Rain Water Protection | For Navigation, GPS & Delivery Riders","MJM-MOTO-WP360","Free Size","1","319.0","319.0","TP5CPEU07802120"
"DELIVERED","335050388682844736_1","508240986","2026-09-25","","Maharashtra","MJM 360? Rotating Bike Mobile Holder Stand for Motorcycle, Bicycle & Scooter Handlebar Phone Mount","PT05-BIKESTAND","Free Size","1","200.0","200.0","TKASECT08065569"
"DELIVERED","335050902475029696_1","505105292","2026-09-25","","Karnataka","MJM Waterproof Mobile Pouch Combo Pack of 8 | Universal Touch Screen Phone Cover with Neck Strap, Triple Lock Waterproof Case for Swimming, Travel, Beach & Rain Protection","3lockrainpouch-8pc","Free Size","1","146.0","128.0","TP2OMEU01095731"
"DELIVERED","335057613596309440_1","508240986","2026-09-25","","Dadra & Nagar Haveli & Daman & Diu","MJM 360? Rotating Bike Mobile Holder Stand for Motorcycle, Bicycle & Scooter Handlebar Phone Mount","PT05-BIKESTAND","Free Size","1","181.0","159.0","TKASECT08065546"
"DELIVERED","335081649302846592_1","573920273","2026-09-25","","Haryana","MJM Rainproof Motorcycle Mobile Holder 360? Rotatable Phone Mount with 270? Adjustable Arm | Rain Water Protection | For Navigation, GPS & Delivery Riders","MJM-MOTO-WP360","Free Size","1","297.0","297.0","TP5CPEU07802195"
"DELIVERED","335086702503835584_1","508240986","2026-09-25","","Kerala","MJM 360? Rotating Bike Mobile Holder Stand for Motorcycle, Bicycle & Scooter Handlebar Phone Mount","PT05-BIKESTAND","Free Size","1","181.0","159.0","TKASECT08038598"
"DELIVERED","335096986727527744_1","508240986","2026-09-25","","Gujarat","MJM 360? Rotating Bike Mobile Holder Stand for Motorcycle, Bicycle & Scooter Handlebar Phone Mount","PT05-BIKESTAND","Free Size","1","181.0","181.0","TKASECT08065568"
"DELIVERED","335102904907249600_1","508240986","2026-09-25","","Telangana","MJM 360? Rotating Bike Mobile Holder Stand for Motorcycle, Bicycle & Scooter Handlebar Phone Mount","PT05-BIKESTAND","Free Size","1","200.0","178.0","TKASECT08065524"
"CANCELLED","335105216838642240_1","508240986","2026-09-25","","Gujarat","MJM 360? Rotating Bike Mobile Holder Stand for Motorcycle, Bicycle & Scooter Handlebar Phone Mount","PT05-BIKESTAND","Free Size","1","200.0","178.0","TKASECT08065571"
"DELIVERED","335126179399608896_1","573920273","2026-09-26","","Tamil Nadu","MJM Rainproof Motorcycle Mobile Holder 360? Rotatable Phone Mount with 270? Adjustable Arm | Rain Water Protection | For Navigation, GPS & Delivery Riders","MJM-MOTO-WP360","Free Size","1","297.0","297.0","TP5CPEU07802131"
"DELIVERED","335127621647120320_1","573920273","2026-09-26","","Odisha","MJM Rainproof Motorcycle Mobile Holder 360? Rotatable Phone Mount with 270? Adjustable Arm | Rain Water Protection | For Navigation, GPS & Delivery Riders","MJM-MOTO-WP360","Free Size","1","319.0","319.0","TP5CPEU07802132"
"DELIVERED","335211906504768640_1","505105292","2026-09-26","","Uttar Pradesh","MJM Waterproof Mobile Pouch Combo Pack of 8 | Universal Touch Screen Phone Cover with Neck Strap, Triple Lock Waterproof Case for Swimming, Travel, Beach & Rain Protection","3lockrainpouch-8pc","Free Size","1","127.0","109.0","TP2OMEU01095738"
"DELIVERED","335216727114824768_1","508573229","2026-09-26","","Gujarat","MJM Premium Metal Mobile Stand | 360? Rotation Adjustable Phone Holder | Foldable Desk Table Stand for Smartphone & Tablet","L396-STAND","Free Size","1","141.0","124.0","TP2OMEU01095745"
"SHIPPED","335245490510806208_1","508240986","2026-09-26","","Nagaland","MJM 360? Rotating Bike Mobile Holder Stand for Motorcycle, Bicycle & Scooter Handlebar Phone Mount","PT05-BIKESTAND","Free Size","1","200.0","200.0","TKASECT08065557"
"CANCELLED","335255256062671936_1","573920273","2026-09-26","","Maharashtra","MJM Rainproof Motorcycle Mobile Holder 360? Rotatable Phone Mount with 270? Adjustable Arm | Rain Water Protection | For Navigation, GPS & Delivery Riders","MJM-MOTO-WP360","Free Size","1","297.0","297.0","TP5CPEU07802190"
"DELIVERED","335258033807604864_1","508240986","2026-09-26","","Bihar","MJM 360? Rotating Bike Mobile Holder Stand for Motorcycle, Bicycle & Scooter Handlebar Phone Mount","PT05-BIKESTAND","Free Size","1","200.0","200.0","TKASECT08038550"
"DELIVERED","335280491370733184_1","508240986","2026-09-26","","Odisha","MJM 360? Rotating Bike Mobile Holder Stand for Motorcycle, Bicycle & Scooter Handlebar Phone Mount","PT05-BIKESTAND","Free Size","1","181.0","181.0","TKASECT08065563"
"SHIPPED","335282728998362752_1","505105292","2026-09-26","","Uttarakhand","MJM Waterproof Mobile Pouch Combo Pack of 8 | Universal Touch Screen Phone Cover with Neck Strap, Triple Lock Waterproof Case for Swimming, Travel, Beach & Rain Protection","3lockrainpouch-8pc","Free Size","1","127.0","109.0","TP2OMEU01095732"
"DELIVERED","335289828541999680_1","508240986","2026-09-26","","West Bengal","MJM 360? Rotating Bike Mobile Holder Stand for Motorcycle, Bicycle & Scooter Handlebar Phone Mount","PT05-BIKESTAND","Free Size","1","200.0","178.0","TKASECT08065548"
"DELIVERED","335291321158909056_1","508240986","2026-09-26","","Uttar Pradesh","MJM 360? Rotating Bike Mobile Holder Stand for Motorcycle, Bicycle & Scooter Handlebar Phone Mount","PT05-BIKESTAND","Free Size","1","181.0","181.0","TKASECT08065555"
"SHIPPED","335294509589116224_1","573920273","2026-09-26","","Kerala","MJM Rainproof Motorcycle Mobile Holder 360? Rotatable Phone Mount with 270? Adjustable Arm | Rain Water Protection | For Navigation, GPS & Delivery Riders","MJM-MOTO-WP360","Free Size","1","297.0","297.0","TP5CPEU07802122"
"DELIVERED","335301539133570112_1","508240986","2026-09-26","","Rajasthan","MJM 360? Rotating Bike Mobile Holder Stand for Motorcycle, Bicycle & Scooter Handlebar Phone Mount","PT05-BIKESTAND","Free Size","1","200.0","178.0","TKASECT08065545"
"RTO_LOCKED","335304674652632384_1","573920273","2026-09-26","","West Bengal","MJM Rainproof Motorcycle Mobile Holder 360? Rotatable Phone Mount with 270? Adjustable Arm | Rain Water Protection | For Navigation, GPS & Delivery Riders","MJM-MOTO-WP360","Free Size","1","297.0","297.0","TP5CPEU07802198"
"CANCELLED","335317723958654272_1","573920273","2026-09-26","","Tamil Nadu","MJM Rainproof Motorcycle Mobile Holder 360? Rotatable Phone Mount with 270? Adjustable Arm | Rain Water Protection | For Navigation, GPS & Delivery Riders","MJM-MOTO-WP360","Free Size","1","319.0","319.0",
"CANCELLED","335334817691085376_1","573920273","2026-09-26","","Uttar Pradesh","MJM Rainproof Motorcycle Mobile Holder 360? Rotatable Phone Mount with 270? Adjustable Arm | Rain Water Protection | For Navigation, GPS & Delivery Riders","MJM-MOTO-WP360","Free Size","1","297.0","297.0",
"CANCELLED","335343120603592000_1","573920273","2026-09-26","","Karnataka","MJM Rainproof Motorcycle Mobile Holder 360? Rotatable Phone Mount with 270? Adjustable Arm | Rain Water Protection | For Navigation, GPS & Delivery Riders","MJM-MOTO-WP360","Free Size","1","297.0","297.0",
"DELIVERED","335359171697489216_1","508240986","2026-09-26","","Uttar Pradesh","MJM 360? Rotating Bike Mobile Holder Stand for Motorcycle, Bicycle & Scooter Handlebar Phone Mount","PT05-BIKESTAND","Free Size","1","200.0","178.0","TKASECT08065565"
"SHIPPED","335402671629581440_1","573920273","2026-09-26","","Tamil Nadu","MJM Rainproof Motorcycle Mobile Holder 360? Rotatable Phone Mount with 270? Adjustable Arm | Rain Water Protection | For Navigation, GPS & Delivery Riders","MJM-MOTO-WP360","Free Size","1","297.0","297.0","TP5CPEU07802124"
"DELIVERED","335407978842604736_1","573920273","2026-09-26","","Uttar Pradesh","MJM Rainproof Motorcycle Mobile Holder 360? Rotatable Phone Mount with 270? Adjustable Arm | Rain Water Protection | For Navigation, GPS & Delivery Riders","MJM-MOTO-WP360","Free Size","1","319.0","319.0","TP5CPEU07802194"
"DELIVERED","335416185945504896_1","573920273","2026-09-26","","Karnataka","MJM Rainproof Motorcycle Mobile Holder 360? Rotatable Phone Mount with 270? Adjustable Arm | Rain Water Protection | For Navigation, GPS & Delivery Riders","MJM-MOTO-WP360","Free Size","1","319.0","319.0","TP5CPEU07802121"
"RTO_INITIATED","335418031279880128_1","508240986","2026-09-26","","Maharashtra","MJM 360? Rotating Bike Mobile Holder Stand for Motorcycle, Bicycle & Scooter Handlebar Phone Mount","PT05-BIKESTAND","Free Size","1","200.0","200.0","TKASECT08065553"
"CANCELLED","335421998241242752_1","508240986","2026-09-26","","Rajasthan","MJM 360? Rotating Bike Mobile Holder Stand for Motorcycle, Bicycle & Scooter Handlebar Phone Mount","PT05-BIKESTAND","Free Size","1","200.0","200.0",
"DELIVERED","335432814634032768_1","573920273","2026-09-26","","Tamil Nadu","MJM Rainproof Motorcycle Mobile Holder 360? Rotatable Phone Mount with 270? Adjustable Arm | Rain Water Protection | For Navigation, GPS & Delivery Riders","MJM-MOTO-WP360","Free Size","1","319.0","319.0","TP5CPEU07802126"
"RTO_LOCKED","335444022165421248_1","573920273","2026-09-26","","Telangana","MJM Rainproof Motorcycle Mobile Holder 360? Rotatable Phone Mount with 270? Adjustable Arm | Rain Water Protection | For Navigation, GPS & Delivery Riders","MJM-MOTO-WP360","Free Size","1","297.0","297.0","TP5CPEU07802200"
"DELIVERED","335444560258096768_1","505105292","2026-09-26","","Uttar Pradesh","MJM Waterproof Mobile Pouch Combo Pack of 8 | Universal Touch Screen Phone Cover with Neck Strap, Triple Lock Waterproof Case for Swimming, Travel, Beach & Rain Protection","3lockrainpouch-8pc","Free Size","1","127.0","109.0","TP2OMEU01095737"
"DELIVERED","335445367622646848_1","573920273","2026-09-26","","Rajasthan","MJM Rainproof Motorcycle Mobile Holder 360? Rotatable Phone Mount with 270? Adjustable Arm | Rain Water Protection | For Navigation, GPS & Delivery Riders","MJM-MOTO-WP360","Free Size","1","319.0","319.0","TP5CPEU07802202"
"CANCELLED","335445552450513472_1","508240986","2026-09-26","","Andhra Pradesh","MJM 360? Rotating Bike Mobile Holder Stand for Motorcycle, Bicycle & Scooter Handlebar Phone Mount","PT05-BIKESTAND","Free Size","1","200.0","178.0",
"DELIVERED","335485076537261184_1","508240986","2026-09-26","","Madhya Pradesh","MJM 360? Rotating Bike Mobile Holder Stand for Motorcycle, Bicycle & Scooter Handlebar Phone Mount","PT05-BIKESTAND","Free Size","1","181.0","159.0","TKASECT08038600"
"DELIVERED","335496323735403584_1","508240986","2026-09-27","","West Bengal","MJM 360? Rotating Bike Mobile Holder Stand for Motorcycle, Bicycle & Scooter Handlebar Phone Mount","PT05-BIKESTAND","Free Size","1","200.0","178.0","TKASECT08065577"
"DELIVERED","335532371051986112_1","508240986","2026-09-27","","Uttar Pradesh","MJM 360? Rotating Bike Mobile Holder Stand for Motorcycle, Bicycle & Scooter Handlebar Phone Mount","PT05-BIKESTAND","Free Size","1","200.0","200.0","TKASECT08065564"
"CANCELLED","335539179544034368_1","573920273","2026-09-27","","West Bengal","MJM Rainproof Motorcycle Mobile Holder 360? Rotatable Phone Mount with 270? Adjustable Arm | Rain Water Protection | For Navigation, GPS & Delivery Riders","MJM-MOTO-WP360","Free Size","1","319.0","319.0","TP5CPEU07802197"
"RTO_LOCKED","335591288347998144_1","573920273","2026-09-27","","Madhya Pradesh","MJM Rainproof Motorcycle Mobile Holder 360? Rotatable Phone Mount with 270? Adjustable Arm | Rain Water Protection | For Navigation, GPS & Delivery Riders","MJM-MOTO-WP360","Free Size","1","319.0","319.0","TP5CPEU07802199"
"SHIPPED","335599226076706112_1","573920273","2026-09-27","","Gujarat","MJM Rainproof Motorcycle Mobile Holder 360? Rotatable Phone Mount with 270? Adjustable Arm | Rain Water Protection | For Navigation, GPS & Delivery Riders","MJM-MOTO-WP360","Free Size","1","319.0","319.0","TP5CPEU07802130"
"DELIVERED","335606038565926209_1","573920273","2026-09-27","","Telangana","MJM Rainproof Motorcycle Mobile Holder 360? Rotatable Phone Mount with 270? Adjustable Arm | Rain Water Protection | For Navigation, GPS & Delivery Riders","MJM-MOTO-WP360","Free Size","1","319.0","319.0","TP5CPEU07802192"
"DELIVERED","335606999914208896_1","508240986","2026-09-27","","Chhattisgarh","MJM 360? Rotating Bike Mobile Holder Stand for Motorcycle, Bicycle & Scooter Handlebar Phone Mount","PT05-BIKESTAND","Free Size","1","181.0","159.0","TKASECT08065573"
"DELIVERED","335610317491232384_1","508240986","2026-09-27","","Chhattisgarh","MJM 360? Rotating Bike Mobile Holder Stand for Motorcycle, Bicycle & Scooter Handlebar Phone Mount","PT05-BIKESTAND","Free Size","1","200.0","178.0","TKASECT08065551"
"SHIPPED","335614893890911296_1","508240986","2026-09-27","","Madhya Pradesh","MJM 360? Rotating Bike Mobile Holder Stand for Motorcycle, Bicycle & Scooter Handlebar Phone Mount","PT05-BIKESTAND","Free Size","1","200.0","200.0","TKASECT08065525"
"SHIPPED","335615372842677568_1","508240986","2026-09-27","","Karnataka","MJM 360? Rotating Bike Mobile Holder Stand for Motorcycle, Bicycle & Scooter Handlebar Phone Mount","PT05-BIKESTAND","Free Size","1","200.0","200.0","TKASECT08065576"
"SHIPPED","335615666261076544_1","573920273","2026-09-27","","Mizoram","MJM Rainproof Motorcycle Mobile Holder 360? Rotatable Phone Mount with 270? Adjustable Arm | Rain Water Protection | For Navigation, GPS & Delivery Riders","MJM-MOTO-WP360","Free Size","1","319.0","319.0","TP5CPEU07802129"
"RTO_LOCKED","335617133330480320_1","508240986","2026-09-27","","Odisha","MJM 360? Rotating Bike Mobile Holder Stand for Motorcycle, Bicycle & Scooter Handlebar Phone Mount","PT05-BIKESTAND","Free Size","1","181.0","181.0","TKASECT08065556"
"SHIPPED","335623964589208896_1","508240986","2026-09-27","","Arunachal Pradesh","MJM 360? Rotating Bike Mobile Holder Stand for Motorcycle, Bicycle & Scooter Handlebar Phone Mount","PT05-BIKESTAND","Free Size","1","200.0","200.0","TKASECT08065562"
"CANCELLED","335632044605487040_1","514401619","2026-09-27","","Tamil Nadu","MJM Motorcycle Mobile Holder for Rear View Mirror | 360? Rotation | Metal Bike Phone Holder Compatible with Motorcycle & Honda Activa Type Scooters | Black","MJM-BSC2-BLK-001","Free Size","1","219.0","202.0","TKASECT08065526"
"RTO_LOCKED","335634230211163456_1","508240986","2026-09-27","","Rajasthan","MJM 360? Rotating Bike Mobile Holder Stand for Motorcycle, Bicycle & Scooter Handlebar Phone Mount","PT05-BIKESTAND","Free Size","1","200.0","200.0","TKASECT08065554"
"DELIVERED","335641324680915520_1","508573229","2026-09-27","","Maharashtra","MJM Premium Metal Mobile Stand | 360? Rotation Adjustable Phone Holder | Foldable Desk Table Stand for Smartphone & Tablet","L396-STAND","Free Size","1","141.0","124.0","TP2OMEU01095747"
"DELIVERED","335641324680915520_2","508573229","2026-09-27","","Maharashtra","MJM Premium Metal Mobile Stand | 360? Rotation Adjustable Phone Holder | Foldable Desk Table Stand for Smartphone & Tablet","L396-STAND","Free Size","1","141.0","124.0","TP2OMEU01095744"
"DELIVERED","335648708576501376_1","508573229","2026-09-27","","Karnataka","MJM Premium Metal Mobile Stand | 360? Rotation Adjustable Phone Holder | Foldable Desk Table Stand for Smartphone & Tablet","L396-STAND","Free Size","1","141.0","124.0","TP2OMEU01095748"
"CANCELLED","335656788780301504_1","508240986","2026-09-27","","Bihar","MJM 360? Rotating Bike Mobile Holder Stand for Motorcycle, Bicycle & Scooter Handlebar Phone Mount","PT05-BIKESTAND","Free Size","1","200.0","200.0",
"CANCELLED","335658241422964672_1","508240986","2026-09-27","","Gujarat","MJM 360? Rotating Bike Mobile Holder Stand for Motorcycle, Bicycle & Scooter Handlebar Phone Mount","PT05-BIKESTAND","Free Size","1","200.0","200.0",
"DELIVERED","335690083861707904_1","508240986","2026-09-27","","Madhya Pradesh","MJM 360? Rotating Bike Mobile Holder Stand for Motorcycle, Bicycle & Scooter Handlebar Phone Mount","PT05-BIKESTAND","Free Size","1","200.0","200.0","TKASECT08038599"
"DELIVERED","335693065416260736_1","508240986","2026-09-27","","Telangana","MJM 360? Rotating Bike Mobile Holder Stand for Motorcycle, Bicycle & Scooter Handlebar Phone Mount","PT05-BIKESTAND","Free Size","1","200.0","200.0","TKASECT08065536"
"DELIVERED","335695585836448960_1","508573229","2026-09-27","","Jharkhand","MJM Premium Metal Mobile Stand | 360? Rotation Adjustable Phone Holder | Foldable Desk Table Stand for Smartphone & Tablet","L396-STAND","Free Size","1","141.0","124.0","TP2OMEU01095741"
"RTO_LOCKED","335719303442775169_1","508240986","2026-09-27","","Gujarat","MJM 360? Rotating Bike Mobile Holder Stand for Motorcycle, Bicycle & Scooter Handlebar Phone Mount","PT05-BIKESTAND","Free Size","1","200.0","200.0","TKASECT08065534"
"DELIVERED","335719606487099968_1","508240986","2026-09-27","","Bihar","MJM 360? Rotating Bike Mobile Holder Stand for Motorcycle, Bicycle & Scooter Handlebar Phone Mount","PT05-BIKESTAND","Free Size","1","200.0","178.0","TKASECT08065549"
"CANCELLED","335723336891020608_1","508162782","2026-09-27","","Madhya Pradesh","MJM Crystal Pro Wireless Bluetooth Earbuds with Smart LED Display, 48H Playback, ENC Calling, Type-C Charging, Low Latency Gaming Earbuds","Crystalpro-black","Free Size","1","271.0","271.0",
"CANCELLED","335736295415526720_1","508240986","2026-09-27","","Telangana","MJM 360? Rotating Bike Mobile Holder Stand for Motorcycle, Bicycle & Scooter Handlebar Phone Mount","PT05-BIKESTAND","Free Size","1","181.0","159.0",
"DELIVERED","335740231782415552_1","508573229","2026-09-27","","Uttar Pradesh","MJM Premium Metal Mobile Stand | 360? Rotation Adjustable Phone Holder | Foldable Desk Table Stand for Smartphone & Tablet","L396-STAND","Free Size","1","141.0","124.0","TP2OMEU01095750"
"DELIVERED","335750315581290432_1","508240986","2026-09-27","","Haryana","MJM 360? Rotating Bike Mobile Holder Stand for Motorcycle, Bicycle & Scooter Handlebar Phone Mount","PT05-BIKESTAND","Free Size","1","181.0","159.0","TKASECT08065574"
"DELIVERED","335760631417452480_1","505105292","2026-09-27","","West Bengal","MJM Waterproof Mobile Pouch Combo Pack of 8 | Universal Touch Screen Phone Cover with Neck Strap, Triple Lock Waterproof Case for Swimming, Travel, Beach & Rain Protection","3lockrainpouch-8pc","Free Size","1","146.0","146.0","TP2OMEU01095739"
"DELIVERED","335787946822251840_1","508573229","2026-09-27","","Maharashtra","MJM Premium Metal Mobile Stand | 360? Rotation Adjustable Phone Holder | Foldable Desk Table Stand for Smartphone & Tablet","L396-STAND","Free Size","1","160.0","160.0","TP2OMEU01095743"
"DELIVERED","335790780745694400_1","508240986","2026-09-27","","Maharashtra","MJM 360? Rotating Bike Mobile Holder Stand for Motorcycle, Bicycle & Scooter Handlebar Phone Mount","PT05-BIKESTAND","Free Size","1","200.0","200.0","TKASECT08065550"
"RTO_LOCKED","335795042049506496_1","508240986","2026-09-27","","Uttar Pradesh","MJM 360? Rotating Bike Mobile Holder Stand for Motorcycle, Bicycle & Scooter Handlebar Phone Mount","PT05-BIKESTAND","Free Size","1","200.0","200.0","TKASECT08065530"
"DELIVERED","335796314538423616_1","508240986","2026-09-27","","West Bengal","MJM 360? Rotating Bike Mobile Holder Stand for Motorcycle, Bicycle & Scooter Handlebar Phone Mount","PT05-BIKESTAND","Free Size","1","200.0","200.0","TKASECT08065558"
"DELIVERED","335797450088734336_1","508573229","2026-09-27","","Madhya Pradesh","MJM Premium Metal Mobile Stand | 360? Rotation Adjustable Phone Holder | Foldable Desk Table Stand for Smartphone & Tablet","L396-STAND","Free Size","1","141.0","124.0","TP2OMEU01095746"
"DELIVERED","335802656082803840_1","508240986","2026-09-27","","Uttar Pradesh","MJM 360? Rotating Bike Mobile Holder Stand for Motorcycle, Bicycle & Scooter Handlebar Phone Mount","PT05-BIKESTAND","Free Size","1","181.0","159.0","TKASECT08065575"
"RTO_LOCKED","335803169432057152_1","508573229","2026-09-27","","Jharkhand","MJM Premium Metal Mobile Stand | 360? Rotation Adjustable Phone Holder | Foldable Desk Table Stand for Smartphone & Tablet","L396-STAND","Free Size","1","160.0","160.0","TP2OMEU01095749"
"DELIVERED","335804055550080320_1","508240986","2026-09-27","","Bihar","MJM 360? Rotating Bike Mobile Holder Stand for Motorcycle, Bicycle & Scooter Handlebar Phone Mount","PT05-BIKESTAND","Free Size","1","181.0","159.0","TKASECT08065529"
"DELIVERED","335807769958595776_1","508240986","2026-09-27","","Tamil Nadu","MJM 360? Rotating Bike Mobile Holder Stand for Motorcycle, Bicycle & Scooter Handlebar Phone Mount","PT05-BIKESTAND","Free Size","1","181.0","159.0","TKASECT08065566"
"RTO_LOCKED","335808797237141120_1","520984242","2026-09-27","","Uttar Pradesh","MJM Cute Tom & Jerry Printed Soft TPU Back Cover with 9H Tempered Glass for Samsung Galaxy A16 5G | Shockproof Designer Case | Camera Protection | Green ","MJM-TJ-SAMA16-GRN-001","Free Size","1","130.0","130.0","TKASECT08038552"
"CANCELLED","335832019620772928_1","508240986","2026-09-27","","West Bengal","MJM 360? Rotating Bike Mobile Holder Stand for Motorcycle, Bicycle & Scooter Handlebar Phone Mount","PT05-BIKESTAND","Free Size","1","200.0","200.0",
"SHIPPED","335835076031068096_1","508162782","2026-09-27","","Uttarakhand","MJM Crystal Pro Wireless Bluetooth Earbuds with Smart LED Display, 48H Playback, ENC Calling, Type-C Charging, Low Latency Gaming Earbuds","Crystalpro-black","Free Size","1","300.0","300.0","TP2OMEU01095754"
"SHIPPED","335837410904425664_1","508240986","2026-09-27","","Bihar","MJM 360? Rotating Bike Mobile Holder Stand for Motorcycle, Bicycle & Scooter Handlebar Phone Mount","PT05-BIKESTAND","Free Size","1","200.0","200.0","TKASECT08065561"
"DELIVERED","335852950598630528_1","508240986","2026-09-28","","Karnataka","MJM 360? Rotating Bike Mobile Holder Stand for Motorcycle, Bicycle & Scooter Handlebar Phone Mount","PT05-BIKESTAND","Free Size","1","200.0","178.0","TKASECT08065585"
"RTO_LOCKED","335969029413059712_1","508240986","2026-09-28","","Gujarat","MJM 360? Rotating Bike Mobile Holder Stand for Motorcycle, Bicycle & Scooter Handlebar Phone Mount","PT05-BIKESTAND","Free Size","1","200.0","200.0","TKASECT08065528"
"DELIVERED","335972020304133312_1","508240986","2026-09-28","","Uttar Pradesh","MJM 360? Rotating Bike Mobile Holder Stand for Motorcycle, Bicycle & Scooter Handlebar Phone Mount","PT05-BIKESTAND","Free Size","1","181.0","159.0","TKASECT08065531"
"DELIVERED","335976244489576064_1","508240986","2026-09-28","","Karnataka","MJM 360? Rotating Bike Mobile Holder Stand for Motorcycle, Bicycle & Scooter Handlebar Phone Mount","PT05-BIKESTAND","Free Size","1","200.0","178.0","TKASECT08065513"
"DELIVERED","336003572656421952_1","508240986","2026-09-28","","Delhi","MJM 360? Rotating Bike Mobile Holder Stand for Motorcycle, Bicycle & Scooter Handlebar Phone Mount","PT05-BIKESTAND","Free Size","1","181.0","159.0","TKASECT08038509"
"DELIVERED","336020293640609408_1","508240986","2026-09-28","","Tamil Nadu","MJM 360? Rotating Bike Mobile Holder Stand for Motorcycle, Bicycle & Scooter Handlebar Phone Mount","PT05-BIKESTAND","Free Size","1","181.0","181.0","TKASECT08038506"
"RTO_LOCKED","336024821994534208_1","508240986","2026-09-28","","Haryana","MJM 360? Rotating Bike Mobile Holder Stand for Motorcycle, Bicycle & Scooter Handlebar Phone Mount","PT05-BIKESTAND","Free Size","1","181.0","181.0","TKASECT08038503"
"DELIVERED","336033348704187712_1","508240986","2026-09-28","","Uttar Pradesh","MJM 360? Rotating Bike Mobile Holder Stand for Motorcycle, Bicycle & Scooter Handlebar Phone Mount","PT05-BIKESTAND","Free Size","1","200.0","200.0","TKASECT08038507"
"SHIPPED","336038253795916992_1","508240986","2026-09-28","","Jharkhand","MJM 360? Rotating Bike Mobile Holder Stand for Motorcycle, Bicycle & Scooter Handlebar Phone Mount","PT05-BIKESTAND","Free Size","1","200.0","200.0","TKASECT08065572"
"DELIVERED","336046885817376385_1","508240986","2026-09-28","","Maharashtra","MJM 360? Rotating Bike Mobile Holder Stand for Motorcycle, Bicycle & Scooter Handlebar Phone Mount","PT05-BIKESTAND","Free Size","1","200.0","178.0","TKASECT08065570"
"DELIVERED","336059466194794432_1","508162782","2026-09-28","","Uttar Pradesh","MJM Crystal Pro Wireless Bluetooth Earbuds with Smart LED Display, 48H Playback, ENC Calling, Type-C Charging, Low Latency Gaming Earbuds","Crystalpro-black","Free Size","1","300.0","282.0","TP2OMEU01095757"
"DELIVERED","336067108973324864_1","508240986","2026-09-28","","Delhi","MJM 360? Rotating Bike Mobile Holder Stand for Motorcycle, Bicycle & Scooter Handlebar Phone Mount","PT05-BIKESTAND","Free Size","1","200.0","178.0","TKASECT08038511"
"DELIVERED","336079353689759360_1","505105292","2026-09-28","","Bihar","MJM Waterproof Mobile Pouch Combo Pack of 8 | Universal Touch Screen Phone Cover with Neck Strap, Triple Lock Waterproof Case for Swimming, Travel, Beach & Rain Protection","3lockrainpouch-8pc","Free Size","1","146.0","146.0","TP2OMEU01095762"
"DELIVERED","336095108610045888_1","508240986","2026-09-28","","Gujarat","MJM 360? Rotating Bike Mobile Holder Stand for Motorcycle, Bicycle & Scooter Handlebar Phone Mount","PT05-BIKESTAND","Free Size","1","200.0","200.0","TKASECT08038504"
"DELIVERED","336105435625694016_1","508240986","2026-09-28","","Uttar Pradesh","MJM 360? Rotating Bike Mobile Holder Stand for Motorcycle, Bicycle & Scooter Handlebar Phone Mount","PT05-BIKESTAND","Free Size","1","181.0","159.0","TKASECT08038508"
"DELIVERED","336130270429361856_1","505105292","2026-09-28","","Uttar Pradesh","MJM Waterproof Mobile Pouch Combo Pack of 8 | Universal Touch Screen Phone Cover with Neck Strap, Triple Lock Waterproof Case for Swimming, Travel, Beach & Rain Protection","3lockrainpouch-8pc","Free Size","1","146.0","128.0","TP2OMEU01095734"
"DELIVERED","336137949113661120_1","508240986","2026-09-28","","Maharashtra","MJM 360? Rotating Bike Mobile Holder Stand for Motorcycle, Bicycle & Scooter Handlebar Phone Mount","PT05-BIKESTAND","Free Size","1","200.0","178.0","TKASECT08065560"
"SHIPPED","336141767748952832_1","508573229","2026-09-28","","Assam","MJM Premium Metal Mobile Stand | 360? Rotation Adjustable Phone Holder | Foldable Desk Table Stand for Smartphone & Tablet","L396-STAND","Free Size","1","141.0","141.0","TP2OMEU01095752"
"DELIVERED","336182148810847936_1","508240986","2026-09-28","","Tamil Nadu","MJM 360? Rotating Bike Mobile Holder Stand for Motorcycle, Bicycle & Scooter Handlebar Phone Mount","PT05-BIKESTAND","Free Size","1","181.0","159.0","TKASECT08038510"
"RTO_LOCKED","336185830535894784_1","508240986","2026-09-28","","Tamil Nadu","MJM 360? Rotating Bike Mobile Holder Stand for Motorcycle, Bicycle & Scooter Handlebar Phone Mount","PT05-BIKESTAND","Free Size","1","181.0","181.0","TKASECT08038505"
"DELIVERED","336340907388904192_1","573920273","2026-09-29","","Karnataka","MJM Rainproof Motorcycle Mobile Holder 360? Rotatable Phone Mount with 270? Adjustable Arm | Rain Water Protection | For Navigation, GPS & Delivery Riders","MJM-MOTO-WP360","Free Size","1","297.0","297.0","TP5CPEU07802191"
"SHIPPED","336393904751125824_1","505105292","2026-09-29","","Bihar","MJM Waterproof Mobile Pouch Combo Pack of 8 | Universal Touch Screen Phone Cover with Neck Strap, Triple Lock Waterproof Case for Swimming, Travel, Beach & Rain Protection","3lockrainpouch-8pc","Free Size","1","146.0","128.0","TP2OMEU01095761"
"SHIPPED","336405332915042816_1","508240986","2026-09-29","","Madhya Pradesh","MJM 360? Rotating Bike Mobile Holder Stand for Motorcycle, Bicycle & Scooter Handlebar Phone Mount","PT05-BIKESTAND","Free Size","1","200.0","178.0","TKASECT08038531"
"CANCELLED","336406428251661056_1","514401619","2026-09-29","","Karnataka","MJM Motorcycle Mobile Holder for Rear View Mirror | 360? Rotation | Metal Bike Phone Holder Compatible with Motorcycle & Honda Activa Type Scooters | Black","MJM-BSC2-BLK-001","Free Size","1","219.0","219.0",
"RTO_LOCKED","336408307045677568_1","508240986","2026-09-29","","Telangana","MJM 360? Rotating Bike Mobile Holder Stand for Motorcycle, Bicycle & Scooter Handlebar Phone Mount","PT05-BIKESTAND","Free Size","1","200.0","178.0","TKASECT08065571"
"SHIPPED","336410393366533888_1","508240986","2026-09-29","","Tamil Nadu","MJM 360? Rotating Bike Mobile Holder Stand for Motorcycle, Bicycle & Scooter Handlebar Phone Mount","PT05-BIKESTAND","Free Size","1","200.0","200.0","TKASECT08038534"
"SHIPPED","336413079117570816_1","508240986","2026-09-29","","Nagaland","MJM 360? Rotating Bike Mobile Holder Stand for Motorcycle, Bicycle & Scooter Handlebar Phone Mount","PT05-BIKESTAND","Free Size","1","200.0","200.0","TKASECT08038519"
"RTO_LOCKED","336413896394482432_1","508240986","2026-09-29","","Rajasthan","MJM 360? Rotating Bike Mobile Holder Stand for Motorcycle, Bicycle & Scooter Handlebar Phone Mount","PT05-BIKESTAND","Free Size","1","181.0","181.0","TKASECT08038522"
"DELIVERED","336414968309266944_1","508240986","2026-09-29","","Maharashtra","MJM 360? Rotating Bike Mobile Holder Stand for Motorcycle, Bicycle & Scooter Handlebar Phone Mount","PT05-BIKESTAND","Free Size","1","200.0","178.0","TKASECT08038533"
"SHIPPED","336416619215004416_1","508573229","2026-09-29","","Bihar","MJM Premium Metal Mobile Stand | 360? Rotation Adjustable Phone Holder | Foldable Desk Table Stand for Smartphone & Tablet","L396-STAND","Free Size","1","160.0","160.0","TP2OMEU01095758"
"SHIPPED","336417689764111616_1","508573229","2026-09-29","","Bihar","MJM Premium Metal Mobile Stand | 360? Rotation Adjustable Phone Holder | Foldable Desk Table Stand for Smartphone & Tablet","L396-STAND","Free Size","1","141.0","141.0","TP2OMEU01095764"
"DELIVERED","336429001267656512_1","508240986","2026-09-29","","West Bengal","MJM 360? Rotating Bike Mobile Holder Stand for Motorcycle, Bicycle & Scooter Handlebar Phone Mount","PT05-BIKESTAND","Free Size","1","181.0","159.0","TKASECT08038516"
"DELIVERED","336430090764617536_1","573920273","2026-09-29","","West Bengal","MJM Rainproof Motorcycle Mobile Holder 360? Rotatable Phone Mount with 270? Adjustable Arm | Rain Water Protection | For Navigation, GPS & Delivery Riders","MJM-MOTO-WP360","Free Size","1","319.0","319.0","TP5CPEU07802190"
"DELIVERED","336433355921564992_1","508240986","2026-09-29","","Gujarat","MJM 360? Rotating Bike Mobile Holder Stand for Motorcycle, Bicycle & Scooter Handlebar Phone Mount","PT05-BIKESTAND","Free Size","1","181.0","159.0","TKASECT08038520"
"DELIVERED","336443068483671808_1","508573229","2026-09-29","","Delhi","MJM Premium Metal Mobile Stand | 360? Rotation Adjustable Phone Holder | Foldable Desk Table Stand for Smartphone & Tablet","L396-STAND","Free Size","1","160.0","160.0","TP2OMEU01095763"
"DELIVERED","336444124860850944_1","508573229","2026-09-29","","Gujarat","MJM Premium Metal Mobile Stand | 360? Rotation Adjustable Phone Holder | Foldable Desk Table Stand for Smartphone & Tablet","L396-STAND","Free Size","1","141.0","141.0","TP2OMEU01095759"
"DELIVERED","336451630479778560_1","508240986","2026-09-29","","Uttar Pradesh","MJM 360? Rotating Bike Mobile Holder Stand for Motorcycle, Bicycle & Scooter Handlebar Phone Mount","PT05-BIKESTAND","Free Size","1","181.0","159.0","TKASECT08038521"
"DELIVERED","336454301903526400_1","508240986","2026-09-29","","Jharkhand","MJM 360? Rotating Bike Mobile Holder Stand for Motorcycle, Bicycle & Scooter Handlebar Phone Mount","PT05-BIKESTAND","Free Size","1","181.0","159.0","TKASECT08038528"
"DELIVERED","336477440493160256_1","573920273","2026-09-29","","West Bengal","MJM Rainproof Motorcycle Mobile Holder 360? Rotatable Phone Mount with 270? Adjustable Arm | Rain Water Protection | For Navigation, GPS & Delivery Riders","MJM-MOTO-WP360","Free Size","1","319.0","319.0","TP5CPEU07802201"
"SHIPPED","336480649417925376_1","508240986","2026-09-29","","Telangana","MJM 360? Rotating Bike Mobile Holder Stand for Motorcycle, Bicycle & Scooter Handlebar Phone Mount","PT05-BIKESTAND","Free Size","1","181.0","181.0","TKASECT08038535"
"CANCELLED","336492172546972160_1","508240986","2026-09-29","","West Bengal","MJM 360? Rotating Bike Mobile Holder Stand for Motorcycle, Bicycle & Scooter Handlebar Phone Mount","PT05-BIKESTAND","Free Size","1","200.0","200.0",
"RTO_LOCKED","336494415539115776_1","508240986","2026-09-29","","West Bengal","MJM 360? Rotating Bike Mobile Holder Stand for Motorcycle, Bicycle & Scooter Handlebar Phone Mount","PT05-BIKESTAND","Free Size","1","181.0","181.0","TKASECT08038526"
"DELIVERED","336506875401406272_1","508240986","2026-09-29","","Chhattisgarh","MJM 360? Rotating Bike Mobile Holder Stand for Motorcycle, Bicycle & Scooter Handlebar Phone Mount","PT05-BIKESTAND","Free Size","1","181.0","181.0","TKASECT08038515"
"DELIVERED","336509186358052672_1","508240986","2026-09-29","","Haryana","MJM 360? Rotating Bike Mobile Holder Stand for Motorcycle, Bicycle & Scooter Handlebar Phone Mount","PT05-BIKESTAND","Free Size","1","200.0","178.0","TKASECT08038523"
"DELIVERED","336510776875878208_1","508240986","2026-09-29","","Gujarat","MJM 360? Rotating Bike Mobile Holder Stand for Motorcycle, Bicycle & Scooter Handlebar Phone Mount","PT05-BIKESTAND","Free Size","1","200.0","200.0","TKASECT08038529"
"DELIVERED","336511776062649856_1","508240986","2026-09-29","","Uttar Pradesh","MJM 360? Rotating Bike Mobile Holder Stand for Motorcycle, Bicycle & Scooter Handlebar Phone Mount","PT05-BIKESTAND","Free Size","1","200.0","178.0","TKASECT08038512"
"DELIVERED","336529071776801536_1","505105292","2026-09-29","","Andhra Pradesh","MJM Waterproof Mobile Pouch Combo Pack of 8 | Universal Touch Screen Phone Cover with Neck Strap, Triple Lock Waterproof Case for Swimming, Travel, Beach & Rain Protection","3lockrainpouch-8pc","Free Size","1","146.0","146.0","TP2OMEU01095760"
"DELIVERED","336532345552711360_1","508573229","2026-09-29","","Madhya Pradesh","MJM Premium Metal Mobile Stand | 360? Rotation Adjustable Phone Holder | Foldable Desk Table Stand for Smartphone & Tablet","L396-STAND","Free Size","1","160.0","160.0","TP2OMEU01095771"
"DELIVERED","336551242953340416_1","508240986","2026-09-29","","Maharashtra","MJM 360? Rotating Bike Mobile Holder Stand for Motorcycle, Bicycle & Scooter Handlebar Phone Mount","PT05-BIKESTAND","Free Size","1","200.0","200.0","TKASECT08038525"
"DELIVERED","336564930582099456_1","508573229","2026-09-29","","West Bengal","MJM Premium Metal Mobile Stand | 360? Rotation Adjustable Phone Holder | Foldable Desk Table Stand for Smartphone & Tablet","L396-STAND","Free Size","1","160.0","160.0","TP2OMEU01095770"
"DELIVERED","336578985617600192_1","508240986","2026-09-30","","Gujarat","MJM 360? Rotating Bike Mobile Holder Stand for Motorcycle, Bicycle & Scooter Handlebar Phone Mount","PT05-BIKESTAND","Free Size","1","181.0","159.0","TKASECT08038518"
"DELIVERED","336671115326184896_1","508240986","2026-09-30","","Maharashtra","MJM 360? Rotating Bike Mobile Holder Stand for Motorcycle, Bicycle & Scooter Handlebar Phone Mount","PT05-BIKESTAND","Free Size","1","181.0","181.0","TKASECT08038527"
"DELIVERED","336673473902704000_1","508240986","2026-09-30","","Bihar","MJM 360? Rotating Bike Mobile Holder Stand for Motorcycle, Bicycle & Scooter Handlebar Phone Mount","PT05-BIKESTAND","Free Size","1","200.0","200.0","TKASECT08038524"
"DELIVERED","336675290875365184_1","508240986","2026-09-30","","Odisha","MJM 360? Rotating Bike Mobile Holder Stand for Motorcycle, Bicycle & Scooter Handlebar Phone Mount","PT05-BIKESTAND","Free Size","1","200.0","200.0","TKASECT08038514"
"DELIVERED","336680162894837120_1","508240986","2026-09-30","","Maharashtra","MJM 360? Rotating Bike Mobile Holder Stand for Motorcycle, Bicycle & Scooter Handlebar Phone Mount","PT05-BIKESTAND","Free Size","1","200.0","178.0","TKASECT08038517"
"RTO_LOCKED","336706916655226304_1","508240986","2026-09-30","","Maharashtra","MJM 360? Rotating Bike Mobile Holder Stand for Motorcycle, Bicycle & Scooter Handlebar Phone Mount","PT05-BIKESTAND","Free Size","1","200.0","178.0","TKASECT08038532"
"SHIPPED","336708558857205120_1","508240986","2026-09-30","","Gujarat","MJM 360? Rotating Bike Mobile Holder Stand for Motorcycle, Bicycle & Scooter Handlebar Phone Mount","PT05-BIKESTAND","Free Size","1","181.0","181.0","TKASECT08038513"
"DELIVERED","336730209875424640_1","508240986","2026-09-30","","Maharashtra","MJM 360? Rotating Bike Mobile Holder Stand for Motorcycle, Bicycle & Scooter Handlebar Phone Mount","PT05-BIKESTAND","Free Size","1","200.0","178.0","TKASECT08038537"
"SHIPPED","336743558562477440_1","508240986","2026-09-30","","Karnataka","MJM 360? Rotating Bike Mobile Holder Stand for Motorcycle, Bicycle & Scooter Handlebar Phone Mount","PT05-BIKESTAND","Free Size","1","200.0","200.0","TKASECT08038536"
"DELIVERED","336746490132379136_1","508240986","2026-09-30","","Maharashtra","MJM 360? Rotating Bike Mobile Holder Stand for Motorcycle, Bicycle & Scooter Handlebar Phone Mount","PT05-BIKESTAND","Free Size","1","200.0","178.0","TKASECT08038548"
"DELIVERED","336746988542653824_1","508240986","2026-09-30","","Karnataka","MJM 360? Rotating Bike Mobile Holder Stand for Motorcycle, Bicycle & Scooter Handlebar Phone Mount","PT05-BIKESTAND","Free Size","1","181.0","159.0","TKASECT08038539"
"DELIVERED","336751324644844288_1","508240986","2026-09-30","","Gujarat","MJM 360? Rotating Bike Mobile Holder Stand for Motorcycle, Bicycle & Scooter Handlebar Phone Mount","PT05-BIKESTAND","Free Size","1","181.0","181.0","TKASECT08038547"
"DELIVERED","336756640468884932_1","508240986","2026-09-30","","Tamil Nadu","MJM 360? Rotating Bike Mobile Holder Stand for Motorcycle, Bicycle & Scooter Handlebar Phone Mount","PT05-BIKESTAND","Free Size","1","200.0","178.0","TKASECT08038551"
"DELIVERED","336769271146427904_1","508240986","2026-09-30","","Uttar Pradesh","MJM 360? Rotating Bike Mobile Holder Stand for Motorcycle, Bicycle & Scooter Handlebar Phone Mount","PT05-BIKESTAND","Free Size","1","200.0","178.0","TKASECT08038540"
"DELIVERED","336772543123911361_1","508573229","2026-09-30","","Gujarat","MJM Premium Metal Mobile Stand | 360? Rotation Adjustable Phone Holder | Foldable Desk Table Stand for Smartphone & Tablet","L396-STAND","Free Size","1","141.0","124.0","TP2OMEU01095775"
"DELIVERED","336796965543534016_1","573920273","2026-09-30","","Tamil Nadu","MJM Rainproof Motorcycle Mobile Holder 360? Rotatable Phone Mount with 270? Adjustable Arm | Rain Water Protection | For Navigation, GPS & Delivery Riders","MJM-MOTO-WP360","Free Size","1","319.0","319.0","TP5CPEU07802197"
"DELIVERED","336801187524514944_1","508240986","2026-09-30","","Telangana","MJM 360? Rotating Bike Mobile Holder Stand for Motorcycle, Bicycle & Scooter Handlebar Phone Mount","PT05-BIKESTAND","Free Size","1","200.0","178.0","TKASECT08038545"
"DELIVERED","336806580395996544_1","505105292","2026-09-30","","Andhra Pradesh","MJM Waterproof Mobile Pouch Combo Pack of 8 | Universal Touch Screen Phone Cover with Neck Strap, Triple Lock Waterproof Case for Swimming, Travel, Beach & Rain Protection","3lockrainpouch-8pc","Free Size","1","146.0","128.0","TP2OMEU01095772"
"SHIPPED","336810902774424320_1","508162782","2026-09-30","","Punjab","MJM Crystal Pro Wireless Bluetooth Earbuds with Smart LED Display, 48H Playback, ENC Calling, Type-C Charging, Low Latency Gaming Earbuds","Crystalpro-black","Free Size","1","300.0","300.0","TP2OMEU01095776"
"CANCELLED","336837933246018240_1","508162782","2026-09-30","","Jharkhand","MJM Crystal Pro Wireless Bluetooth Earbuds with Smart LED Display, 48H Playback, ENC Calling, Type-C Charging, Low Latency Gaming Earbuds","Crystalpro-black","Free Size","1","300.0","300.0",
"SHIPPED","336846882917675712_1","508240986","2026-09-30","","Punjab","MJM 360? Rotating Bike Mobile Holder Stand for Motorcycle, Bicycle & Scooter Handlebar Phone Mount","PT05-BIKESTAND","Free Size","1","200.0","200.0","TKASECT08038546"
"DELIVERED","336860190476935936_1","508240986","2026-09-30","","Tamil Nadu","MJM 360? Rotating Bike Mobile Holder Stand for Motorcycle, Bicycle & Scooter Handlebar Phone Mount","PT05-BIKESTAND","Free Size","1","200.0","200.0","TKASECT08038543"
"SHIPPED","336868317314228992_1","508240986","2026-09-30","","Karnataka","MJM 360? Rotating Bike Mobile Holder Stand for Motorcycle, Bicycle & Scooter Handlebar Phone Mount","PT05-BIKESTAND","Free Size","1","181.0","159.0","TKASECT08038530"
"DELIVERED","336881789921996480_1","505105292","2026-09-30","","Andhra Pradesh","MJM Waterproof Mobile Pouch Combo Pack of 8 | Universal Touch Screen Phone Cover with Neck Strap, Triple Lock Waterproof Case for Swimming, Travel, Beach & Rain Protection","3lockrainpouch-8pc","Free Size","1","146.0","146.0","TP2OMEU01095773"
"DELIVERED","336916050884173568_1","508240986","2026-09-30","","Himachal Pradesh","MJM 360? Rotating Bike Mobile Holder Stand for Motorcycle, Bicycle & Scooter Handlebar Phone Mount","PT05-BIKESTAND","Free Size","1","181.0","159.0","TKASECT08038549"
