"Reason for Credit Entry","Sub Order No","Catalog ID","Order Date","Order source","Customer State","Product Name","SKU","Size","Quantity","Supplier Listed Price (Incl. GST + Commission)","Supplier Discounted Price (Incl GST and Commision)","Packet Id"
"DELIVERED","314960369994814081_1","508573229","2026-08-01","","Uttar Pradesh","MJM Premium Metal Mobile Stand | 360? Rotation Adjustable Phone Holder | Foldable Desk Table Stand for Smartphone & Tablet","L396-STAND","Free Size","1","141.0","141.0","TP2RMEU01785140"
"DELIVERED","314996319030543040_1","508573229","2026-08-01","","Jammu & Kashmir","MJM Premium Metal Mobile Stand | 360? Rotation Adjustable Phone Holder | Foldable Desk Table Stand for Smartphone & Tablet","L396-STAND","Free Size","1","160.0","143.0","TP2RMEU01785139"
"CANCELLED","315025758430888640_1","505105292","2026-08-01","","Gujarat","MJM Waterproof Mobile Pouch Combo Pack of 8 | Universal Touch Screen Phone Cover with Neck Strap, Triple Lock Waterproof Case for Swimming, Travel, Beach & Rain Protection","3lockrainpouch-8pc","Free Size","1","127.0","109.0","TP2RMEU01785114"
"CANCELLED","315042519238771394_1","505105292","2026-08-01","","West Bengal","MJM Waterproof Mobile Pouch Combo Pack of 8 | Universal Touch Screen Phone Cover with Neck Strap, Triple Lock Waterproof Case for Swimming, Travel, Beach & Rain Protection","3lockrainpouch-8pc","Free Size","1","127.0","109.0",
"DELIVERED","315099274832368256_1","508949391","2026-08-01","","Maharashtra","MJM Samsung Galaxy A07 5G Premium Brown Leather Flip Cover Wallet Case with Card Slots, Magnetic Lock & Kickstand","MJM-A07BRN-FLP","Free Size","1","81.0","62.0","TP2RMEU01785106"
"CANCELLED","315126024996061888_1","541135298","2026-08-01","","Gujarat","MJM Digital Finger Tally Counter Pack of 4 | LCD Hand Click Counter with Adjustable Finger Ring | Mantra Jaap, Tasbih, Cricket Umpire, Gym & Knitting Counting | Assorted Colours","MJM-JAPNAM-4","Free Size","1","140.0","140.0","TP2RMEU01785118"
"CANCELLED","315131873340105472_1","508240986","2026-08-01","","Madhya Pradesh","MJM 360? Rotating Bike Mobile Holder Stand for Motorcycle, Bicycle & Scooter Handlebar Phone Mount","PT05-BIKESTAND","Free Size","1","148.0","148.0","TP15HAE01731971"
"CANCELLED","315138464504295296_1","505105292","2026-08-01","","Rajasthan","MJM Waterproof Mobile Pouch Combo Pack of 8 | Universal Touch Screen Phone Cover with Neck Strap, Triple Lock Waterproof Case for Swimming, Travel, Beach & Rain Protection","3lockrainpouch-8pc","Free Size","1","146.0","146.0",
"CANCELLED","315166530504961920_1","508240986","2026-08-01","","Gujarat","MJM 360? Rotating Bike Mobile Holder Stand for Motorcycle, Bicycle & Scooter Handlebar Phone Mount","PT05-BIKESTAND","Free Size","1","148.0","130.0","TP15HAE01731972"
"CANCELLED","315181719396754176_1","507739558","2026-08-01","","Jharkhand","MJM Portable Fascia Gun with 4 Massage Heads | Deep Tissue Muscle Massager | Rechargeable Body Relaxation Gun","Mjm-minimassagegun","Free Size","1","470.0","470.0","TP0SQEU03089551"
"DELIVERED","315212172661660352_1","505105292","2026-08-02","","Maharashtra","MJM Waterproof Mobile Pouch Combo Pack of 8 | Universal Touch Screen Phone Cover with Neck Strap, Triple Lock Waterproof Case for Swimming, Travel, Beach & Rain Protection","3lockrainpouch-8pc","Free Size","1","127.0","103.0","TP2RMEU01785104"
"CANCELLED","315242424862915776_1","508240986","2026-08-02","","Andhra Pradesh","MJM 360? Rotating Bike Mobile Holder Stand for Motorcycle, Bicycle & Scooter Handlebar Phone Mount","PT05-BIKESTAND","Free Size","1","148.0","124.0","TP15HAE01731973"
"CANCELLED","315296016131478144_1","508162782","2026-08-02","","Karnataka","MJM Crystal Pro Wireless Bluetooth Earbuds with Smart LED Display, 48H Playback, ENC Calling, Type-C Charging, Low Latency Gaming Earbuds","Crystalpro-black","Free Size","1","271.0","241.0","TP2RMEU01785013"
"CANCELLED","315306609224701440_1","505105292","2026-08-02","","Rajasthan","MJM Waterproof Mobile Pouch Combo Pack of 8 | Universal Touch Screen Phone Cover with Neck Strap, Triple Lock Waterproof Case for Swimming, Travel, Beach & Rain Protection","3lockrainpouch-8pc","Free Size","1","146.0","121.0","TP2RMEU01785123"
"CANCELLED","315311024694782784_1","505105292","2026-08-02","","Bihar","MJM Waterproof Mobile Pouch Combo Pack of 8 | Universal Touch Screen Phone Cover with Neck Strap, Triple Lock Waterproof Case for Swimming, Travel, Beach & Rain Protection","3lockrainpouch-8pc","Free Size","1","146.0","121.0","TP2RMEU01785112"
"CANCELLED","315311556493365952_1","505105292","2026-08-02","","Delhi","MJM Waterproof Mobile Pouch Combo Pack of 8 | Universal Touch Screen Phone Cover with Neck Strap, Triple Lock Waterproof Case for Swimming, Travel, Beach & Rain Protection","3lockrainpouch-8pc","Free Size","1","146.0","121.0","TP2RMEU01785122"
"DELIVERED","315315173099098816_1","508240986","2026-08-02","","Tamil Nadu","MJM 360? Rotating Bike Mobile Holder Stand for Motorcycle, Bicycle & Scooter Handlebar Phone Mount","PT05-BIKESTAND","Free Size","1","148.0","141.0","TP15HAE01731774"
"CANCELLED","315315751933590720_1","508240986","2026-08-02","","Chhattisgarh","MJM 360? Rotating Bike Mobile Holder Stand for Motorcycle, Bicycle & Scooter Handlebar Phone Mount","PT05-BIKESTAND","Free Size","1","148.0","141.0","TP15HAE01731642"
"DELIVERED","315316635720012416_1","505105292","2026-08-02","","Karnataka","MJM Waterproof Mobile Pouch Combo Pack of 8 | Universal Touch Screen Phone Cover with Neck Strap, Triple Lock Waterproof Case for Swimming, Travel, Beach & Rain Protection","3lockrainpouch-8pc","Free Size","1","146.0","121.0","TP2RMEU01785017"
"DELIVERED","315329533692335616_1","505105292","2026-08-02","","Gujarat","MJM Waterproof Mobile Pouch Combo Pack of 8 | Universal Touch Screen Phone Cover with Neck Strap, Triple Lock Waterproof Case for Swimming, Travel, Beach & Rain Protection","3lockrainpouch-8pc","Free Size","1","127.0","121.0","TP2RMEU01785105"
"DELIVERED","315339178556457664_1","505105292","2026-08-02","","Karnataka","MJM Waterproof Mobile Pouch Combo Pack of 8 | Universal Touch Screen Phone Cover with Neck Strap, Triple Lock Waterproof Case for Swimming, Travel, Beach & Rain Protection","3lockrainpouch-8pc","Free Size","1","127.0","103.0","TP2RMEU01785102"
"CANCELLED","315346801573438209_1","505105292","2026-08-02","","Uttar Pradesh","MJM Waterproof Mobile Pouch Combo Pack of 8 | Universal Touch Screen Phone Cover with Neck Strap, Triple Lock Waterproof Case for Swimming, Travel, Beach & Rain Protection","3lockrainpouch-8pc","Free Size","1","127.0","121.0",
"DELIVERED","315347219062248064_1","508240986","2026-08-02","","Maharashtra","MJM 360? Rotating Bike Mobile Holder Stand for Motorcycle, Bicycle & Scooter Handlebar Phone Mount","PT05-BIKESTAND","Free Size","1","170.0","162.0","TP15HAE01731762"
"CANCELLED","315347925160374144_1","505105292","2026-08-02","","Uttar Pradesh","MJM Waterproof Mobile Pouch Combo Pack of 8 | Universal Touch Screen Phone Cover with Neck Strap, Triple Lock Waterproof Case for Swimming, Travel, Beach & Rain Protection","3lockrainpouch-8pc","Free Size","1","127.0","121.0",
"DELIVERED","315349489397060288_1","508240986","2026-08-02","","Kerala","MJM 360? Rotating Bike Mobile Holder Stand for Motorcycle, Bicycle & Scooter Handlebar Phone Mount","PT05-BIKESTAND","Free Size","1","170.0","162.0","TP15HAE01731769"
"DELIVERED","315352016351540800_1","505105292","2026-08-02","","Uttar Pradesh","MJM Waterproof Mobile Pouch Combo Pack of 8 | Universal Touch Screen Phone Cover with Neck Strap, Triple Lock Waterproof Case for Swimming, Travel, Beach & Rain Protection","3lockrainpouch-8pc","Free Size","1","146.0","121.0","TP2RMEU01785113"
"CANCELLED","315354283809637056_1","505105292","2026-08-02","","Andhra Pradesh","MJM Waterproof Mobile Pouch Combo Pack of 8 | Universal Touch Screen Phone Cover with Neck Strap, Triple Lock Waterproof Case for Swimming, Travel, Beach & Rain Protection","3lockrainpouch-8pc","Free Size","1","127.0","121.0",
"DELIVERED","315354709249899712_1","505105292","2026-08-02","","Andhra Pradesh","MJM Waterproof Mobile Pouch Combo Pack of 8 | Universal Touch Screen Phone Cover with Neck Strap, Triple Lock Waterproof Case for Swimming, Travel, Beach & Rain Protection","3lockrainpouch-8pc","Free Size","1","127.0","103.0","TP2RMEU01785121"
"RTO_COMPLETE","315357129619160133_1","508573229","2026-08-02","","Karnataka","MJM Premium Metal Mobile Stand | 360? Rotation Adjustable Phone Holder | Foldable Desk Table Stand for Smartphone & Tablet","L396-STAND","Free Size","1","160.0","136.0","TP2RMEU01785010"
"DELIVERED","315362565223233088_1","505105292","2026-08-02","","Gujarat","MJM Waterproof Mobile Pouch Combo Pack of 8 | Universal Touch Screen Phone Cover with Neck Strap, Triple Lock Waterproof Case for Swimming, Travel, Beach & Rain Protection","3lockrainpouch-8pc","Free Size","1","146.0","139.0","TP2RMEU01785146"
"DELIVERED","315363024554048576_1","505105292","2026-08-02","","Madhya Pradesh","MJM Waterproof Mobile Pouch Combo Pack of 8 | Universal Touch Screen Phone Cover with Neck Strap, Triple Lock Waterproof Case for Swimming, Travel, Beach & Rain Protection","3lockrainpouch-8pc","Free Size","1","127.0","103.0","TP2RMEU01785115"
"RTO_COMPLETE","315391894322348736_1","508573229","2026-08-02","","Bihar","MJM Premium Metal Mobile Stand | 360? Rotation Adjustable Phone Holder | Foldable Desk Table Stand for Smartphone & Tablet","L396-STAND","Free Size","1","160.0","152.0","TP2RMEU01785008"
"DELIVERED","315410869369905920_1","505105292","2026-08-02","","Madhya Pradesh","MJM Waterproof Mobile Pouch Combo Pack of 8 | Universal Touch Screen Phone Cover with Neck Strap, Triple Lock Waterproof Case for Swimming, Travel, Beach & Rain Protection","3lockrainpouch-8pc","Free Size","1","127.0","103.0","TP2RMEU01785109"
"DELIVERED","315411795946126400_1","505105292","2026-08-02","","Rajasthan","MJM Waterproof Mobile Pouch Combo Pack of 8 | Universal Touch Screen Phone Cover with Neck Strap, Triple Lock Waterproof Case for Swimming, Travel, Beach & Rain Protection","3lockrainpouch-8pc","Free Size","1","146.0","139.0","TP2RMEU01785117"
"DELIVERED","315427060386222720_1","505105292","2026-08-02","","Rajasthan","MJM Waterproof Mobile Pouch Combo Pack of 8 | Universal Touch Screen Phone Cover with Neck Strap, Triple Lock Waterproof Case for Swimming, Travel, Beach & Rain Protection","3lockrainpouch-8pc","Free Size","1","146.0","139.0","TP2RMEU01785149"
"RTO_COMPLETE","315431451469692096_1","508240986","2026-08-02","","Karnataka","MJM 360? Rotating Bike Mobile Holder Stand for Motorcycle, Bicycle & Scooter Handlebar Phone Mount","PT05-BIKESTAND","Free Size","1","170.0","162.0","TP15HAE01731773"
"DELIVERED","315432851541009152_1","505105292","2026-08-02","","Uttar Pradesh","MJM Waterproof Mobile Pouch Combo Pack of 8 | Universal Touch Screen Phone Cover with Neck Strap, Triple Lock Waterproof Case for Swimming, Travel, Beach & Rain Protection","3lockrainpouch-8pc","Free Size","1","127.0","103.0","TP2RMEU01785103"
"RTO_COMPLETE","315445305192889408_1","508240986","2026-08-02","","Andhra Pradesh","MJM 360? Rotating Bike Mobile Holder Stand for Motorcycle, Bicycle & Scooter Handlebar Phone Mount","PT05-BIKESTAND","Free Size","1","148.0","141.0","TP15HAE01731758"
"RTO_COMPLETE","315454287328459968_1","508240986","2026-08-02","","West Bengal","MJM 360? Rotating Bike Mobile Holder Stand for Motorcycle, Bicycle & Scooter Handlebar Phone Mount","PT05-BIKESTAND","Free Size","1","170.0","162.0","TP15HAE01731771"
"DELIVERED","315462187891499776_1","508162782","2026-08-02","","Maharashtra","MJM Crystal Pro Wireless Bluetooth Earbuds with Smart LED Display, 48H Playback, ENC Calling, Type-C Charging, Low Latency Gaming Earbuds","Crystalpro-black","Free Size","1","300.0","285.0","TP2RMEU01785012"
"DELIVERED","315462187067009856_1","508162782","2026-08-02","","Delhi","MJM Crystal Pro Wireless Bluetooth Earbuds with Smart LED Display, 48H Playback, ENC Calling, Type-C Charging, Low Latency Gaming Earbuds","Crystalpro-black","Free Size","1","271.0","241.0","TP2RMEU01785011"
"DELIVERED","315467012776908288_1","505105292","2026-08-02","","Andhra Pradesh","MJM Waterproof Mobile Pouch Combo Pack of 8 | Universal Touch Screen Phone Cover with Neck Strap, Triple Lock Waterproof Case for Swimming, Travel, Beach & Rain Protection","3lockrainpouch-8pc","Free Size","1","127.0","103.0","TP2RMEU01785116"
"DELIVERED","315467402934342272_1","508240986","2026-08-02","","Haryana","MJM 360? Rotating Bike Mobile Holder Stand for Motorcycle, Bicycle & Scooter Handlebar Phone Mount","PT05-BIKESTAND","Free Size","1","170.0","162.0","TP15HAE01731770"
"DELIVERED","315469721755386560_1","508240986","2026-08-02","","Maharashtra","MJM 360? Rotating Bike Mobile Holder Stand for Motorcycle, Bicycle & Scooter Handlebar Phone Mount","PT05-BIKESTAND","Free Size","1","170.0","162.0","TP15HAE01731776"
"DELIVERED","315472562859332224_1","508240986","2026-08-02","","Jharkhand","MJM 360? Rotating Bike Mobile Holder Stand for Motorcycle, Bicycle & Scooter Handlebar Phone Mount","PT05-BIKESTAND","Free Size","1","148.0","124.0","TP15HAE01731775"
"DELIVERED","315475419020972608_1","508240986","2026-08-02","","Madhya Pradesh","MJM 360? Rotating Bike Mobile Holder Stand for Motorcycle, Bicycle & Scooter Handlebar Phone Mount","PT05-BIKESTAND","Free Size","1","170.0","145.0","TP15HAE01731764"
"DELIVERED","315484901528190144_1","508240986","2026-08-02","","Jharkhand","MJM 360? Rotating Bike Mobile Holder Stand for Motorcycle, Bicycle & Scooter Handlebar Phone Mount","PT05-BIKESTAND","Free Size","1","170.0","162.0","TP15HAE01731763"
"DELIVERED","315487909159228033_1","508949391","2026-08-02","","Uttar Pradesh","MJM Samsung Galaxy A07 5G Premium Brown Leather Flip Cover Wallet Case with Card Slots, Magnetic Lock & Kickstand","MJM-A07BRN-FLP","Free Size","1","100.0","77.0","TP15HAE01731784"
"DELIVERED","315489402843235008_1","505105292","2026-08-02","","Karnataka","MJM Waterproof Mobile Pouch Combo Pack of 8 | Universal Touch Screen Phone Cover with Neck Strap, Triple Lock Waterproof Case for Swimming, Travel, Beach & Rain Protection","3lockrainpouch-8pc","Free Size","1","146.0","121.0","TP2RMEU01785120"
"DELIVERED","315498444534568448_1","508240986","2026-08-02","","Odisha","MJM 360? Rotating Bike Mobile Holder Stand for Motorcycle, Bicycle & Scooter Handlebar Phone Mount","PT05-BIKESTAND","Free Size","1","170.0","162.0","TP15HAE01731761"
"CANCELLED","315499446372598464_1","508573229","2026-08-02","","Gujarat","MJM Premium Metal Mobile Stand | 360? Rotation Adjustable Phone Holder | Foldable Desk Table Stand for Smartphone & Tablet","L396-STAND","Free Size","1","160.0","152.0",
"DELIVERED","315500057155457665_1","508240986","2026-08-02","","Gujarat","MJM 360? Rotating Bike Mobile Holder Stand for Motorcycle, Bicycle & Scooter Handlebar Phone Mount","PT05-BIKESTAND","Free Size","1","148.0","124.0","TP15HAE01731768"
"RTO_COMPLETE","315502639847978560_1","508240986","2026-08-02","","Karnataka","MJM 360? Rotating Bike Mobile Holder Stand for Motorcycle, Bicycle & Scooter Handlebar Phone Mount","PT05-BIKESTAND","Free Size","1","170.0","162.0","TP15HAE01731772"
"DELIVERED","315503942208732352_1","508573229","2026-08-02","","Gujarat","MJM Premium Metal Mobile Stand | 360? Rotation Adjustable Phone Holder | Foldable Desk Table Stand for Smartphone & Tablet","L396-STAND","Free Size","1","160.0","152.0","TP2RMEU01785007"
"DELIVERED","315507664138064448_1","508240986","2026-08-02","","Odisha","MJM 360? Rotating Bike Mobile Holder Stand for Motorcycle, Bicycle & Scooter Handlebar Phone Mount","PT05-BIKESTAND","Free Size","1","148.0","124.0","TP15HAE01731787"
"DELIVERED","315508522884059712_1","508240986","2026-08-02","","Rajasthan","MJM 360? Rotating Bike Mobile Holder Stand for Motorcycle, Bicycle & Scooter Handlebar Phone Mount","PT05-BIKESTAND","Free Size","1","148.0","141.0","TP15HAE01731759"
"DELIVERED","315508524986821440_1","508240986","2026-08-02","","Telangana","MJM 360? Rotating Bike Mobile Holder Stand for Motorcycle, Bicycle & Scooter Handlebar Phone Mount","PT05-BIKESTAND","Free Size","1","170.0","145.0","TP15HAE01731777"
"DELIVERED","315509489457222208_1","508240986","2026-08-02","","Madhya Pradesh","MJM 360? Rotating Bike Mobile Holder Stand for Motorcycle, Bicycle & Scooter Handlebar Phone Mount","PT05-BIKESTAND","Free Size","1","148.0","124.0","TP15HAE01731778"
"DELIVERED","315514504671385088_1","505105292","2026-08-02","","Rajasthan","MJM Waterproof Mobile Pouch Combo Pack of 8 | Universal Touch Screen Phone Cover with Neck Strap, Triple Lock Waterproof Case for Swimming, Travel, Beach & Rain Protection","3lockrainpouch-8pc","Free Size","1","146.0","121.0","TP2RMEU01785147"
"RTO_COMPLETE","315516272070042368_1","508573229","2026-08-02","","Rajasthan","MJM Premium Metal Mobile Stand | 360? Rotation Adjustable Phone Holder | Foldable Desk Table Stand for Smartphone & Tablet","L396-STAND","Free Size","1","160.0","152.0","TP2RMEU01785005"
"DELIVERED","315524915638987584_1","513526730","2026-08-02","","Gujarat","MJM 24 Pieces Cable Protector Combo | Silicone Spiral Cable Saver for USB, Type C, Lightning & Earphone Cables | Anti Break Wire Protector | Multicolor","MJM-CP6-SMALL","Free Size","1","86.0","64.0","NP1NLEU03980985"
"DELIVERED","315531702570464832_1","508573229","2026-08-02","","Bihar","MJM Premium Metal Mobile Stand | 360? Rotation Adjustable Phone Holder | Foldable Desk Table Stand for Smartphone & Tablet","L396-STAND","Free Size","1","160.0","136.0","TP2RMEU01785145"
"DELIVERED","315541414234489536_1","508573229","2026-08-02","","Karnataka","MJM Premium Metal Mobile Stand | 360? Rotation Adjustable Phone Holder | Foldable Desk Table Stand for Smartphone & Tablet","L396-STAND","Free Size","1","160.0","136.0","TP2RMEU01785006"
"RTO_COMPLETE","315543584560173760_1","508240986","2026-08-02","","Karnataka","MJM 360? Rotating Bike Mobile Holder Stand for Motorcycle, Bicycle & Scooter Handlebar Phone Mount","PT05-BIKESTAND","Free Size","1","170.0","145.0","TP15HAE01731970"
"DELIVERED","315555702629611073_1","508240986","2026-08-02","","Punjab","MJM 360? Rotating Bike Mobile Holder Stand for Motorcycle, Bicycle & Scooter Handlebar Phone Mount","PT05-BIKESTAND","Free Size","1","148.0","124.0","TP15HAE01731974"
"DELIVERED","315690838776402626_1","505105292","2026-08-03","","Uttar Pradesh","MJM Waterproof Mobile Pouch Combo Pack of 8 | Universal Touch Screen Phone Cover with Neck Strap, Triple Lock Waterproof Case for Swimming, Travel, Beach & Rain Protection","3lockrainpouch-8pc","Free Size","1","146.0","128.0","TP2RMEU01785107"
"RTO_COMPLETE","315707455438208192_1","506810503","2026-08-03","","Karnataka","MJM 10 Pieces 10 Watt LED Bulb Combo Pack | Cool White Energy Saving LED Light Bulbs | Long Lasting Bright Light for Home, Office, Shop | B22 Base","10wled-10pcs-leo","Free Size","1","200.0","200.0","TP8RTEU03010758"
"DELIVERED","315745642172790336_1","505105292","2026-08-03","","West Bengal","MJM Waterproof Mobile Pouch Combo Pack of 8 | Universal Touch Screen Phone Cover with Neck Strap, Triple Lock Waterproof Case for Swimming, Travel, Beach & Rain Protection","3lockrainpouch-8pc","Free Size","1","127.0","109.0","TP2RMEU01785014"
"DELIVERED","315793718585533184_1","508573229","2026-08-03","","Punjab","MJM Premium Metal Mobile Stand | 360? Rotation Adjustable Phone Holder | Foldable Desk Table Stand for Smartphone & Tablet","L396-STAND","Free Size","1","141.0","124.0","TP2RMEU01785018"
"DELIVERED","315837450273891072_1","507601287","2026-08-03","","West Bengal","MJM Black Flip Cover with HD+ Tempered Glass Combo | Premium Wallet Style Mobile Case | Magnetic Closure & 360? Protection","MJM-BLACK-Y20-FLTG","Free Size","1","100.0","100.0","TP15HAE01731788"
"DELIVERED","315872796840231616_1","508240986","2026-08-03","","Bihar","MJM 360? Rotating Bike Mobile Holder Stand for Motorcycle, Bicycle & Scooter Handlebar Phone Mount","PT05-BIKESTAND","Free Size","1","148.0","148.0","TP15HAE01731760"
"DELIVERED","315905429808292608_1","484521979","2026-08-03","","Uttar Pradesh","Mini Bluetooth Speaker with HD Sound, RGB Lights & Long Battery Backup","Bluetooth Speakers","Free Size","1","295.0","279.0","TP8RTEU03010759"
"DELIVERED","315906253126358528_1","505105292","2026-08-03","","Uttar Pradesh","MJM Waterproof Mobile Pouch Combo Pack of 8 | Universal Touch Screen Phone Cover with Neck Strap, Triple Lock Waterproof Case for Swimming, Travel, Beach & Rain Protection","3lockrainpouch-8pc","Free Size","1","146.0","146.0","TP2RMEU01785015"
"DELIVERED","315914378045498112_1","505105292","2026-08-03","","Karnataka","MJM Waterproof Mobile Pouch Combo Pack of 8 | Universal Touch Screen Phone Cover with Neck Strap, Triple Lock Waterproof Case for Swimming, Travel, Beach & Rain Protection","3lockrainpouch-8pc","Free Size","1","146.0","128.0","TP2RMEU01785016"
"DELIVERED","315934753449983168_1","508240986","2026-08-04","","West Bengal","MJM 360? Rotating Bike Mobile Holder Stand for Motorcycle, Bicycle & Scooter Handlebar Phone Mount","PT05-BIKESTAND","Free Size","1","148.0","130.0","TP15HAE01731785"
"DELIVERED","316071501975310912_1","508573229","2026-08-04","","Madhya Pradesh","MJM Premium Metal Mobile Stand | 360? Rotation Adjustable Phone Holder | Foldable Desk Table Stand for Smartphone & Tablet","L396-STAND","Free Size","1","160.0","143.0","TP2RMEU01785023"
"DELIVERED","316073291999027974_1","508573229","2026-08-04","","Maharashtra","MJM Premium Metal Mobile Stand | 360? Rotation Adjustable Phone Holder | Foldable Desk Table Stand for Smartphone & Tablet","L396-STAND","Free Size","1","160.0","143.0","TP2RMEU01785019"
"DELIVERED","316123660255285824_1","508573229","2026-08-04","","Rajasthan","MJM Premium Metal Mobile Stand | 360? Rotation Adjustable Phone Holder | Foldable Desk Table Stand for Smartphone & Tablet","L396-STAND","Free Size","1","160.0","160.0","TP2RMEU01785027"
"DELIVERED","316131315791221313_1","508573229","2026-08-04","","Madhya Pradesh","MJM Premium Metal Mobile Stand | 360? Rotation Adjustable Phone Holder | Foldable Desk Table Stand for Smartphone & Tablet","L396-STAND","Free Size","1","141.0","124.0","TP2RMEU01785021"
"DELIVERED","316131315791221313_2","508573229","2026-08-04","","Madhya Pradesh","MJM Premium Metal Mobile Stand | 360? Rotation Adjustable Phone Holder | Foldable Desk Table Stand for Smartphone & Tablet","L396-STAND","Free Size","1","141.0","124.0","TP2RMEU01785022"
"DELIVERED","316135529619706432_1","508240986","2026-08-04","","Bihar","MJM 360? Rotating Bike Mobile Holder Stand for Motorcycle, Bicycle & Scooter Handlebar Phone Mount","PT05-BIKESTAND","Free Size","1","170.0","170.0","TP15HAE01731755"
"DELIVERED","316143067078579712_1","505105292","2026-08-04","","Bihar","MJM Waterproof Mobile Pouch Combo Pack of 8 | Universal Touch Screen Phone Cover with Neck Strap, Triple Lock Waterproof Case for Swimming, Travel, Beach & Rain Protection","3lockrainpouch-8pc","Free Size","1","127.0","127.0","TP2RMEU01785028"
"DELIVERED","316146538560037632_1","508162782","2026-08-04","","Odisha","MJM Crystal Pro Wireless Bluetooth Earbuds with Smart LED Display, 48H Playback, ENC Calling, Type-C Charging, Low Latency Gaming Earbuds","Crystalpro-black","Free Size","1","300.0","300.0","TP2RMEU01785024"
"DELIVERED","316154485185381056_1","508240986","2026-08-04","","Odisha","MJM 360? Rotating Bike Mobile Holder Stand for Motorcycle, Bicycle & Scooter Handlebar Phone Mount","PT05-BIKESTAND","Free Size","1","170.0","170.0","TP15HAE01731757"
"DELIVERED","316194271631704768_1","508573229","2026-08-04","","Maharashtra","MJM Premium Metal Mobile Stand | 360? Rotation Adjustable Phone Holder | Foldable Desk Table Stand for Smartphone & Tablet","L396-STAND","Free Size","1","141.0","141.0","TP2RMEU01785025"
"DELIVERED","316208726898628097_1","508573229","2026-08-04","","Karnataka","MJM Premium Metal Mobile Stand | 360? Rotation Adjustable Phone Holder | Foldable Desk Table Stand for Smartphone & Tablet","L396-STAND","Free Size","1","141.0","141.0","TP2RMEU01785020"
"DELIVERED","316221498847909378_1","505105292","2026-08-04","","Haryana","MJM Waterproof Mobile Pouch Combo Pack of 8 | Universal Touch Screen Phone Cover with Neck Strap, Triple Lock Waterproof Case for Swimming, Travel, Beach & Rain Protection","3lockrainpouch-8pc","Free Size","1","146.0","128.0","TP2RMEU01785030"
"DELIVERED","316237156297003584_1","505105292","2026-08-04","","Chhattisgarh","MJM Waterproof Mobile Pouch Combo Pack of 8 | Universal Touch Screen Phone Cover with Neck Strap, Triple Lock Waterproof Case for Swimming, Travel, Beach & Rain Protection","3lockrainpouch-8pc","Free Size","1","127.0","109.0","TP2RMEU01785026"
"DELIVERED","316249212945629888_1","508240986","2026-08-04","","Jharkhand","MJM 360? Rotating Bike Mobile Holder Stand for Motorcycle, Bicycle & Scooter Handlebar Phone Mount","PT05-BIKESTAND","Free Size","1","170.0","152.0","TP15HAE01731756"
"DELIVERED","316331485620327105_1","508240986","2026-08-05","","Maharashtra","MJM 360? Rotating Bike Mobile Holder Stand for Motorcycle, Bicycle & Scooter Handlebar Phone Mount","PT05-BIKESTAND","Free Size","1","170.0","152.0","TP15HAE01731753"
"CANCELLED","316447820634511680_1","511491324","2026-08-05","","Gujarat","MJM Airdopes Prime TWS Earbuds Bluetooth 5.4 Wireless Earbuds with Deep Bass, HD Calling, Type-C Charging & 18 Hours Playback - Green","MJM-AIRDOPES-PRIME-GREEN","Free Size","1","300.0","300.0",
"DELIVERED","316463642774852288_1","508240986","2026-08-05","","Tamil Nadu","MJM 360? Rotating Bike Mobile Holder Stand for Motorcycle, Bicycle & Scooter Handlebar Phone Mount","PT05-BIKESTAND","Free Size","1","148.0","130.0","TP15HAE01731754"
"DELIVERED","316505238030571714_1","508573229","2026-08-05","","Rajasthan","MJM Premium Metal Mobile Stand | 360? Rotation Adjustable Phone Holder | Foldable Desk Table Stand for Smartphone & Tablet","L396-STAND","Free Size","2","141.0","124.0","TP15HAE01731751"
"DELIVERED","316505831117740224_1","508949391","2026-08-05","","Maharashtra","MJM Samsung Galaxy A07 5G Premium Brown Leather Flip Cover Wallet Case with Card Slots, Magnetic Lock & Kickstand","MJM-A07BRN-FLP","Free Size","1","100.0","81.0","TP15HAE01731738"
"DELIVERED","316524409699293504_1","508240986","2026-08-05","","Gujarat","MJM 360? Rotating Bike Mobile Holder Stand for Motorcycle, Bicycle & Scooter Handlebar Phone Mount","PT05-BIKESTAND","Free Size","1","148.0","130.0","TP15HAE01731749"
"DELIVERED","316565686310525312_1","508240986","2026-08-05","","Telangana","MJM 360? Rotating Bike Mobile Holder Stand for Motorcycle, Bicycle & Scooter Handlebar Phone Mount","PT05-BIKESTAND","Free Size","1","170.0","170.0","TP15HAE01731745"
"DELIVERED","316566066411770624_1","508949391","2026-08-05","","Tamil Nadu","MJM Samsung Galaxy A07 5G Premium Brown Leather Flip Cover Wallet Case with Card Slots, Magnetic Lock & Kickstand","MJM-A07BRN-FLP","Free Size","1","81.0","81.0","TP15HAE01731752"
"DELIVERED","316579280653769024_1","508240986","2026-08-05","","Delhi","MJM 360? Rotating Bike Mobile Holder Stand for Motorcycle, Bicycle & Scooter Handlebar Phone Mount","PT05-BIKESTAND","Free Size","1","148.0","130.0","TP15HAE01731750"
"RTO_COMPLETE","316588009600112704_1","508240986","2026-08-05","","Odisha","MJM 360? Rotating Bike Mobile Holder Stand for Motorcycle, Bicycle & Scooter Handlebar Phone Mount","PT05-BIKESTAND","Free Size","1","148.0","148.0","TP15HAE01731747"
"DELIVERED","316590448773337856_1","505105292","2026-08-05","","Rajasthan","MJM Waterproof Mobile Pouch Combo Pack of 8 | Universal Touch Screen Phone Cover with Neck Strap, Triple Lock Waterproof Case for Swimming, Travel, Beach & Rain Protection","3lockrainpouch-8pc","Free Size","1","127.0","109.0","TP2RMEU01785029"
"DELIVERED","316600551315724672_1","508949391","2026-08-05","","Tamil Nadu","MJM Samsung Galaxy A07 5G Premium Brown Leather Flip Cover Wallet Case with Card Slots, Magnetic Lock & Kickstand","MJM-A07BRN-FLP","Free Size","1","81.0","62.0","TP15HAE01731735"
"DELIVERED","316601195283994944_1","508240986","2026-08-05","","Maharashtra","MJM 360? Rotating Bike Mobile Holder Stand for Motorcycle, Bicycle & Scooter Handlebar Phone Mount","PT05-BIKESTAND","Free Size","1","148.0","148.0","TP15HAE01731741"
"DELIVERED","316603078489576192_1","509589936","2026-08-05","","Maharashtra","MJM Waterproof Bike Mobile Holder | 360? Rotatable Motorcycle Phone Mount | Touch Screen Rainproof Mobile Case for Bicycle, Scooter & Bike","MJM-A1BIKEHOLDER-360","Free Size","1","178.0","178.0","TP0SQEU03089553"
"DELIVERED","316609352065258240_1","511491324","2026-08-05","","Haryana","MJM Airdopes Prime TWS Earbuds Bluetooth 5.4 Wireless Earbuds with Deep Bass, HD Calling, Type-C Charging & 18 Hours Playback - Green","MJM-AIRDOPES-PRIME-GREEN","Free Size","1","300.0","282.0","TP2RMEU01785032"
"RTO_COMPLETE","316636140345874752_1","508573229","2026-08-05","","Rajasthan","MJM Premium Metal Mobile Stand | 360? Rotation Adjustable Phone Holder | Foldable Desk Table Stand for Smartphone & Tablet","L396-STAND","Free Size","1","141.0","141.0","TP2RMEU01785042"
"DELIVERED","316652795855689792_1","511488761","2026-08-06","","Uttar Pradesh","MJM Airdopes Prime TWS Earbuds Bluetooth 5.4 Wireless Earbuds with Deep Bass, HD Calling, Type-C Charging & 18 Hours Playback - Blue","MJM-AIRDOPES-PRIME-BLUE","Free Size","1","300.0","282.0","TP2RMEU01785036"
"DELIVERED","316701209050911488_1","505105292","2026-08-06","","Madhya Pradesh","MJM Waterproof Mobile Pouch Combo Pack of 8 | Universal Touch Screen Phone Cover with Neck Strap, Triple Lock Waterproof Case for Swimming, Travel, Beach & Rain Protection","3lockrainpouch-8pc","Free Size","1","127.0","109.0","TP2RMEU01785043"
"DELIVERED","316742948154628416_1","511488761","2026-08-06","","Uttar Pradesh","MJM Airdopes Prime TWS Earbuds Bluetooth 5.4 Wireless Earbuds with Deep Bass, HD Calling, Type-C Charging & 18 Hours Playback - Blue","MJM-AIRDOPES-PRIME-BLUE","Free Size","1","271.0","271.0","TP2RMEU01785037"
"DELIVERED","316752165519350144_1","511488761","2026-08-06","","Delhi","MJM Airdopes Prime TWS Earbuds Bluetooth 5.4 Wireless Earbuds with Deep Bass, HD Calling, Type-C Charging & 18 Hours Playback - Blue","MJM-AIRDOPES-PRIME-BLUE","Free Size","1","271.0","271.0","TP2RMEU01785040"
"DELIVERED","316762419908958592_1","508949391","2026-08-06","","Bihar","MJM Samsung Galaxy A07 5G Premium Brown Leather Flip Cover Wallet Case with Card Slots, Magnetic Lock & Kickstand","MJM-A07BRN-FLP","Free Size","1","100.0","81.0","TP15HAE01731739"
"RTO_COMPLETE","316773735949046528_1","511488761","2026-08-06","","Uttar Pradesh","MJM Airdopes Prime TWS Earbuds Bluetooth 5.4 Wireless Earbuds with Deep Bass, HD Calling, Type-C Charging & 18 Hours Playback - Blue","MJM-AIRDOPES-PRIME-BLUE","Free Size","1","300.0","300.0","TP2RMEU01785034"
"DELIVERED","316773840629651840_1","511488761","2026-08-06","","Tamil Nadu","MJM Airdopes Prime TWS Earbuds Bluetooth 5.4 Wireless Earbuds with Deep Bass, HD Calling, Type-C Charging & 18 Hours Playback - Blue","MJM-AIRDOPES-PRIME-BLUE","Free Size","1","271.0","253.0","TP2RMEU01785039"
"DELIVERED","316776981870580480_1","505105292","2026-08-06","","Maharashtra","MJM Waterproof Mobile Pouch Combo Pack of 8 | Universal Touch Screen Phone Cover with Neck Strap, Triple Lock Waterproof Case for Swimming, Travel, Beach & Rain Protection","3lockrainpouch-8pc","Free Size","1","146.0","128.0","TP2RMEU01785119"
"DELIVERED","316777100073556160_1","511488761","2026-08-06","","Telangana","MJM Airdopes Prime TWS Earbuds Bluetooth 5.4 Wireless Earbuds with Deep Bass, HD Calling, Type-C Charging & 18 Hours Playback - Blue","MJM-AIRDOPES-PRIME-BLUE","Free Size","1","300.0","300.0","TP2RMEU01785035"
"DELIVERED","316777660869677824_1","508240986","2026-08-06","","Tamil Nadu","MJM 360? Rotating Bike Mobile Holder Stand for Motorcycle, Bicycle & Scooter Handlebar Phone Mount","PT05-BIKESTAND","Free Size","1","148.0","130.0","TP15HAE01731748"
"DELIVERED","316780157079443648_1","511488761","2026-08-06","","West Bengal","MJM Airdopes Prime TWS Earbuds Bluetooth 5.4 Wireless Earbuds with Deep Bass, HD Calling, Type-C Charging & 18 Hours Playback - Blue","MJM-AIRDOPES-PRIME-BLUE","Free Size","1","271.0","271.0","TP2RMEU01785041"
"CANCELLED","316781162407315904_1","511488761","2026-08-06","","Uttar Pradesh","MJM Airdopes Prime TWS Earbuds Bluetooth 5.4 Wireless Earbuds with Deep Bass, HD Calling, Type-C Charging & 18 Hours Playback - Blue","MJM-AIRDOPES-PRIME-BLUE","Free Size","1","300.0","300.0",
"DELIVERED","316782183470240512_1","508240986","2026-08-06","","Tamil Nadu","MJM 360? Rotating Bike Mobile Holder Stand for Motorcycle, Bicycle & Scooter Handlebar Phone Mount","PT05-BIKESTAND","Free Size","1","148.0","130.0","TP15HAE01731746"
"DELIVERED","316783857247635904_1","511488761","2026-08-06","","Tamil Nadu","MJM Airdopes Prime TWS Earbuds Bluetooth 5.4 Wireless Earbuds with Deep Bass, HD Calling, Type-C Charging & 18 Hours Playback - Blue","MJM-AIRDOPES-PRIME-BLUE","Free Size","1","300.0","300.0","TP2RMEU01785038"
"DELIVERED","316793538540787776_1","511488761","2026-08-06","","Bihar","MJM Airdopes Prime TWS Earbuds Bluetooth 5.4 Wireless Earbuds with Deep Bass, HD Calling, Type-C Charging & 18 Hours Playback - Blue","MJM-AIRDOPES-PRIME-BLUE","Free Size","1","300.0","282.0","TP2RMEU01785031"
"RTO_COMPLETE","316794452950291200_1","508162782","2026-08-06","","Haryana","MJM Crystal Pro Wireless Bluetooth Earbuds with Smart LED Display, 48H Playback, ENC Calling, Type-C Charging, Low Latency Gaming Earbuds","Crystalpro-black","Free Size","1","300.0","300.0","TP2RMEU01785044"
"CANCELLED","316798596590459264_1","511488761","2026-08-06","","Haryana","MJM Airdopes Prime TWS Earbuds Bluetooth 5.4 Wireless Earbuds with Deep Bass, HD Calling, Type-C Charging & 18 Hours Playback - Blue","MJM-AIRDOPES-PRIME-BLUE","Free Size","1","271.0","253.0",
"DELIVERED","316804558873287040_1","505105292","2026-08-06","","Rajasthan","MJM Waterproof Mobile Pouch Combo Pack of 8 | Universal Touch Screen Phone Cover with Neck Strap, Triple Lock Waterproof Case for Swimming, Travel, Beach & Rain Protection","3lockrainpouch-8pc","Free Size","1","127.0","109.0","TP2RMEU01785058"
"DELIVERED","316806512181631360_1","508240986","2026-08-06","","Punjab","MJM 360? Rotating Bike Mobile Holder Stand for Motorcycle, Bicycle & Scooter Handlebar Phone Mount","PT05-BIKESTAND","Free Size","1","148.0","130.0","TP15HAE01731744"
"DELIVERED","316810376192579904_1","508573229","2026-08-06","","Maharashtra","MJM Premium Metal Mobile Stand | 360? Rotation Adjustable Phone Holder | Foldable Desk Table Stand for Smartphone & Tablet","L396-STAND","Free Size","1","141.0","141.0","TP2RMEU01785048"
"DELIVERED","316822985605026560_1","505105292","2026-08-06","","Maharashtra","MJM Waterproof Mobile Pouch Combo Pack of 8 | Universal Touch Screen Phone Cover with Neck Strap, Triple Lock Waterproof Case for Swimming, Travel, Beach & Rain Protection","3lockrainpouch-8pc","Free Size","1","146.0","128.0","TP2RMEU01785054"
"DELIVERED","316827293325642176_1","508573229","2026-08-06","","Karnataka","MJM Premium Metal Mobile Stand | 360? Rotation Adjustable Phone Holder | Foldable Desk Table Stand for Smartphone & Tablet","L396-STAND","Free Size","1","160.0","160.0","TP2RMEU01785050"
"DELIVERED","316829736075708864_1","511491324","2026-08-06","","Uttar Pradesh","MJM Airdopes Prime TWS Earbuds Bluetooth 5.4 Wireless Earbuds with Deep Bass, HD Calling, Type-C Charging & 18 Hours Playback - Green","MJM-AIRDOPES-PRIME-GREEN","Free Size","1","300.0","282.0","TP2RMEU01785063"
"DELIVERED","316830275807861056_1","511491324","2026-08-06","","Maharashtra","MJM Airdopes Prime TWS Earbuds Bluetooth 5.4 Wireless Earbuds with Deep Bass, HD Calling, Type-C Charging & 18 Hours Playback - Green","MJM-AIRDOPES-PRIME-GREEN","Free Size","1","300.0","300.0","TP2RMEU01785060"
"RTO_COMPLETE","316830459241486400_1","511491324","2026-08-06","","Chhattisgarh","MJM Airdopes Prime TWS Earbuds Bluetooth 5.4 Wireless Earbuds with Deep Bass, HD Calling, Type-C Charging & 18 Hours Playback - Green","MJM-AIRDOPES-PRIME-GREEN","Free Size","1","271.0","271.0","TP2RMEU01785064"
"DELIVERED","316834228649974080_1","511491324","2026-08-06","","Rajasthan","MJM Airdopes Prime TWS Earbuds Bluetooth 5.4 Wireless Earbuds with Deep Bass, HD Calling, Type-C Charging & 18 Hours Playback - Green","MJM-AIRDOPES-PRIME-GREEN","Free Size","1","271.0","253.0","TP2RMEU01785057"
"DELIVERED","316847836738786048_1","511491324","2026-08-06","","Maharashtra","MJM Airdopes Prime TWS Earbuds Bluetooth 5.4 Wireless Earbuds with Deep Bass, HD Calling, Type-C Charging & 18 Hours Playback - Green","MJM-AIRDOPES-PRIME-GREEN","Free Size","1","300.0","300.0","TP2RMEU01785033"
"RTO_COMPLETE","316850283585128896_1","511491324","2026-08-06","","Goa","MJM Airdopes Prime TWS Earbuds Bluetooth 5.4 Wireless Earbuds with Deep Bass, HD Calling, Type-C Charging & 18 Hours Playback - Green","MJM-AIRDOPES-PRIME-GREEN","Free Size","1","300.0","300.0","TP2RMEU01785061"
"DELIVERED","316851881314521856_1","505105292","2026-08-06","","Delhi","MJM Waterproof Mobile Pouch Combo Pack of 8 | Universal Touch Screen Phone Cover with Neck Strap, Triple Lock Waterproof Case for Swimming, Travel, Beach & Rain Protection","3lockrainpouch-8pc","Free Size","1","146.0","128.0","TP2RMEU01785049"
"DELIVERED","316896264696224065_1","511491324","2026-08-06","","Andhra Pradesh","MJM Airdopes Prime TWS Earbuds Bluetooth 5.4 Wireless Earbuds with Deep Bass, HD Calling, Type-C Charging & 18 Hours Playback - Green","MJM-AIRDOPES-PRIME-GREEN","Free Size","1","271.0","253.0","TP2RMEU01785062"
"DELIVERED","316901447102683200_1","508949391","2026-08-06","","Telangana","MJM Samsung Galaxy A07 5G Premium Brown Leather Flip Cover Wallet Case with Card Slots, Magnetic Lock & Kickstand","MJM-A07BRN-FLP","Free Size","1","100.0","81.0","TP15HAE01731736"
"DELIVERED","316902518500947200_1","511491324","2026-08-06","","Haryana","MJM Airdopes Prime TWS Earbuds Bluetooth 5.4 Wireless Earbuds with Deep Bass, HD Calling, Type-C Charging & 18 Hours Playback - Green","MJM-AIRDOPES-PRIME-GREEN","Free Size","1","300.0","300.0","TP2RMEU01785059"
"RTO_COMPLETE","316909792233583872_1","508949391","2026-08-06","","Bihar","MJM Samsung Galaxy A07 5G Premium Brown Leather Flip Cover Wallet Case with Card Slots, Magnetic Lock & Kickstand","MJM-A07BRN-FLP","Free Size","1","100.0","100.0","TP15HAE01731734"
"DELIVERED","316910428986595520_1","505105292","2026-08-06","","Delhi","MJM Waterproof Mobile Pouch Combo Pack of 8 | Universal Touch Screen Phone Cover with Neck Strap, Triple Lock Waterproof Case for Swimming, Travel, Beach & Rain Protection","3lockrainpouch-8pc","Free Size","1","146.0","128.0","TP2RMEU01785045"
"DELIVERED","316911545887234496_1","505105292","2026-08-06","","Rajasthan","MJM Waterproof Mobile Pouch Combo Pack of 8 | Universal Touch Screen Phone Cover with Neck Strap, Triple Lock Waterproof Case for Swimming, Travel, Beach & Rain Protection","3lockrainpouch-8pc","Free Size","1","146.0","128.0","TP2RMEU01785053"
"DELIVERED","316930442171111744_1","508240986","2026-08-06","","Gujarat","MJM 360? Rotating Bike Mobile Holder Stand for Motorcycle, Bicycle & Scooter Handlebar Phone Mount","PT05-BIKESTAND","Free Size","1","148.0","130.0","TP15HAE01731742"
"DELIVERED","316939949343810432_1","511491324","2026-08-06","","Bihar","MJM Airdopes Prime TWS Earbuds Bluetooth 5.4 Wireless Earbuds with Deep Bass, HD Calling, Type-C Charging & 18 Hours Playback - Green","MJM-AIRDOPES-PRIME-GREEN","Free Size","1","271.0","271.0","TP2RMEU01785065"
"RTO_COMPLETE","316979023208459072_1","508573229","2026-08-06","","Delhi","MJM Premium Metal Mobile Stand | 360? Rotation Adjustable Phone Holder | Foldable Desk Table Stand for Smartphone & Tablet","L396-STAND","Free Size","1","160.0","160.0","TP2RMEU01785051"
"DELIVERED","317007804845925952_1","508573229","2026-08-07","","Haryana","MJM Premium Metal Mobile Stand | 360? Rotation Adjustable Phone Holder | Foldable Desk Table Stand for Smartphone & Tablet","L396-STAND","Free Size","1","160.0","143.0","TP2RMEU01785052"
"DELIVERED","317014242363908801_1","505105292","2026-08-07","","Delhi","MJM Waterproof Mobile Pouch Combo Pack of 8 | Universal Touch Screen Phone Cover with Neck Strap, Triple Lock Waterproof Case for Swimming, Travel, Beach & Rain Protection","3lockrainpouch-8pc","Free Size","1","127.0","109.0","TP2RMEU01785056"
"DELIVERED","317073233266136000_1","505105292","2026-08-07","","Madhya Pradesh","MJM Waterproof Mobile Pouch Combo Pack of 8 | Universal Touch Screen Phone Cover with Neck Strap, Triple Lock Waterproof Case for Swimming, Travel, Beach & Rain Protection","3lockrainpouch-8pc","Free Size","1","127.0","109.0","TP2RMEU01785055"
"DELIVERED","317113624182596288_1","508240986","2026-08-07","","Odisha","MJM 360? Rotating Bike Mobile Holder Stand for Motorcycle, Bicycle & Scooter Handlebar Phone Mount","PT05-BIKESTAND","Free Size","2","148.0","130.0","TP8RTEU03010757"
"RTO_COMPLETE","317135827599041216_1","505105292","2026-08-07","","Rajasthan","MJM Waterproof Mobile Pouch Combo Pack of 8 | Universal Touch Screen Phone Cover with Neck Strap, Triple Lock Waterproof Case for Swimming, Travel, Beach & Rain Protection","3lockrainpouch-8pc","Free Size","1","146.0","146.0","TP2RMEU01785046"
"DELIVERED","317142385749861120_1","508240986","2026-08-07","","Bihar","MJM 360? Rotating Bike Mobile Holder Stand for Motorcycle, Bicycle & Scooter Handlebar Phone Mount","PT05-BIKESTAND","Free Size","1","170.0","170.0","TP15HAE01731743"
"DELIVERED","317154555875612864_1","508573229","2026-08-07","","West Bengal","MJM Premium Metal Mobile Stand | 360? Rotation Adjustable Phone Holder | Foldable Desk Table Stand for Smartphone & Tablet","L396-STAND","Free Size","1","141.0","141.0","TP2RMEU01785047"
"DELIVERED","317164342516437952_1","505105292","2026-08-07","","Delhi","MJM Waterproof Mobile Pouch Combo Pack of 8 | Universal Touch Screen Phone Cover with Neck Strap, Triple Lock Waterproof Case for Swimming, Travel, Beach & Rain Protection","3lockrainpouch-8pc","Free Size","1","127.0","109.0","TP2RMEU01785073"
"DELIVERED","317167817346308288_1","508240986","2026-08-07","","Uttarakhand","MJM 360? Rotating Bike Mobile Holder Stand for Motorcycle, Bicycle & Scooter Handlebar Phone Mount","PT05-BIKESTAND","Free Size","1","148.0","130.0","TP15HAE01731722"
"DELIVERED","317170298893313856_1","508240986","2026-08-07","","Maharashtra","MJM 360? Rotating Bike Mobile Holder Stand for Motorcycle, Bicycle & Scooter Handlebar Phone Mount","PT05-BIKESTAND","Free Size","1","148.0","148.0","TP15HAE01731719"
"DELIVERED","317174870139786176_1","505105292","2026-08-07","","Rajasthan","MJM Waterproof Mobile Pouch Combo Pack of 8 | Universal Touch Screen Phone Cover with Neck Strap, Triple Lock Waterproof Case for Swimming, Travel, Beach & Rain Protection","3lockrainpouch-8pc","Free Size","1","127.0","109.0","TP2RMEU01785075"
"DELIVERED","317181934215943104_1","505105292","2026-08-07","","Rajasthan","MJM Waterproof Mobile Pouch Combo Pack of 8 | Universal Touch Screen Phone Cover with Neck Strap, Triple Lock Waterproof Case for Swimming, Travel, Beach & Rain Protection","3lockrainpouch-8pc","Free Size","1","127.0","109.0","TP2RMEU01785070"
"DELIVERED","317195888203605824_1","508573229","2026-08-07","","Gujarat","MJM Premium Metal Mobile Stand | 360? Rotation Adjustable Phone Holder | Foldable Desk Table Stand for Smartphone & Tablet","L396-STAND","Free Size","1","160.0","160.0","TP2RMEU01785080"
"CANCELLED","317215513729881024_1","511487094","2026-08-07","","Rajasthan","MJM Airdopes Prime TWS Earbuds Bluetooth 5.4 Wireless Earbuds with Deep Bass, HD Calling, Type-C Charging & 18 Hours Playback - Black","MJM-AIRDOPES-PRIME-BLACK","Free Size","1","300.0","300.0",
"CANCELLED","317217300763058944_1","511487094","2026-08-07","","Madhya Pradesh","MJM Airdopes Prime TWS Earbuds Bluetooth 5.4 Wireless Earbuds with Deep Bass, HD Calling, Type-C Charging & 18 Hours Playback - Black","MJM-AIRDOPES-PRIME-BLACK","Free Size","1","300.0","300.0",
"DELIVERED","317222104021653696_1","511487094","2026-08-07","","Tamil Nadu","MJM Airdopes Prime TWS Earbuds Bluetooth 5.4 Wireless Earbuds with Deep Bass, HD Calling, Type-C Charging & 18 Hours Playback - Black","MJM-AIRDOPES-PRIME-BLACK","Free Size","1","271.0","253.0","TP2RMEU01785181"
"DELIVERED","317231863735048400_1","505105292","2026-08-07","","Kerala","MJM Waterproof Mobile Pouch Combo Pack of 8 | Universal Touch Screen Phone Cover with Neck Strap, Triple Lock Waterproof Case for Swimming, Travel, Beach & Rain Protection","3lockrainpouch-8pc","Free Size","1","127.0","109.0","TP2RMEU01785066"
"RTO_COMPLETE","317241203166225152_1","508240986","2026-08-07","","Tamil Nadu","MJM 360? Rotating Bike Mobile Holder Stand for Motorcycle, Bicycle & Scooter Handlebar Phone Mount","PT05-BIKESTAND","Free Size","1","170.0","170.0","TP15HAE01731721"
"DELIVERED","317247155701491521_1","507601287","2026-08-07","","Karnataka","MJM Brown Flip Cover with HD+ Tempered Glass Combo | Premium Wallet Style Mobile Case | Magnetic Closure & 360? Protection","Y20Brownflip+Glass","Free Size","1","100.0","100.0","TP15HAE01731730"
"RTO_COMPLETE","317268021118556352_1","505105292","2026-08-07","","Maharashtra","MJM Waterproof Mobile Pouch Combo Pack of 8 | Universal Touch Screen Phone Cover with Neck Strap, Triple Lock Waterproof Case for Swimming, Travel, Beach & Rain Protection","3lockrainpouch-8pc","Free Size","1","146.0","128.0","TP2CMEU02894610"
"RTO_COMPLETE","317271863985645376_1","511488761","2026-08-07","","Maharashtra","MJM Airdopes Prime TWS Earbuds Bluetooth 5.4 Wireless Earbuds with Deep Bass, HD Calling, Type-C Charging & 18 Hours Playback - Blue","MJM-AIRDOPES-PRIME-BLUE","Free Size","1","300.0","300.0","TP2RMEU01785003"
"DELIVERED","317276436444271552_1","511488761","2026-08-07","","Bihar","MJM Airdopes Prime TWS Earbuds Bluetooth 5.4 Wireless Earbuds with Deep Bass, HD Calling, Type-C Charging & 18 Hours Playback - Blue","MJM-AIRDOPES-PRIME-BLUE","Free Size","1","300.0","282.0","TP2CMEU02894597"
"DELIVERED","317279272695177984_1","505105292","2026-08-07","","Uttar Pradesh","MJM Waterproof Mobile Pouch Combo Pack of 8 | Universal Touch Screen Phone Cover with Neck Strap, Triple Lock Waterproof Case for Swimming, Travel, Beach & Rain Protection","3lockrainpouch-8pc","Free Size","1","127.0","109.0","TP2RMEU01785071"
"DELIVERED","317283529352074177_1","511488761","2026-08-07","","Andhra Pradesh","MJM Airdopes Prime TWS Earbuds Bluetooth 5.4 Wireless Earbuds with Deep Bass, HD Calling, Type-C Charging & 18 Hours Playback - Blue","MJM-AIRDOPES-PRIME-BLUE","Free Size","1","271.0","271.0","TP2CMEU02894594"
"DELIVERED","317288624852621504_1","511488761","2026-08-07","","Madhya Pradesh","MJM Airdopes Prime TWS Earbuds Bluetooth 5.4 Wireless Earbuds with Deep Bass, HD Calling, Type-C Charging & 18 Hours Playback - Blue","MJM-AIRDOPES-PRIME-BLUE","Free Size","1","271.0","253.0","TP2CMEU02894592"
"DELIVERED","317290083245676737_1","511488761","2026-08-07","","West Bengal","MJM Airdopes Prime TWS Earbuds Bluetooth 5.4 Wireless Earbuds with Deep Bass, HD Calling, Type-C Charging & 18 Hours Playback - Blue","MJM-AIRDOPES-PRIME-BLUE","Free Size","1","300.0","300.0","TP2RMEU01785002"
"RTO_COMPLETE","317295472896956608_1","511488761","2026-08-07","","Uttar Pradesh","MJM Airdopes Prime TWS Earbuds Bluetooth 5.4 Wireless Earbuds with Deep Bass, HD Calling, Type-C Charging & 18 Hours Playback - Blue","MJM-AIRDOPES-PRIME-BLUE","Free Size","1","300.0","300.0","TP2CMEU02894590"
"DELIVERED","317302927317722368_1","511488761","2026-08-07","","Andhra Pradesh","MJM Airdopes Prime TWS Earbuds Bluetooth 5.4 Wireless Earbuds with Deep Bass, HD Calling, Type-C Charging & 18 Hours Playback - Blue","MJM-AIRDOPES-PRIME-BLUE","Free Size","1","300.0","300.0","TP2RMEU01784998"
"DELIVERED","317303591840569536_1","511488761","2026-08-07","","Bihar","MJM Airdopes Prime TWS Earbuds Bluetooth 5.4 Wireless Earbuds with Deep Bass, HD Calling, Type-C Charging & 18 Hours Playback - Blue","MJM-AIRDOPES-PRIME-BLUE","Free Size","1","271.0","253.0","TP2RMEU01785001"
"RTO_COMPLETE","317306806665161536_1","511487094","2026-08-07","","Andhra Pradesh","MJM Airdopes Prime TWS Earbuds Bluetooth 5.4 Wireless Earbuds with Deep Bass, HD Calling, Type-C Charging & 18 Hours Playback - Black","MJM-AIRDOPES-PRIME-BLACK","Free Size","1","271.0","271.0","TP2RMEU01784986"
"DELIVERED","317307612332545344_1","511487094","2026-08-07","","Bihar","MJM Airdopes Prime TWS Earbuds Bluetooth 5.4 Wireless Earbuds with Deep Bass, HD Calling, Type-C Charging & 18 Hours Playback - Black","MJM-AIRDOPES-PRIME-BLACK","Free Size","1","300.0","300.0","TP2RMEU01784992"
"RTO_COMPLETE","317308445044560832_1","511488761","2026-08-07","","Delhi","MJM Airdopes Prime TWS Earbuds Bluetooth 5.4 Wireless Earbuds with Deep Bass, HD Calling, Type-C Charging & 18 Hours Playback - Blue","MJM-AIRDOPES-PRIME-BLUE","Free Size","1","300.0","300.0","TP2CMEU02894595"
"RTO_COMPLETE","317308540923683968_1","511488761","2026-08-07","","Chhattisgarh","MJM Airdopes Prime TWS Earbuds Bluetooth 5.4 Wireless Earbuds with Deep Bass, HD Calling, Type-C Charging & 18 Hours Playback - Blue","MJM-AIRDOPES-PRIME-BLUE","Free Size","1","271.0","271.0","TP2CMEU02894598"
"DELIVERED","317308529080383296_1","505105292","2026-08-07","","Delhi","MJM Waterproof Mobile Pouch Combo Pack of 8 | Universal Touch Screen Phone Cover with Neck Strap, Triple Lock Waterproof Case for Swimming, Travel, Beach & Rain Protection","3lockrainpouch-8pc","Free Size","1","146.0","128.0","TP2RMEU01785072"
"RTO_COMPLETE","317313138188465984_1","511487094","2026-08-07","","Uttar Pradesh","MJM Airdopes Prime TWS Earbuds Bluetooth 5.4 Wireless Earbuds with Deep Bass, HD Calling, Type-C Charging & 18 Hours Playback - Black","MJM-AIRDOPES-PRIME-BLACK","Free Size","1","271.0","271.0","TP2RMEU01784993"
"CANCELLED","317314982684861184_1","505105292","2026-08-07","","Delhi","MJM Waterproof Mobile Pouch Combo Pack of 8 | Universal Touch Screen Phone Cover with Neck Strap, Triple Lock Waterproof Case for Swimming, Travel, Beach & Rain Protection","3lockrainpouch-8pc","Free Size","1","146.0","128.0",
"DELIVERED","317316472376120640_1","511487094","2026-08-07","","Andhra Pradesh","MJM Airdopes Prime TWS Earbuds Bluetooth 5.4 Wireless Earbuds with Deep Bass, HD Calling, Type-C Charging & 18 Hours Playback - Black","MJM-AIRDOPES-PRIME-BLACK","Free Size","1","300.0","300.0","TP2RMEU01784985"
"RTO_COMPLETE","317316584453710976_1","511487094","2026-08-07","","Rajasthan","MJM Airdopes Prime TWS Earbuds Bluetooth 5.4 Wireless Earbuds with Deep Bass, HD Calling, Type-C Charging & 18 Hours Playback - Black","MJM-AIRDOPES-PRIME-BLACK","Free Size","1","300.0","300.0","TP2RMEU01784988"
"DELIVERED","317326236329648896_1","511488761","2026-08-07","","Haryana","MJM Airdopes Prime TWS Earbuds Bluetooth 5.4 Wireless Earbuds with Deep Bass, HD Calling, Type-C Charging & 18 Hours Playback - Blue","MJM-AIRDOPES-PRIME-BLUE","Free Size","1","300.0","300.0","TP2CMEU02894591"
"DELIVERED","317329144031269824_1","511488761","2026-08-07","","Andhra Pradesh","MJM Airdopes Prime TWS Earbuds Bluetooth 5.4 Wireless Earbuds with Deep Bass, HD Calling, Type-C Charging & 18 Hours Playback - Blue","MJM-AIRDOPES-PRIME-BLUE","Free Size","1","300.0","300.0","TP2CMEU02894596"
"DELIVERED","317336878042262336_1","508240986","2026-08-07","","Gujarat","MJM 360? Rotating Bike Mobile Holder Stand for Motorcycle, Bicycle & Scooter Handlebar Phone Mount","PT05-BIKESTAND","Free Size","1","170.0","152.0","TP15HAE01731737"
"CANCELLED","317338353573615808_1","511491324","2026-08-07","","Bihar","MJM Airdopes Prime TWS Earbuds Bluetooth 5.4 Wireless Earbuds with Deep Bass, HD Calling, Type-C Charging & 18 Hours Playback - Green","MJM-AIRDOPES-PRIME-GREEN","Free Size","1","271.0","253.0",
"DELIVERED","317339029362816832_1","511488761","2026-08-07","","West Bengal","MJM Airdopes Prime TWS Earbuds Bluetooth 5.4 Wireless Earbuds with Deep Bass, HD Calling, Type-C Charging & 18 Hours Playback - Blue","MJM-AIRDOPES-PRIME-BLUE","Free Size","1","300.0","282.0","TP2RMEU01784999"
"DELIVERED","317339935170155456_1","511487094","2026-08-07","","Telangana","MJM Airdopes Prime TWS Earbuds Bluetooth 5.4 Wireless Earbuds with Deep Bass, HD Calling, Type-C Charging & 18 Hours Playback - Black","MJM-AIRDOPES-PRIME-BLACK","Free Size","1","300.0","300.0","TP2RMEU01784994"
"DELIVERED","317339962842920768_1","511488761","2026-08-07","","Uttar Pradesh","MJM Airdopes Prime TWS Earbuds Bluetooth 5.4 Wireless Earbuds with Deep Bass, HD Calling, Type-C Charging & 18 Hours Playback - Blue","MJM-AIRDOPES-PRIME-BLUE","Free Size","1","300.0","300.0","TP2CMEU02894593"
"CANCELLED","317345577787925248_1","511488761","2026-08-07","","Uttar Pradesh","MJM Airdopes Prime TWS Earbuds Bluetooth 5.4 Wireless Earbuds with Deep Bass, HD Calling, Type-C Charging & 18 Hours Playback - Blue","MJM-AIRDOPES-PRIME-BLUE","Free Size","1","300.0","300.0",
"DELIVERED","317345780666409728_1","511487094","2026-08-07","","Bihar","MJM Airdopes Prime TWS Earbuds Bluetooth 5.4 Wireless Earbuds with Deep Bass, HD Calling, Type-C Charging & 18 Hours Playback - Black","MJM-AIRDOPES-PRIME-BLACK","Free Size","1","300.0","282.0","TP2RMEU01784987"
"DELIVERED","317346149744191296_1","511488761","2026-08-07","","Tamil Nadu","MJM Airdopes Prime TWS Earbuds Bluetooth 5.4 Wireless Earbuds with Deep Bass, HD Calling, Type-C Charging & 18 Hours Playback - Blue","MJM-AIRDOPES-PRIME-BLUE","Free Size","1","300.0","282.0","TP2RMEU01785000"
"DELIVERED","317347340725572544_1","511488761","2026-08-07","","West Bengal","MJM Airdopes Prime TWS Earbuds Bluetooth 5.4 Wireless Earbuds with Deep Bass, HD Calling, Type-C Charging & 18 Hours Playback - Blue","MJM-AIRDOPES-PRIME-BLUE","Free Size","1","271.0","253.0","TP2CMEU02894665"
"CANCELLED","317348175676908224_1","511488761","2026-08-07","","Delhi","MJM Airdopes Prime TWS Earbuds Bluetooth 5.4 Wireless Earbuds with Deep Bass, HD Calling, Type-C Charging & 18 Hours Playback - Blue","MJM-AIRDOPES-PRIME-BLUE","Free Size","1","300.0","282.0",
"DELIVERED","317349052160922944_1","511488761","2026-08-07","","Tamil Nadu","MJM Airdopes Prime TWS Earbuds Bluetooth 5.4 Wireless Earbuds with Deep Bass, HD Calling, Type-C Charging & 18 Hours Playback - Blue","MJM-AIRDOPES-PRIME-BLUE","Free Size","1","300.0","300.0","TP2CMEU02894589"
"CANCELLED","317349491370850176_1","511488761","2026-08-07","","Uttar Pradesh","MJM Airdopes Prime TWS Earbuds Bluetooth 5.4 Wireless Earbuds with Deep Bass, HD Calling, Type-C Charging & 18 Hours Playback - Blue","MJM-AIRDOPES-PRIME-BLUE","Free Size","1","271.0","271.0",
"CANCELLED","317354665184123072_1","511488761","2026-08-07","","Bihar","MJM Airdopes Prime TWS Earbuds Bluetooth 5.4 Wireless Earbuds with Deep Bass, HD Calling, Type-C Charging & 18 Hours Playback - Blue","MJM-AIRDOPES-PRIME-BLUE","Free Size","1","300.0","300.0",
"DELIVERED","317358233458014080_1","511488761","2026-08-07","","Kerala","MJM Airdopes Prime TWS Earbuds Bluetooth 5.4 Wireless Earbuds with Deep Bass, HD Calling, Type-C Charging & 18 Hours Playback - Blue","MJM-AIRDOPES-PRIME-BLUE","Free Size","1","300.0","282.0","TP2RMEU01784997"
"DELIVERED","317363257341695680_1","508240986","2026-08-07","","Maharashtra","MJM 360? Rotating Bike Mobile Holder Stand for Motorcycle, Bicycle & Scooter Handlebar Phone Mount","PT05-BIKESTAND","Free Size","1","170.0","170.0","TP15HAE01731733"
"DELIVERED","317365859436689281_1","517124724","2026-08-07","","Gujarat","MJM 100W 3 in 1 Fast Charging Cable with LED Light | Type C + Lightning + Micro USB | Nylon Braided USB Charging Cable | Black | 1 Piece","MJM-3IN1-TDY-BLK-1PC","Free Size","1","129.0","111.0","NP1NLEU03980986"
"DELIVERED","317367020353803201_1","505105292","2026-08-07","","Tamil Nadu","MJM Waterproof Mobile Pouch Combo Pack of 8 | Universal Touch Screen Phone Cover with Neck Strap, Triple Lock Waterproof Case for Swimming, Travel, Beach & Rain Protection","3lockrainpouch-8pc","Free Size","1","146.0","128.0","TP2RMEU01785078"
"CANCELLED","317370079569213312_1","511488761","2026-08-08","","Karnataka","MJM Airdopes Prime TWS Earbuds Bluetooth 5.4 Wireless Earbuds with Deep Bass, HD Calling, Type-C Charging & 18 Hours Playback - Blue","MJM-AIRDOPES-PRIME-BLUE","Free Size","1","271.0","271.0",
"DELIVERED","317370828377711872_1","511488761","2026-08-08","","Tamil Nadu","MJM Airdopes Prime TWS Earbuds Bluetooth 5.4 Wireless Earbuds with Deep Bass, HD Calling, Type-C Charging & 18 Hours Playback - Blue","MJM-AIRDOPES-PRIME-BLUE","Free Size","1","300.0","282.0","TP2CMEU02894657"
"DELIVERED","317376936573458112_1","511488761","2026-08-08","","Gujarat","MJM Airdopes Prime TWS Earbuds Bluetooth 5.4 Wireless Earbuds with Deep Bass, HD Calling, Type-C Charging & 18 Hours Playback - Blue","MJM-AIRDOPES-PRIME-BLUE","Free Size","1","300.0","282.0","TP2CMEU02894618"
"DELIVERED","317378201079145729_1","508573229","2026-08-08","","Rajasthan","MJM Premium Metal Mobile Stand | 360? Rotation Adjustable Phone Holder | Foldable Desk Table Stand for Smartphone & Tablet","L396-STAND","Free Size","1","141.0","118.0","TP2RMEU01785082"
"DELIVERED","317382375256151744_1","505105292","2026-08-08","","Telangana","MJM Waterproof Mobile Pouch Combo Pack of 8 | Universal Touch Screen Phone Cover with Neck Strap, Triple Lock Waterproof Case for Swimming, Travel, Beach & Rain Protection","3lockrainpouch-8pc","Free Size","1","127.0","103.0","TP2RMEU01785074"
"DELIVERED","317383119539218241_1","505105292","2026-08-08","","Delhi","MJM Waterproof Mobile Pouch Combo Pack of 8 | Universal Touch Screen Phone Cover with Neck Strap, Triple Lock Waterproof Case for Swimming, Travel, Beach & Rain Protection","3lockrainpouch-8pc","Free Size","1","146.0","121.0","TP2RMEU01785067"
"DELIVERED","317390325331420544_1","505105292","2026-08-08","","Delhi","MJM Waterproof Mobile Pouch Combo Pack of 8 | Universal Touch Screen Phone Cover with Neck Strap, Triple Lock Waterproof Case for Swimming, Travel, Beach & Rain Protection","3lockrainpouch-8pc","Free Size","1","146.0","121.0","TP2RMEU01785068"
"DELIVERED","317391135516861120_1","511491324","2026-08-08","","Rajasthan","MJM Airdopes Prime TWS Earbuds Bluetooth 5.4 Wireless Earbuds with Deep Bass, HD Calling, Type-C Charging & 18 Hours Playback - Green","MJM-AIRDOPES-PRIME-GREEN","Free Size","1","271.0","241.0","TP2CMEU02894668"
"DELIVERED","317391469809165568_1","511488761","2026-08-08","","Maharashtra","MJM Airdopes Prime TWS Earbuds Bluetooth 5.4 Wireless Earbuds with Deep Bass, HD Calling, Type-C Charging & 18 Hours Playback - Blue","MJM-AIRDOPES-PRIME-BLUE","Free Size","1","300.0","282.0","TP2CMEU02894663"
"RTO_COMPLETE","317393827088938816_1","511488761","2026-08-08","","Bihar","MJM Airdopes Prime TWS Earbuds Bluetooth 5.4 Wireless Earbuds with Deep Bass, HD Calling, Type-C Charging & 18 Hours Playback - Blue","MJM-AIRDOPES-PRIME-BLUE","Free Size","1","300.0","300.0","TP2CMEU02894600"
"CANCELLED","317413081449177792_1","511488761","2026-08-08","","Himachal Pradesh","MJM Airdopes Prime TWS Earbuds Bluetooth 5.4 Wireless Earbuds with Deep Bass, HD Calling, Type-C Charging & 18 Hours Playback - Blue","MJM-AIRDOPES-PRIME-BLUE","Free Size","1","271.0","253.0",
"RTO_COMPLETE","317413664306813120_1","511488761","2026-08-08","","Madhya Pradesh","MJM Airdopes Prime TWS Earbuds Bluetooth 5.4 Wireless Earbuds with Deep Bass, HD Calling, Type-C Charging & 18 Hours Playback - Blue","MJM-AIRDOPES-PRIME-BLUE","Free Size","1","300.0","300.0","TP2CMEU02894661"
"DELIVERED","317452899591816064_1","505105292","2026-08-08","","Uttar Pradesh","MJM Waterproof Mobile Pouch Combo Pack of 8 | Universal Touch Screen Phone Cover with Neck Strap, Triple Lock Waterproof Case for Swimming, Travel, Beach & Rain Protection","3lockrainpouch-8pc","Free Size","1","127.0","103.0","TP2RMEU01785077"
"DELIVERED","317453461691507456_1","505105292","2026-08-08","","Uttar Pradesh","MJM Waterproof Mobile Pouch Combo Pack of 8 | Universal Touch Screen Phone Cover with Neck Strap, Triple Lock Waterproof Case for Swimming, Travel, Beach & Rain Protection","3lockrainpouch-8pc","Free Size","1","127.0","103.0","TP2RMEU01785076"
"CANCELLED","317460138540033600_1","508240986","2026-08-08","","Uttar Pradesh","MJM 360? Rotating Bike Mobile Holder Stand for Motorcycle, Bicycle & Scooter Handlebar Phone Mount","PT05-BIKESTAND","Free Size","1","148.0","124.0",
"DELIVERED","317463009953633216_1","508240986","2026-08-08","","Uttar Pradesh","MJM 360? Rotating Bike Mobile Holder Stand for Motorcycle, Bicycle & Scooter Handlebar Phone Mount","PT05-BIKESTAND","Free Size","1","148.0","124.0","TP15HAE01731731"
"DELIVERED","317463214101521984_1","511488761","2026-08-08","","Odisha","MJM Airdopes Prime TWS Earbuds Bluetooth 5.4 Wireless Earbuds with Deep Bass, HD Calling, Type-C Charging & 18 Hours Playback - Blue","MJM-AIRDOPES-PRIME-BLUE","Free Size","1","271.0","271.0","TP2CMEU02894588"
"DELIVERED","317483054631642496_1","508240986","2026-08-08","","Karnataka","MJM 360? Rotating Bike Mobile Holder Stand for Motorcycle, Bicycle & Scooter Handlebar Phone Mount","PT05-BIKESTAND","Free Size","1","170.0","162.0","TP15HAE01731723"
"RTO_COMPLETE","317484112713033536_1","508240986","2026-08-08","","Uttar Pradesh","MJM 360? Rotating Bike Mobile Holder Stand for Motorcycle, Bicycle & Scooter Handlebar Phone Mount","PT05-BIKESTAND","Free Size","1","170.0","145.0","TP15HAE01731732"
"DELIVERED","317484989464077696_1","511488761","2026-08-08","","Gujarat","MJM Airdopes Prime TWS Earbuds Bluetooth 5.4 Wireless Earbuds with Deep Bass, HD Calling, Type-C Charging & 18 Hours Playback - Blue","MJM-AIRDOPES-PRIME-BLUE","Free Size","1","300.0","282.0","TP2CMEU02894620"
"CANCELLED","317485020188824512_1","511488761","2026-08-08","","Uttar Pradesh","MJM Airdopes Prime TWS Earbuds Bluetooth 5.4 Wireless Earbuds with Deep Bass, HD Calling, Type-C Charging & 18 Hours Playback - Blue","MJM-AIRDOPES-PRIME-BLUE","Free Size","1","300.0","282.0",
"RTO_COMPLETE","317485872911800512_1","511488761","2026-08-08","","Rajasthan","MJM Airdopes Prime TWS Earbuds Bluetooth 5.4 Wireless Earbuds with Deep Bass, HD Calling, Type-C Charging & 18 Hours Playback - Blue","MJM-AIRDOPES-PRIME-BLUE","Free Size","1","271.0","271.0","TP2CMEU02894660"
"DELIVERED","317486624564258625_1","511488761","2026-08-08","","Bihar","MJM Airdopes Prime TWS Earbuds Bluetooth 5.4 Wireless Earbuds with Deep Bass, HD Calling, Type-C Charging & 18 Hours Playback - Blue","MJM-AIRDOPES-PRIME-BLUE","Free Size","1","300.0","282.0","TP2CMEU02894658"
"RTO_COMPLETE","317487417617966464_1","511488761","2026-08-08","","Bihar","MJM Airdopes Prime TWS Earbuds Bluetooth 5.4 Wireless Earbuds with Deep Bass, HD Calling, Type-C Charging & 18 Hours Playback - Blue","MJM-AIRDOPES-PRIME-BLUE","Free Size","1","271.0","271.0","TP2CMEU02894599"
"CANCELLED","317493590296942272_1","511488761","2026-08-08","","Andhra Pradesh","MJM Airdopes Prime TWS Earbuds Bluetooth 5.4 Wireless Earbuds with Deep Bass, HD Calling, Type-C Charging & 18 Hours Playback - Blue","MJM-AIRDOPES-PRIME-BLUE","Free Size","1","300.0","300.0",
"RTO_COMPLETE","317494221362062592_1","511488761","2026-08-08","","Andhra Pradesh","MJM Airdopes Prime TWS Earbuds Bluetooth 5.4 Wireless Earbuds with Deep Bass, HD Calling, Type-C Charging & 18 Hours Playback - Blue","MJM-AIRDOPES-PRIME-BLUE","Free Size","1","300.0","300.0","TP2RMEU01785069"
"DELIVERED","317494473448121920_1","511491324","2026-08-08","","Madhya Pradesh","MJM Airdopes Prime TWS Earbuds Bluetooth 5.4 Wireless Earbuds with Deep Bass, HD Calling, Type-C Charging & 18 Hours Playback - Green","MJM-AIRDOPES-PRIME-GREEN","Free Size","1","271.0","258.0","TP2CMEU02894666"
"RTO_COMPLETE","317499751813030592_1","511491324","2026-08-08","","Maharashtra","MJM Airdopes Prime TWS Earbuds Bluetooth 5.4 Wireless Earbuds with Deep Bass, HD Calling, Type-C Charging & 18 Hours Playback - Green","MJM-AIRDOPES-PRIME-GREEN","Free Size","1","300.0","285.0","TP2CMEU02894669"
"RTO_COMPLETE","317499751813030592_2","511491324","2026-08-08","","Maharashtra","MJM Airdopes Prime TWS Earbuds Bluetooth 5.4 Wireless Earbuds with Deep Bass, HD Calling, Type-C Charging & 18 Hours Playback - Green","MJM-AIRDOPES-PRIME-GREEN","Free Size","1","300.0","285.0","TP2CMEU02894667"
"DELIVERED","317501161111757568_1","508162782","2026-08-08","","Delhi","MJM Crystal Pro Wireless Bluetooth Earbuds with Smart LED Display, 48H Playback, ENC Calling, Type-C Charging, Low Latency Gaming Earbuds","Crystalpro-black","Free Size","1","271.0","258.0","TP2RMEU01784983"
"DELIVERED","317503969268491840_1","511488761","2026-08-08","","Punjab","MJM Airdopes Prime TWS Earbuds Bluetooth 5.4 Wireless Earbuds with Deep Bass, HD Calling, Type-C Charging & 18 Hours Playback - Blue","MJM-AIRDOPES-PRIME-BLUE","Free Size","1","271.0","271.0","TP2CMEU02894656"
"DELIVERED","317504536099317312_1","508573229","2026-08-08","","Haryana","MJM Premium Metal Mobile Stand | 360? Rotation Adjustable Phone Holder | Foldable Desk Table Stand for Smartphone & Tablet","L396-STAND","Free Size","1","141.0","118.0","TP2RMEU01785081"
"DELIVERED","317505023347636032_1","511491324","2026-08-08","","Haryana","MJM Airdopes Prime TWS Earbuds Bluetooth 5.4 Wireless Earbuds with Deep Bass, HD Calling, Type-C Charging & 18 Hours Playback - Green","MJM-AIRDOPES-PRIME-GREEN","Free Size","1","271.0","258.0","TP2CMEU02894670"
"RTO_COMPLETE","317506943769281408_1","511488761","2026-08-08","","Gujarat","MJM Airdopes Prime TWS Earbuds Bluetooth 5.4 Wireless Earbuds with Deep Bass, HD Calling, Type-C Charging & 18 Hours Playback - Blue","MJM-AIRDOPES-PRIME-BLUE","Free Size","1","300.0","300.0","TP2CMEU02894619"
"DELIVERED","317509571387534144_1","511488761","2026-08-08","","Uttar Pradesh","MJM Airdopes Prime TWS Earbuds Bluetooth 5.4 Wireless Earbuds with Deep Bass, HD Calling, Type-C Charging & 18 Hours Playback - Blue","MJM-AIRDOPES-PRIME-BLUE","Free Size","1","300.0","282.0","TP2CMEU02894664"
"DELIVERED","317511706903951168_1","511488761","2026-08-08","","Punjab","MJM Airdopes Prime TWS Earbuds Bluetooth 5.4 Wireless Earbuds with Deep Bass, HD Calling, Type-C Charging & 18 Hours Playback - Blue","MJM-AIRDOPES-PRIME-BLUE","Free Size","1","300.0","300.0","TP2RMEU01784996"
"DELIVERED","317511784218395520_1","508162782","2026-08-08","","Karnataka","MJM Crystal Pro Wireless Bluetooth Earbuds with Smart LED Display, 48H Playback, ENC Calling, Type-C Charging, Low Latency Gaming Earbuds","Crystalpro-black","Free Size","1","271.0","241.0","TP2RMEU01784984"
"DELIVERED","317515701886018816_1","511488761","2026-08-08","","Tamil Nadu","MJM Airdopes Prime TWS Earbuds Bluetooth 5.4 Wireless Earbuds with Deep Bass, HD Calling, Type-C Charging & 18 Hours Playback - Blue","MJM-AIRDOPES-PRIME-BLUE","Free Size","1","300.0","300.0","TP2CMEU02894659"
"DELIVERED","317517214910980864_1","511488761","2026-08-08","","Telangana","MJM Airdopes Prime TWS Earbuds Bluetooth 5.4 Wireless Earbuds with Deep Bass, HD Calling, Type-C Charging & 18 Hours Playback - Blue","MJM-AIRDOPES-PRIME-BLUE","Free Size","1","271.0","253.0","TP2CMEU02894662"
"RTO_COMPLETE","317518619695539456_1","511488761","2026-08-08","","Gujarat","MJM Airdopes Prime TWS Earbuds Bluetooth 5.4 Wireless Earbuds with Deep Bass, HD Calling, Type-C Charging & 18 Hours Playback - Blue","MJM-AIRDOPES-PRIME-BLUE","Free Size","1","271.0","271.0","TP2CMEU02894631"
"RTO_COMPLETE","317522269083952384_1","511488761","2026-08-08","","Madhya Pradesh","MJM Airdopes Prime TWS Earbuds Bluetooth 5.4 Wireless Earbuds with Deep Bass, HD Calling, Type-C Charging & 18 Hours Playback - Blue","MJM-AIRDOPES-PRIME-BLUE","Free Size","1","300.0","300.0","TP2CMEU02894621"
"CANCELLED","317523859225387776_1","511491324","2026-08-08","","Maharashtra","MJM Airdopes Prime TWS Earbuds Bluetooth 5.4 Wireless Earbuds with Deep Bass, HD Calling, Type-C Charging & 18 Hours Playback - Green","MJM-AIRDOPES-PRIME-GREEN","Free Size","1","300.0","285.0",
"CANCELLED","317526212174526272_1","511488761","2026-08-08","","Uttar Pradesh","MJM Airdopes Prime TWS Earbuds Bluetooth 5.4 Wireless Earbuds with Deep Bass, HD Calling, Type-C Charging & 18 Hours Playback - Blue","MJM-AIRDOPES-PRIME-BLUE","Free Size","1","271.0","271.0",
"DELIVERED","317528536608352064_1","511491324","2026-08-08","","Dadra & Nagar Haveli & Daman & Diu","MJM Airdopes Prime TWS Earbuds Bluetooth 5.4 Wireless Earbuds with Deep Bass, HD Calling, Type-C Charging & 18 Hours Playback - Green","MJM-AIRDOPES-PRIME-GREEN","Free Size","1","271.0","258.0","TP2CMEU02894684"
"DELIVERED","317528788887349056_1","511488761","2026-08-08","","Delhi","MJM Airdopes Prime TWS Earbuds Bluetooth 5.4 Wireless Earbuds with Deep Bass, HD Calling, Type-C Charging & 18 Hours Playback - Blue","MJM-AIRDOPES-PRIME-BLUE","Free Size","1","300.0","282.0","TP2CMEU02894627"
"CANCELLED","317532074381043072_1","511488761","2026-08-08","","Tamil Nadu","MJM Airdopes Prime TWS Earbuds Bluetooth 5.4 Wireless Earbuds with Deep Bass, HD Calling, Type-C Charging & 18 Hours Playback - Blue","MJM-AIRDOPES-PRIME-BLUE","Free Size","1","271.0","271.0",
"DELIVERED","317532136428852160_1","505105292","2026-08-08","","Haryana","MJM Waterproof Mobile Pouch Combo Pack of 8 | Universal Touch Screen Phone Cover with Neck Strap, Triple Lock Waterproof Case for Swimming, Travel, Beach & Rain Protection","3lockrainpouch-8pc","Free Size","1","127.0","103.0","TP2CMEU02894678"
"RTO_COMPLETE","317532614226813633_1","511488761","2026-08-08","","Kerala","MJM Airdopes Prime TWS Earbuds Bluetooth 5.4 Wireless Earbuds with Deep Bass, HD Calling, Type-C Charging & 18 Hours Playback - Blue","MJM-AIRDOPES-PRIME-BLUE","Free Size","1","271.0","271.0","TP2CMEU02894625"
"RTO_COMPLETE","317538326565774912_1","511488761","2026-08-08","","Uttar Pradesh","MJM Airdopes Prime TWS Earbuds Bluetooth 5.4 Wireless Earbuds with Deep Bass, HD Calling, Type-C Charging & 18 Hours Playback - Blue","MJM-AIRDOPES-PRIME-BLUE","Free Size","1","300.0","300.0","TP2CMEU02894624"
"DELIVERED","317545021958633280_1","511488761","2026-08-08","","Uttar Pradesh","MJM Airdopes Prime TWS Earbuds Bluetooth 5.4 Wireless Earbuds with Deep Bass, HD Calling, Type-C Charging & 18 Hours Playback - Blue","MJM-AIRDOPES-PRIME-BLUE","Free Size","1","271.0","271.0","TP2CMEU02894623"
"DELIVERED","317547240335286976_1","511488761","2026-08-08","","Punjab","MJM Airdopes Prime TWS Earbuds Bluetooth 5.4 Wireless Earbuds with Deep Bass, HD Calling, Type-C Charging & 18 Hours Playback - Blue","MJM-AIRDOPES-PRIME-BLUE","Free Size","1","300.0","300.0","TP2CMEU02894628"
"DELIVERED","317548771859129920_1","511491324","2026-08-08","","Uttar Pradesh","MJM Airdopes Prime TWS Earbuds Bluetooth 5.4 Wireless Earbuds with Deep Bass, HD Calling, Type-C Charging & 18 Hours Playback - Green","MJM-AIRDOPES-PRIME-GREEN","Free Size","1","271.0","241.0","TP2CMEU02894671"
"DELIVERED","317551336499864960_1","511488761","2026-08-08","","Odisha","MJM Airdopes Prime TWS Earbuds Bluetooth 5.4 Wireless Earbuds with Deep Bass, HD Calling, Type-C Charging & 18 Hours Playback - Blue","MJM-AIRDOPES-PRIME-BLUE","Free Size","1","300.0","300.0","TP2CMEU02894633"
"DELIVERED","317552198447212352_1","508240986","2026-08-08","","Odisha","MJM 360? Rotating Bike Mobile Holder Stand for Motorcycle, Bicycle & Scooter Handlebar Phone Mount","PT05-BIKESTAND","Free Size","1","170.0","162.0","TP15HAE01783184"
"DELIVERED","317554663582278400_1","511488761","2026-08-08","","Andhra Pradesh","MJM Airdopes Prime TWS Earbuds Bluetooth 5.4 Wireless Earbuds with Deep Bass, HD Calling, Type-C Charging & 18 Hours Playback - Blue","MJM-AIRDOPES-PRIME-BLUE","Free Size","1","300.0","282.0","TP2CMEU02894626"
"DELIVERED","317557022685340352_1","511488761","2026-08-08","","Maharashtra","MJM Airdopes Prime TWS Earbuds Bluetooth 5.4 Wireless Earbuds with Deep Bass, HD Calling, Type-C Charging & 18 Hours Playback - Blue","MJM-AIRDOPES-PRIME-BLUE","Free Size","1","300.0","300.0","TP2CMEU02894629"
"DELIVERED","317557476084311296_1","511488761","2026-08-08","","Haryana","MJM Airdopes Prime TWS Earbuds Bluetooth 5.4 Wireless Earbuds with Deep Bass, HD Calling, Type-C Charging & 18 Hours Playback - Blue","MJM-AIRDOPES-PRIME-BLUE","Free Size","1","300.0","300.0","TP2CMEU02894622"
"CANCELLED","317560662804341440_1","511488761","2026-08-08","","Rajasthan","MJM Airdopes Prime TWS Earbuds Bluetooth 5.4 Wireless Earbuds with Deep Bass, HD Calling, Type-C Charging & 18 Hours Playback - Blue","MJM-AIRDOPES-PRIME-BLUE","Free Size","1","300.0","300.0",
"CANCELLED","317568106666336960_1","505105292","2026-08-08","","Odisha","MJM Waterproof Mobile Pouch Combo Pack of 8 | Universal Touch Screen Phone Cover with Neck Strap, Triple Lock Waterproof Case for Swimming, Travel, Beach & Rain Protection","3lockrainpouch-8pc","Free Size","1","146.0","121.0",
"DELIVERED","317570753519997888_1","508240986","2026-08-08","","Bihar","MJM 360? Rotating Bike Mobile Holder Stand for Motorcycle, Bicycle & Scooter Handlebar Phone Mount","PT05-BIKESTAND","Free Size","1","170.0","162.0","TP15HAE01731714"
"DELIVERED","317579963795093312_1","511491324","2026-08-08","","West Bengal","MJM Airdopes Prime TWS Earbuds Bluetooth 5.4 Wireless Earbuds with Deep Bass, HD Calling, Type-C Charging & 18 Hours Playback - Green","MJM-AIRDOPES-PRIME-GREEN","Free Size","1","300.0","268.0","TP2CMEU02894606"
"DELIVERED","317592573718193408_1","485574721","2026-08-08","","Bihar","MJM Interactive Dancing Cactus Toy ? Talking, Mimicking & Singing Plush Toy with LED Lights and USB Charging for Kids","Dancing-Cactus-01","Free Size","1","281.0","267.0","TP8RTEU03010756"
"DELIVERED","317604664459076288_1","508240986","2026-08-08","","Odisha","MJM 360? Rotating Bike Mobile Holder Stand for Motorcycle, Bicycle & Scooter Handlebar Phone Mount","PT05-BIKESTAND","Free Size","1","148.0","141.0","TP15HAE01731713"
"RTO_COMPLETE","317604923100834624_1","506810503","2026-08-08","","Madhya Pradesh","MJM 10 Pieces 10 Watt LED Bulb Combo Pack | Cool White Energy Saving LED Light Bulbs | Long Lasting Bright Light for Home, Office, Shop | B22 Base","10wled-10pcs-leo","Free Size","1","181.0","172.0","TP8RTEU03010755"
"DELIVERED","317613572081739328_1","508240986","2026-08-08","","Haryana","MJM 360? Rotating Bike Mobile Holder Stand for Motorcycle, Bicycle & Scooter Handlebar Phone Mount","PT05-BIKESTAND","Free Size","1","148.0","124.0","TP15HAE01731712"
"DELIVERED","317617322558543552_1","505105292","2026-08-08","","Jharkhand","MJM Waterproof Mobile Pouch Combo Pack of 8 | Universal Touch Screen Phone Cover with Neck Strap, Triple Lock Waterproof Case for Swimming, Travel, Beach & Rain Protection","3lockrainpouch-8pc","Free Size","1","127.0","103.0","TP2CMEU02894679"
"DELIVERED","317617322558543552_2","505105292","2026-08-08","","Jharkhand","MJM Waterproof Mobile Pouch Combo Pack of 8 | Universal Touch Screen Phone Cover with Neck Strap, Triple Lock Waterproof Case for Swimming, Travel, Beach & Rain Protection","3lockrainpouch-8pc","Free Size","1","127.0","103.0","TP2CMEU02894682"
"DELIVERED","317618226636202688_1","505105292","2026-08-08","","Rajasthan","MJM Waterproof Mobile Pouch Combo Pack of 8 | Universal Touch Screen Phone Cover with Neck Strap, Triple Lock Waterproof Case for Swimming, Travel, Beach & Rain Protection","3lockrainpouch-8pc","Free Size","1","127.0","103.0","TP2CMEU02894681"
"DELIVERED","317618682460952768_1","511491324","2026-08-08","","Telangana","MJM Airdopes Prime TWS Earbuds Bluetooth 5.4 Wireless Earbuds with Deep Bass, HD Calling, Type-C Charging & 18 Hours Playback - Green","MJM-AIRDOPES-PRIME-GREEN","Free Size","1","271.0","258.0","TP2CMEU02894607"
"DELIVERED","317619156168369408_1","508573229","2026-08-08","","Tamilnadu","MJM Premium Metal Mobile Stand | 360? Rotation Adjustable Phone Holder | Foldable Desk Table Stand for Smartphone & Tablet","L396-STAND","Free Size","1","160.0","136.0","TP2CMEU02894672"
"DELIVERED","317620109983929280_1","505105292","2026-08-08","","Odisha","MJM Waterproof Mobile Pouch Combo Pack of 8 | Universal Touch Screen Phone Cover with Neck Strap, Triple Lock Waterproof Case for Swimming, Travel, Beach & Rain Protection","3lockrainpouch-8pc","Free Size","1","146.0","121.0","TP2RMEU01785108"
"DELIVERED","317627806288126721_1","505105292","2026-08-08","","Madhya Pradesh","MJM Waterproof Mobile Pouch Combo Pack of 8 | Universal Touch Screen Phone Cover with Neck Strap, Triple Lock Waterproof Case for Swimming, Travel, Beach & Rain Protection","3lockrainpouch-8pc","Free Size","1","127.0","103.0","TP2RMEU01785123"
"DELIVERED","317629506821449280_1","508240986","2026-08-08","","Maharashtra","MJM 360? Rotating Bike Mobile Holder Stand for Motorcycle, Bicycle & Scooter Handlebar Phone Mount","PT05-BIKESTAND","Free Size","1","170.0","145.0","TP15HAE01731716"
"DELIVERED","317631126046188288_1","508240986","2026-08-08","","Telangana","MJM 360? Rotating Bike Mobile Holder Stand for Motorcycle, Bicycle & Scooter Handlebar Phone Mount","PT05-BIKESTAND","Free Size","1","148.0","124.0","TP15HAE01731710"
"DELIVERED","317632881034159680_1","508162782","2026-08-08","","Andhra Pradesh","MJM Crystal Pro Wireless Bluetooth Earbuds with Smart LED Display, 48H Playback, ENC Calling, Type-C Charging, Low Latency Gaming Earbuds","Crystalpro-black","Free Size","1","271.0","241.0","TP2CMEU02894604"
"CANCELLED","317633532544885440_1","511491324","2026-08-08","","Tamil Nadu","MJM Airdopes Prime TWS Earbuds Bluetooth 5.4 Wireless Earbuds with Deep Bass, HD Calling, Type-C Charging & 18 Hours Playback - Green","MJM-AIRDOPES-PRIME-GREEN","Free Size","1","271.0","258.0",
"DELIVERED","317644290452300544_1","508240986","2026-08-08","","Uttar Pradesh","MJM 360? Rotating Bike Mobile Holder Stand for Motorcycle, Bicycle & Scooter Handlebar Phone Mount","PT05-BIKESTAND","Free Size","1","148.0","124.0","TP15HAE01731706"
"DELIVERED","317648826285894464_1","508240986","2026-08-08","","West Bengal","MJM 360? Rotating Bike Mobile Holder Stand for Motorcycle, Bicycle & Scooter Handlebar Phone Mount","PT05-BIKESTAND","Free Size","1","170.0","162.0","TP15HAE01731717"
"DELIVERED","317651934525576896_1","508240986","2026-08-08","","Telangana","MJM 360? Rotating Bike Mobile Holder Stand for Motorcycle, Bicycle & Scooter Handlebar Phone Mount","PT05-BIKESTAND","Free Size","1","148.0","124.0","TP15HAE01731727"
"DELIVERED","317655549851673344_1","511491324","2026-08-08","","Maharashtra","MJM Airdopes Prime TWS Earbuds Bluetooth 5.4 Wireless Earbuds with Deep Bass, HD Calling, Type-C Charging & 18 Hours Playback - Green","MJM-AIRDOPES-PRIME-GREEN","Free Size","1","300.0","285.0","TP2RMEU01784995"
"DELIVERED","317658875615098688_1","508240986","2026-08-08","","Tamil Nadu","MJM 360? Rotating Bike Mobile Holder Stand for Motorcycle, Bicycle & Scooter Handlebar Phone Mount","PT05-BIKESTAND","Free Size","1","170.0","162.0","TP15HAE01731707"
"DELIVERED","317665348295273280_1","508240986","2026-08-08","","Gujarat","MJM 360? Rotating Bike Mobile Holder Stand for Motorcycle, Bicycle & Scooter Handlebar Phone Mount","PT05-BIKESTAND","Free Size","1","148.0","124.0","TP15HAE01731715"
"DELIVERED","317665416633025408_1","508240986","2026-08-08","","Uttar Pradesh","MJM 360? Rotating Bike Mobile Holder Stand for Motorcycle, Bicycle & Scooter Handlebar Phone Mount","PT05-BIKESTAND","Free Size","1","170.0","145.0","TP15HAE01731729"
"DELIVERED","317666966000948161_1","507739558","2026-08-08","","Jharkhand","MJM Portable Fascia Gun with 4 Massage Heads | Deep Tissue Muscle Massager | Rechargeable Body Relaxation Gun","Mjm-minimassagegun","Free Size","1","470.0","430.0","TP0SQEU03089551"
"DELIVERED","317674488233100160_1","505105292","2026-08-08","","Uttar Pradesh","MJM Waterproof Mobile Pouch Combo Pack of 8 | Universal Touch Screen Phone Cover with Neck Strap, Triple Lock Waterproof Case for Swimming, Travel, Beach & Rain Protection","3lockrainpouch-8pc","Free Size","1","127.0","103.0","TP2RMEU01785079"
"DELIVERED","317676505668573376_1","508876433","2026-08-08","","Tamil Nadu","MJM Crystal Pro Wireless Bluetooth Earbuds TWS | 18H Playtime | Bluetooth 5.4 | Type-C Charging | IPX4 Water Resistant Earphones","MJM-CP18-BTB54","Free Size","1","330.0","314.0","TP2CMEU02894605"
"DELIVERED","317676811419280960_1","508240986","2026-08-08","","Punjab","MJM 360? Rotating Bike Mobile Holder Stand for Motorcycle, Bicycle & Scooter Handlebar Phone Mount","PT05-BIKESTAND","Free Size","1","148.0","141.0","TP15HAE01731708"
"DELIVERED","317677110965359552_1","508240986","2026-08-08","","Uttar Pradesh","MJM 360? Rotating Bike Mobile Holder Stand for Motorcycle, Bicycle & Scooter Handlebar Phone Mount","PT05-BIKESTAND","Free Size","1","148.0","141.0","TP15HAE01731709"
"RTO_COMPLETE","317679735890827456_1","508876433","2026-08-08","","Madhya Pradesh","MJM Crystal Pro Wireless Bluetooth Earbuds TWS | 18H Playtime | Bluetooth 5.4 | Type-C Charging | IPX4 Water Resistant Earphones","MJM-CP18-BTB54","Free Size","1","330.0","314.0","TP2CMEU02894686"
"DELIVERED","317687099200842560_1","508240986","2026-08-08","","Karnataka","MJM 360? Rotating Bike Mobile Holder Stand for Motorcycle, Bicycle & Scooter Handlebar Phone Mount","PT05-BIKESTAND","Free Size","1","170.0","145.0","TP15HAE01731728"
"RTO_COMPLETE","317706700428043648_1","508573229","2026-08-08","","Uttar Pradesh","MJM Premium Metal Mobile Stand | 360? Rotation Adjustable Phone Holder | Foldable Desk Table Stand for Smartphone & Tablet","L396-STAND","Free Size","1","141.0","134.0","TP2CMEU02894674"
"DELIVERED","317706995484747136_1","508162782","2026-08-08","","Uttar Pradesh","MJM Crystal Pro Wireless Bluetooth Earbuds with Smart LED Display, 48H Playback, ENC Calling, Type-C Charging, Low Latency Gaming Earbuds","Crystalpro-black","Free Size","1","271.0","258.0","TP2CMEU02894603"
"DELIVERED","317720243551916992_1","508162782","2026-08-08","","Rajasthan","MJM Crystal Pro Wireless Bluetooth Earbuds with Smart LED Display, 48H Playback, ENC Calling, Type-C Charging, Low Latency Gaming Earbuds","Crystalpro-black","Free Size","1","300.0","285.0","TP2CMEU02894602"
"DELIVERED","317722339012360000_1","505105292","2026-08-08","","Tamil Nadu","MJM Waterproof Mobile Pouch Combo Pack of 8 | Universal Touch Screen Phone Cover with Neck Strap, Triple Lock Waterproof Case for Swimming, Travel, Beach & Rain Protection","3lockrainpouch-8pc","Free Size","1","146.0","121.0","TP2CMEU02894680"
"DELIVERED","317739704015180736_1","505105292","2026-08-09","","Telangana","MJM Waterproof Mobile Pouch Combo Pack of 8 | Universal Touch Screen Phone Cover with Neck Strap, Triple Lock Waterproof Case for Swimming, Travel, Beach & Rain Protection","3lockrainpouch-8pc","Free Size","1","127.0","103.0","TP2CMEU02894677"
"DELIVERED","317769229897466752_1","505105292","2026-08-09","","Karnataka","MJM Waterproof Mobile Pouch Combo Pack of 8 | Universal Touch Screen Phone Cover with Neck Strap, Triple Lock Waterproof Case for Swimming, Travel, Beach & Rain Protection","3lockrainpouch-8pc","Free Size","1","127.0","103.0","TP2CMEU02894683"
"DELIVERED","317842884866287424_1","505105292","2026-08-09","","Maharashtra","MJM Waterproof Mobile Pouch Combo Pack of 8 | Universal Touch Screen Phone Cover with Neck Strap, Triple Lock Waterproof Case for Swimming, Travel, Beach & Rain Protection","3lockrainpouch-8pc","Free Size","1","146.0","139.0","TP2CMEU02894614"
"DELIVERED","317855648267578176_1","517124724","2026-08-09","","Andhra Pradesh","MJM 100W 3 in 1 Fast Charging Cable with LED Light | Type C + Lightning + Micro USB | Nylon Braided USB Charging Cable | Black | 1 Piece","MJM-3IN1-TDY-BLK-1PC","Free Size","1","129.0","123.0","TP1SLEU02974651"
"DELIVERED","317859766767921985_1","508240986","2026-08-09","","Gujarat","MJM 360? Rotating Bike Mobile Holder Stand for Motorcycle, Bicycle & Scooter Handlebar Phone Mount","PT05-BIKESTAND","Free Size","1","148.0","124.0","TP15HAE01783187"
"DELIVERED","317859776096425670_1","505105292","2026-08-09","","Tamil Nadu","MJM Waterproof Mobile Pouch Combo Pack of 8 | Universal Touch Screen Phone Cover with Neck Strap, Triple Lock Waterproof Case for Swimming, Travel, Beach & Rain Protection","3lockrainpouch-8pc","Free Size","1","146.0","121.0","TP2CMEU02894615"
"DELIVERED","317864789992592320_1","505105292","2026-08-09","","Uttar Pradesh","MJM Waterproof Mobile Pouch Combo Pack of 8 | Universal Touch Screen Phone Cover with Neck Strap, Triple Lock Waterproof Case for Swimming, Travel, Beach & Rain Protection","3lockrainpouch-8pc","Free Size","1","146.0","121.0","TP2CMEU02894613"
"DELIVERED","317865901092709120_1","508573229","2026-08-09","","Andhra Pradesh","MJM Premium Metal Mobile Stand | 360? Rotation Adjustable Phone Holder | Foldable Desk Table Stand for Smartphone & Tablet","L396-STAND","Free Size","1","141.0","118.0","TP2CMEU02894676"
"DELIVERED","317877214699639744_1","508240986","2026-08-09","","Haryana","MJM 360? Rotating Bike Mobile Holder Stand for Motorcycle, Bicycle & Scooter Handlebar Phone Mount","PT05-BIKESTAND","Free Size","1","148.0","124.0","TP15HAE01731726"
"CANCELLED","317880171917370944_1","508240986","2026-08-09","","Delhi","MJM 360? Rotating Bike Mobile Holder Stand for Motorcycle, Bicycle & Scooter Handlebar Phone Mount","PT05-BIKESTAND","Free Size","1","170.0","145.0",
"RTO_COMPLETE","317885434990220224_1","508162782","2026-08-09","","Punjab","MJM Crystal Pro Wireless Bluetooth Earbuds with Smart LED Display, 48H Playback, ENC Calling, Type-C Charging, Low Latency Gaming Earbuds","Crystalpro-black","Free Size","1","300.0","285.0","TP2CMEU02894685"
"DELIVERED","317891556669184192_1","517124724","2026-08-09","","Maharashtra","MJM 100W 3 in 1 Fast Charging Cable with LED Light | Type C + Lightning + Micro USB | Nylon Braided USB Charging Cable | Black | 1 Piece","MJM-3IN1-TDY-BLK-1PC","Free Size","1","129.0","106.0","TP1SLEU02974656"
"DELIVERED","317891814266143616_1","517124724","2026-08-09","","Maharashtra","MJM 100W 3 in 1 Fast Charging Cable with LED Light | Type C + Lightning + Micro USB | Nylon Braided USB Charging Cable | Black | 1 Piece","MJM-3IN1-TDY-BLK-1PC","Free Size","1","129.0","106.0","TP1SLEU02974649"
"DELIVERED","317892652154279616_1","505105292","2026-08-09","","Tamil Nadu","MJM Waterproof Mobile Pouch Combo Pack of 8 | Universal Touch Screen Phone Cover with Neck Strap, Triple Lock Waterproof Case for Swimming, Travel, Beach & Rain Protection","3lockrainpouch-8pc","Free Size","1","146.0","121.0","TP2CMEU02894611"
"CANCELLED","317903738160753472_1","508240986","2026-08-09","","Bihar","MJM 360? Rotating Bike Mobile Holder Stand for Motorcycle, Bicycle & Scooter Handlebar Phone Mount","PT05-BIKESTAND","Free Size","1","148.0","141.0",
"DELIVERED","317904723205629761_1","505105292","2026-08-09","","Delhi","MJM Waterproof Mobile Pouch Combo Pack of 8 | Universal Touch Screen Phone Cover with Neck Strap, Triple Lock Waterproof Case for Swimming, Travel, Beach & Rain Protection","3lockrainpouch-8pc","Free Size","1","146.0","121.0","TP2CMEU02894617"
"DELIVERED","317905220129989312_1","508573229","2026-08-09","","Bihar","MJM Premium Metal Mobile Stand | 360? Rotation Adjustable Phone Holder | Foldable Desk Table Stand for Smartphone & Tablet","L396-STAND","Free Size","1","141.0","134.0","TP2CMEU02894675"
"DELIVERED","317910657444242816_1","508240986","2026-08-09","","Maharashtra","MJM 360? Rotating Bike Mobile Holder Stand for Motorcycle, Bicycle & Scooter Handlebar Phone Mount","PT05-BIKESTAND","Free Size","1","170.0","162.0","TP15HAE01783180"
"RTO_COMPLETE","317929264865764736_1","508240986","2026-08-09","","Meghalaya","MJM 360? Rotating Bike Mobile Holder Stand for Motorcycle, Bicycle & Scooter Handlebar Phone Mount","PT05-BIKESTAND","Free Size","1","148.0","141.0","TP15HAE01783183"
"DELIVERED","317954013299267264_1","508162782","2026-08-09","","West Bengal","MJM Crystal Pro Wireless Bluetooth Earbuds with Smart LED Display, 48H Playback, ENC Calling, Type-C Charging, Low Latency Gaming Earbuds","Crystalpro-black","Free Size","1","271.0","241.0","TP2CMEU02894601"
"RTO_COMPLETE","317961154067019584_1","508573229","2026-08-09","","Andhra Pradesh","MJM Premium Metal Mobile Stand | 360? Rotation Adjustable Phone Holder | Foldable Desk Table Stand for Smartphone & Tablet","L396-STAND","Free Size","1","141.0","134.0","TP2CMEU02894673"
"RTO_COMPLETE","317961849295131584_1","508240986","2026-08-09","","Karnataka","MJM 360? Rotating Bike Mobile Holder Stand for Motorcycle, Bicycle & Scooter Handlebar Phone Mount","PT05-BIKESTAND","Free Size","1","170.0","162.0","TP15HAE01731724"
"DELIVERED","317966985089983232_1","508240986","2026-08-09","","Tamil Nadu","MJM 360? Rotating Bike Mobile Holder Stand for Motorcycle, Bicycle & Scooter Handlebar Phone Mount","PT05-BIKESTAND","Free Size","1","170.0","145.0","TP15HAE01783188"
"DELIVERED","317969628302615296_1","512895768","2026-08-09","","Rajasthan","MJM 3 In 1 Orange Fast Charging Cable 120W Super Charge USB Cable with Type C, Micro USB & 8 Pin Connector 1 Meter","MJM-3IN1-CABLE-120W-1M-ORANGE-001","Free Size","1","101.0","83.0","TP1SLEU02974648"
"DELIVERED","317973145654338304_1","505105292","2026-08-09","","Karnataka","MJM Waterproof Mobile Pouch Combo Pack of 8 | Universal Touch Screen Phone Cover with Neck Strap, Triple Lock Waterproof Case for Swimming, Travel, Beach & Rain Protection","3lockrainpouch-8pc","Free Size","1","127.0","103.0","TP2CMEU02894612"
"DELIVERED","317986960336955200_1","517124724","2026-08-09","","Karnataka","MJM 100W 3 in 1 Fast Charging Cable with LED Light | Type C + Lightning + Micro USB | Nylon Braided USB Charging Cable | Black | 1 Piece","MJM-3IN1-TDY-BLK-1PC","Free Size","1","129.0","106.0","TP1SLEU02974650"
"DELIVERED","318010292788734784_1","508240986","2026-08-09","","Odisha","MJM 360? Rotating Bike Mobile Holder Stand for Motorcycle, Bicycle & Scooter Handlebar Phone Mount","PT05-BIKESTAND","Free Size","1","170.0","162.0","TP15HAE01731705"
"DELIVERED","318017045344445824_1","508240986","2026-08-09","","Rajasthan","MJM 360? Rotating Bike Mobile Holder Stand for Motorcycle, Bicycle & Scooter Handlebar Phone Mount","PT05-BIKESTAND","Free Size","1","170.0","162.0","TP15HAE01731711"
"DELIVERED","318021114012264000_1","508876433","2026-08-09","","Maharashtra","MJM Crystal Pro Wireless Bluetooth Earbuds TWS | 18H Playtime | Bluetooth 5.4 | Type-C Charging | IPX4 Water Resistant Earphones","MJM-CP18-BTB54","Free Size","1","330.0","299.0","TP2CMEU02894687"
"DELIVERED","318037609929094976_1","508240986","2026-08-09","","Tamil Nadu","MJM 360? Rotating Bike Mobile Holder Stand for Motorcycle, Bicycle & Scooter Handlebar Phone Mount","PT05-BIKESTAND","Free Size","1","170.0","162.0","TP15HAE01731702"
"DELIVERED","318040861538943872_1","505105292","2026-08-09","","Delhi","MJM Waterproof Mobile Pouch Combo Pack of 8 | Universal Touch Screen Phone Cover with Neck Strap, Triple Lock Waterproof Case for Swimming, Travel, Beach & Rain Protection","3lockrainpouch-8pc","Free Size","1","127.0","103.0","TP2CMEU02894608"
"DELIVERED","318049744935565120_1","508162782","2026-08-09","","Gujarat","MJM Crystal Pro Wireless Bluetooth Earbuds with Smart LED Display, 48H Playback, ENC Calling, Type-C Charging, Low Latency Gaming Earbuds","Crystalpro-black","Free Size","1","271.0","241.0","TP2RMEU01784990"
"DELIVERED","318050778441430848_1","508240986","2026-08-09","","Andhra Pradesh","MJM 360? Rotating Bike Mobile Holder Stand for Motorcycle, Bicycle & Scooter Handlebar Phone Mount","PT05-BIKESTAND","Free Size","1","148.0","124.0","TP15HAE01783181"
"DELIVERED","318050896868857537_1","508162782","2026-08-09","","Gujarat","MJM Crystal Pro Wireless Bluetooth Earbuds with Smart LED Display, 48H Playback, ENC Calling, Type-C Charging, Low Latency Gaming Earbuds","Crystalpro-black","Free Size","1","271.0","241.0","TP2RMEU01784991"
"DELIVERED","318055974791075520_1","508240986","2026-08-09","","Uttar Pradesh","MJM 360? Rotating Bike Mobile Holder Stand for Motorcycle, Bicycle & Scooter Handlebar Phone Mount","PT05-BIKESTAND","Free Size","1","148.0","124.0","TP15HAE01783189"
"DELIVERED","318057661064487680_1","508240986","2026-08-09","","Uttar Pradesh","MJM 360? Rotating Bike Mobile Holder Stand for Motorcycle, Bicycle & Scooter Handlebar Phone Mount","PT05-BIKESTAND","Free Size","1","170.0","145.0","TP15HAE01783182"
"RTO_COMPLETE","318066810527996096_1","505105292","2026-08-09","","Rajasthan","MJM Waterproof Mobile Pouch Combo Pack of 8 | Universal Touch Screen Phone Cover with Neck Strap, Triple Lock Waterproof Case for Swimming, Travel, Beach & Rain Protection","3lockrainpouch-8pc","Free Size","1","146.0","139.0","TP2CMEU02894616"
"DELIVERED","318067712025060736_1","508240986","2026-08-09","","Gujarat","MJM 360? Rotating Bike Mobile Holder Stand for Motorcycle, Bicycle & Scooter Handlebar Phone Mount","PT05-BIKESTAND","Free Size","1","170.0","145.0","TP15HAE01731718"
"DELIVERED","318074602570278144_1","508240986","2026-08-09","","Maharashtra","MJM 360? Rotating Bike Mobile Holder Stand for Motorcycle, Bicycle & Scooter Handlebar Phone Mount","PT05-BIKESTAND","Free Size","1","170.0","162.0","TP15HAE01731725"
"RTO_COMPLETE","318084262568289856_1","508240986","2026-08-09","","Maharashtra","MJM 360? Rotating Bike Mobile Holder Stand for Motorcycle, Bicycle & Scooter Handlebar Phone Mount","PT05-BIKESTAND","Free Size","1","170.0","162.0","TP15HAE01783185"
"DELIVERED","318084427309438656_1","508240986","2026-08-09","","Haryana","MJM 360? Rotating Bike Mobile Holder Stand for Motorcycle, Bicycle & Scooter Handlebar Phone Mount","PT05-BIKESTAND","Free Size","1","148.0","124.0","TP15HAE01783186"
"DELIVERED","318089734651324224_1","508240986","2026-08-09","","Tamil Nadu","MJM 360? Rotating Bike Mobile Holder Stand for Motorcycle, Bicycle & Scooter Handlebar Phone Mount","PT05-BIKESTAND","Free Size","1","170.0","162.0","TP15HAE01731704"
"DELIVERED","318091415912915649_1","505105292","2026-08-09","","Tamil Nadu","MJM Waterproof Mobile Pouch Combo Pack of 8 | Universal Touch Screen Phone Cover with Neck Strap, Triple Lock Waterproof Case for Swimming, Travel, Beach & Rain Protection","3lockrainpouch-8pc","Free Size","1","127.0","103.0","TP2CMEU02894609"
"CANCELLED","318106020390266240_1","508240986","2026-08-10","","Kerala","MJM 360? Rotating Bike Mobile Holder Stand for Motorcycle, Bicycle & Scooter Handlebar Phone Mount","PT05-BIKESTAND","Free Size","1","148.0","148.0",
"DELIVERED","318260266587857664_1","508240986","2026-08-10","","Punjab","MJM 360? Rotating Bike Mobile Holder Stand for Motorcycle, Bicycle & Scooter Handlebar Phone Mount","PT05-BIKESTAND","Free Size","1","170.0","170.0","TP15HAE01731971"
"RTO_COMPLETE","318273317185725120_1","508240986","2026-08-10","","Uttar Pradesh","MJM 360? Rotating Bike Mobile Holder Stand for Motorcycle, Bicycle & Scooter Handlebar Phone Mount","PT05-BIKESTAND","Free Size","1","170.0","170.0","TP15HAE01731972"
"RTO_COMPLETE","318279740132058688_1","508240986","2026-08-10","","Karnataka","MJM 360? Rotating Bike Mobile Holder Stand for Motorcycle, Bicycle & Scooter Handlebar Phone Mount","PT05-BIKESTAND","Free Size","1","148.0","148.0","TP15HAE01731973"
"RTO_COMPLETE","318306452836345408_1","508240986","2026-08-10","","Uttar Pradesh","MJM 360? Rotating Bike Mobile Holder Stand for Motorcycle, Bicycle & Scooter Handlebar Phone Mount","PT05-BIKESTAND","Free Size","1","148.0","130.0","TP15HAE01731642"
"DELIVERED","318318747269781696_1","512895768","2026-08-10","","Bihar","MJM 3 In 1 Black Fast Charging Cable 120W Super Charge USB Cable with Type C, Micro USB & 8 Pin Connector 1 Meter","MJM-3IN1-CABLE-120W-1M-BLACK-01","Free Size","1","120.0","102.0","TP1SLEU02974652"
"DELIVERED","318345371082929984_1","505105292","2026-08-10","","Rajasthan","MJM Waterproof Mobile Pouch Combo Pack of 8 | Universal Touch Screen Phone Cover with Neck Strap, Triple Lock Waterproof Case for Swimming, Travel, Beach & Rain Protection","3lockrainpouch-8pc","Free Size","1","146.0","128.0","TP2RMEU01785114"
"DELIVERED","318351816872322624_1","508240986","2026-08-10","","Maharashtra","MJM 360? Rotating Bike Mobile Holder Stand for Motorcycle, Bicycle & Scooter Handlebar Phone Mount","PT05-BIKESTAND","Free Size","1","170.0","152.0","TP15HAE01783179"
"DELIVERED","318372738001954176_1","508240986","2026-08-10","","Gujarat","MJM 360? Rotating Bike Mobile Holder Stand for Motorcycle, Bicycle & Scooter Handlebar Phone Mount","PT05-BIKESTAND","Free Size","1","170.0","152.0","TP15HAE01731701"
"DELIVERED","318401469048365824_1","508876433","2026-08-10","","Haryana","MJM Crystal Pro Wireless Bluetooth Earbuds TWS | 18H Playtime | Bluetooth 5.4 | Type-C Charging | IPX4 Water Resistant Earphones","MJM-CP18-BTB54","Free Size","1","301.0","301.0","TP2CMEU02894648"
"RTO_COMPLETE","318401769342657920_1","517124724","2026-08-10","","Chhattisgarh","MJM 100W 3 in 1 Fast Charging Cable with LED Light | Type C + Lightning + Micro USB | Nylon Braided USB Charging Cable | Black | 1 Piece","MJM-3IN1-TDY-BLK-1PC","Free Size","1","129.0","111.0","NP1NLEU03980987"
"DELIVERED","318402237561202240_1","505105292","2026-08-10","","Gujarat","MJM Waterproof Mobile Pouch Combo Pack of 8 | Universal Touch Screen Phone Cover with Neck Strap, Triple Lock Waterproof Case for Swimming, Travel, Beach & Rain Protection","3lockrainpouch-8pc","Free Size","1","127.0","109.0","TP2RMEU01785112"
"DELIVERED","318407258177700736_1","517124724","2026-08-10","","Andhra Pradesh","MJM 100W 3 in 1 Fast Charging Cable with LED Light | Type C + Lightning + Micro USB | Nylon Braided USB Charging Cable | Black | 1 Piece","MJM-3IN1-TDY-BLK-1PC","Free Size","1","129.0","111.0","NP1NLEU03980989"
"RTO_COMPLETE","318410188977395392_1","508240986","2026-08-10","","Gujarat","MJM 360? Rotating Bike Mobile Holder Stand for Motorcycle, Bicycle & Scooter Handlebar Phone Mount","PT05-BIKESTAND","Free Size","1","148.0","130.0","TP15HAE01783177"
"DELIVERED","318410737789119296_1","517124724","2026-08-10","","West Bengal","MJM 100W 3 in 1 Fast Charging Cable with LED Light | Type C + Lightning + Micro USB | Nylon Braided USB Charging Cable | Black | 1 Piece","MJM-3IN1-TDY-BLK-1PC","Free Size","1","129.0","111.0","NP1NLEU03980988"
"DELIVERED","318426909150488384_1","508240986","2026-08-10","","Gujarat","MJM 360? Rotating Bike Mobile Holder Stand for Motorcycle, Bicycle & Scooter Handlebar Phone Mount","PT05-BIKESTAND","Free Size","1","170.0","152.0","TP15HAE01731720"
"DELIVERED","318435392730071936_1","505105292","2026-08-10","","Andhra Pradesh","MJM Waterproof Mobile Pouch Combo Pack of 8 | Universal Touch Screen Phone Cover with Neck Strap, Triple Lock Waterproof Case for Swimming, Travel, Beach & Rain Protection","3lockrainpouch-8pc","Free Size","1","127.0","109.0","TP2CMEU02894632"
"DELIVERED","318509478366206144_1","505105292","2026-08-11","","Goa","MJM Waterproof Mobile Pouch Combo Pack of 8 | Universal Touch Screen Phone Cover with Neck Strap, Triple Lock Waterproof Case for Swimming, Travel, Beach & Rain Protection","3lockrainpouch-8pc","Free Size","1","146.0","146.0","TP2RMEU01785122"
"DELIVERED","318571603205497536_1","508240986","2026-08-11","","Gujarat","MJM 360? Rotating Bike Mobile Holder Stand for Motorcycle, Bicycle & Scooter Handlebar Phone Mount","PT05-BIKESTAND","Free Size","1","170.0","152.0","TP15HAE01783166"
"DELIVERED","318583831451718592_1","508240986","2026-08-11","","Uttar Pradesh","MJM 360? Rotating Bike Mobile Holder Stand for Motorcycle, Bicycle & Scooter Handlebar Phone Mount","PT05-BIKESTAND","Free Size","1","170.0","152.0","TP15HAE01783178"
"DELIVERED","318619519156692800_1","508240986","2026-08-11","","Bihar","MJM 360? Rotating Bike Mobile Holder Stand for Motorcycle, Bicycle & Scooter Handlebar Phone Mount","PT05-BIKESTAND","Free Size","1","148.0","130.0","TP15HAE01783175"
"DELIVERED","318648445182990528_1","517124724","2026-08-11","","telangana","MJM 100W 3 in 1 Fast Charging Cable with LED Light | Type C + Lightning + Micro USB | Nylon Braided USB Charging Cable | Black | 1 Piece","MJM-3IN1-TDY-BLK-1PC","Free Size","1","129.0","111.0","TP1SLEU02974654"
"DELIVERED","318692573953025408_1","508240986","2026-08-11","","Chhattisgarh","MJM 360? Rotating Bike Mobile Holder Stand for Motorcycle, Bicycle & Scooter Handlebar Phone Mount","PT05-BIKESTAND","Free Size","1","148.0","130.0","TP15HAE01783174"
"CANCELLED","318702267983619456_1","508162782","2026-08-11","","Jammu & Kashmir","MJM Crystal Pro Wireless Bluetooth Earbuds with Smart LED Display, 48H Playback, ENC Calling, Type-C Charging, Low Latency Gaming Earbuds","Crystalpro-black","Free Size","1","300.0","282.0",
"DELIVERED","318741044388070272_1","517124724","2026-08-11","","Rajasthan","MJM 100W 3 in 1 Fast Charging Cable with LED Light | Type C + Lightning + Micro USB | Nylon Braided USB Charging Cable | Black | 1 Piece","MJM-3IN1-TDY-BLK-1PC","Free Size","1","129.0","129.0","TP1SLEU02974655"
"DELIVERED","318746077044303232_1","508240986","2026-08-11","","Uttarakhand","MJM 360? Rotating Bike Mobile Holder Stand for Motorcycle, Bicycle & Scooter Handlebar Phone Mount","PT05-BIKESTAND","Free Size","1","148.0","130.0","TP15HAE01783156"
"DELIVERED","318746187048531776_1","508240986","2026-08-11","","Telangana","MJM 360? Rotating Bike Mobile Holder Stand for Motorcycle, Bicycle & Scooter Handlebar Phone Mount","PT05-BIKESTAND","Free Size","1","170.0","152.0","TP15HAE01783172"
"RTO_COMPLETE","318751733088413056_1","505105292","2026-08-11","","Rajasthan","MJM Waterproof Mobile Pouch Combo Pack of 8 | Universal Touch Screen Phone Cover with Neck Strap, Triple Lock Waterproof Case for Swimming, Travel, Beach & Rain Protection","3lockrainpouch-8pc","Free Size","1","127.0","109.0","TP2CMEU02894630"
"CANCELLED","318767762310486208_1","505105292","2026-08-11","","Andhra Pradesh","MJM Waterproof Mobile Pouch Combo Pack of 8 | Universal Touch Screen Phone Cover with Neck Strap, Triple Lock Waterproof Case for Swimming, Travel, Beach & Rain Protection","3lockrainpouch-8pc","Free Size","1","127.0","109.0",
"DELIVERED","318768462888903360_1","505105292","2026-08-11","","Tamil Nadu","MJM Waterproof Mobile Pouch Combo Pack of 8 | Universal Touch Screen Phone Cover with Neck Strap, Triple Lock Waterproof Case for Swimming, Travel, Beach & Rain Protection","3lockrainpouch-8pc","Free Size","1","127.0","109.0","TP2CMEU02894647"
"RTO_COMPLETE","318774441819297984_1","508240986","2026-08-11","","Chhattisgarh","MJM 360? Rotating Bike Mobile Holder Stand for Motorcycle, Bicycle & Scooter Handlebar Phone Mount","PT05-BIKESTAND","Free Size","1","170.0","170.0","TP15HAE01783173"
"DELIVERED","318784789686985408_1","517124724","2026-08-11","","Kerala","MJM 100W 3 in 1 Fast Charging Cable with LED Light | Type C + Lightning + Micro USB | Nylon Braided USB Charging Cable | Black | 1 Piece","MJM-3IN1-TDY-BLK-1PC","Free Size","1","110.0","92.0","TP1SLEU02974653"
"RTO_COMPLETE","318785382141188288_1","508240986","2026-08-11","","Assam","MJM 360? Rotating Bike Mobile Holder Stand for Motorcycle, Bicycle & Scooter Handlebar Phone Mount","PT05-BIKESTAND","Free Size","1","148.0","148.0","TP15HAE01783171"
"RTO_COMPLETE","318787312871219904_1","508240986","2026-08-11","","Bihar","MJM 360? Rotating Bike Mobile Holder Stand for Motorcycle, Bicycle & Scooter Handlebar Phone Mount","PT05-BIKESTAND","Free Size","1","170.0","170.0","TP15HAE01783176"
"DELIVERED","318796368092537555_1","505105292","2026-08-11","","Mizoram","MJM Waterproof Mobile Pouch Combo Pack of 8 | Universal Touch Screen Phone Cover with Neck Strap, Triple Lock Waterproof Case for Swimming, Travel, Beach & Rain Protection","3lockrainpouch-8pc","Free Size","2","127.0","109.0","TP15HAE01783165"
"DELIVERED","318861578900134080_1","508240986","2026-08-12","","Maharashtra","MJM 360? Rotating Bike Mobile Holder Stand for Motorcycle, Bicycle & Scooter Handlebar Phone Mount","PT05-BIKESTAND","Free Size","1","148.0","148.0","TP15HAE01783170"
"DELIVERED","318954179455779712_1","508573229","2026-08-12","","Odisha","MJM Premium Metal Mobile Stand | 360? Rotation Adjustable Phone Holder | Foldable Desk Table Stand for Smartphone & Tablet","L396-STAND","Free Size","1","160.0","143.0","TP2CMEU02894642"
"DELIVERED","318958671479907008_1","505105292","2026-08-12","","Maharashtra","MJM Waterproof Mobile Pouch Combo Pack of 8 | Universal Touch Screen Phone Cover with Neck Strap, Triple Lock Waterproof Case for Swimming, Travel, Beach & Rain Protection","3lockrainpouch-8pc","Free Size","1","146.0","128.0","TP2CMEU02894644"
"DELIVERED","318963531839383360_1","505105292","2026-08-12","","Telangana","MJM Waterproof Mobile Pouch Combo Pack of 8 | Universal Touch Screen Phone Cover with Neck Strap, Triple Lock Waterproof Case for Swimming, Travel, Beach & Rain Protection","3lockrainpouch-8pc","Free Size","1","127.0","109.0","TP2CMEU02908381"
"DELIVERED","318963996715067200_1","508240986","2026-08-12","","West Bengal","MJM 360? Rotating Bike Mobile Holder Stand for Motorcycle, Bicycle & Scooter Handlebar Phone Mount","PT05-BIKESTAND","Free Size","1","170.0","152.0","TP15HAE01783157"
"DELIVERED","318994291447202688_1","508240986","2026-08-12","","Chhattisgarh","MJM 360? Rotating Bike Mobile Holder Stand for Motorcycle, Bicycle & Scooter Handlebar Phone Mount","PT05-BIKESTAND","Free Size","1","148.0","148.0","TP15HAE01783164"
"DELIVERED","318994500986283840_1","517124724","2026-08-12","","Tamil Nadu","MJM 100W 3 in 1 Fast Charging Cable with LED Light | Type C + Lightning + Micro USB | Nylon Braided USB Charging Cable | Black | 1 Piece","MJM-3IN1-TDY-BLK-1PC","Free Size","1","129.0","111.0","TP1SLEU02974660"
"DELIVERED","319001035611252544_1","508573229","2026-08-12","","Rajasthan","MJM Premium Metal Mobile Stand | 360? Rotation Adjustable Phone Holder | Foldable Desk Table Stand for Smartphone & Tablet","L396-STAND","Free Size","1","160.0","160.0","TP2CMEU02894641"
"DELIVERED","319008062660092608_1","508240986","2026-08-12","","Chhattisgarh","MJM 360? Rotating Bike Mobile Holder Stand for Motorcycle, Bicycle & Scooter Handlebar Phone Mount","PT05-BIKESTAND","Free Size","1","170.0","152.0","TP15HAE01783160"
"DELIVERED","319051157355308864_1","508240986","2026-08-12","","Maharashtra","MJM 360? Rotating Bike Mobile Holder Stand for Motorcycle, Bicycle & Scooter Handlebar Phone Mount","PT05-BIKESTAND","Free Size","1","148.0","130.0","TP15HAE01783168"
"CANCELLED","319053853361645376_1","508573229","2026-08-12","","Madhya Pradesh","MJM Premium Metal Mobile Stand | 360? Rotation Adjustable Phone Holder | Foldable Desk Table Stand for Smartphone & Tablet","L396-STAND","Free Size","1","141.0","141.0",
"RTO_COMPLETE","319068635410105216_1","508573229","2026-08-12","","Bihar","MJM Premium Metal Mobile Stand | 360? Rotation Adjustable Phone Holder | Foldable Desk Table Stand for Smartphone & Tablet","L396-STAND","Free Size","1","160.0","160.0","TP2CMEU02894634"
"DELIVERED","319069204610754368_1","508240986","2026-08-12","","Karnataka","MJM 360? Rotating Bike Mobile Holder Stand for Motorcycle, Bicycle & Scooter Handlebar Phone Mount","PT05-BIKESTAND","Free Size","1","170.0","170.0","TP15HAE01783163"
"DELIVERED","319087789910421056_1","505105292","2026-08-12","","Kerala","MJM Waterproof Mobile Pouch Combo Pack of 8 | Universal Touch Screen Phone Cover with Neck Strap, Triple Lock Waterproof Case for Swimming, Travel, Beach & Rain Protection","3lockrainpouch-8pc","Free Size","1","146.0","128.0","TP2CMEU02894649"
"DELIVERED","319094089641782848_1","517124724","2026-08-12","","Andhra Pradesh","MJM 100W 3 in 1 Fast Charging Cable with LED Light | Type C + Lightning + Micro USB | Nylon Braided USB Charging Cable | Black | 1 Piece","MJM-3IN1-TDY-BLK-1PC","Free Size","1","129.0","129.0","TP1SLEU02974658"
"DELIVERED","319096527393669952_1","517124724","2026-08-12","","Odisha","MJM 100W 3 in 1 Fast Charging Cable with LED Light | Type C + Lightning + Micro USB | Nylon Braided USB Charging Cable | Black | 1 Piece","MJM-3IN1-TDY-BLK-1PC","Free Size","1","129.0","111.0","TP1SLEU02974659"
"DELIVERED","319131164216148800_1","508240986","2026-08-12","","Meghalaya","MJM 360? Rotating Bike Mobile Holder Stand for Motorcycle, Bicycle & Scooter Handlebar Phone Mount","PT05-BIKESTAND","Free Size","1","170.0","170.0","TP15HAE01783159"
"DELIVERED","319131490838808384_1","508240986","2026-08-12","","West Bengal","MJM 360? Rotating Bike Mobile Holder Stand for Motorcycle, Bicycle & Scooter Handlebar Phone Mount","PT05-BIKESTAND","Free Size","1","170.0","152.0","TP15HAE01783167"
"DELIVERED","319143592365289024_1","508240986","2026-08-12","","Gujarat","MJM 360? Rotating Bike Mobile Holder Stand for Motorcycle, Bicycle & Scooter Handlebar Phone Mount","PT05-BIKESTAND","Free Size","1","170.0","170.0","TP15HAE01783161"
"DELIVERED","319147086628464128_1","508240986","2026-08-12","","Gujarat","MJM 360? Rotating Bike Mobile Holder Stand for Motorcycle, Bicycle & Scooter Handlebar Phone Mount","PT05-BIKESTAND","Free Size","1","148.0","130.0","TP15HAE01783169"
"DELIVERED","319147629793930816_1","508240986","2026-08-12","","Bihar","MJM 360? Rotating Bike Mobile Holder Stand for Motorcycle, Bicycle & Scooter Handlebar Phone Mount","PT05-BIKESTAND","Free Size","1","170.0","170.0","TP15HAE01783155"
"DELIVERED","319165107207040576_1","508240986","2026-08-12","","West Bengal","MJM 360? Rotating Bike Mobile Holder Stand for Motorcycle, Bicycle & Scooter Handlebar Phone Mount","PT05-BIKESTAND","Free Size","1","148.0","130.0","TP15HAE01783158"
"DELIVERED","319213940650747328_1","512895768","2026-08-13","","Punjab","MJM 3 In 1 Black Fast Charging Cable 120W Super Charge USB Cable with Type C, Micro USB & 8 Pin Connector 1 Meter","MJM-3IN1-CABLE-120W-1M-BLACK-01","Free Size","1","120.0","120.0","TP1SLEU02974657"
"DELIVERED","319301923886219072_1","505105292","2026-08-13","","Odisha","MJM Waterproof Mobile Pouch Combo Pack of 8 | Universal Touch Screen Phone Cover with Neck Strap, Triple Lock Waterproof Case for Swimming, Travel, Beach & Rain Protection","3lockrainpouch-8pc","Free Size","1","146.0","128.0","TP2CMEU02894645"
"DELIVERED","319309914471605696_1","505105292","2026-08-13","","Maharashtra","MJM Waterproof Mobile Pouch Combo Pack of 8 | Universal Touch Screen Phone Cover with Neck Strap, Triple Lock Waterproof Case for Swimming, Travel, Beach & Rain Protection","3lockrainpouch-8pc","Free Size","1","146.0","128.0","TP2CMEU02908360"
"RTO_COMPLETE","319320101618132480_1","508240986","2026-08-13","","Haryana","MJM 360? Rotating Bike Mobile Holder Stand for Motorcycle, Bicycle & Scooter Handlebar Phone Mount","PT05-BIKESTAND","Free Size","1","170.0","170.0","TP15HAE01783162"
"DELIVERED","319330360285931008_1","517124724","2026-08-13","","Odisha","MJM 100W 3 in 1 Fast Charging Cable with LED Light | Type C + Lightning + Micro USB | Nylon Braided USB Charging Cable | Black | 1 Piece","MJM-3IN1-TDY-BLK-1PC","Free Size","1","129.0","129.0","TP1SLEU02974662"
"CANCELLED","319359753670527936_1","508240986","2026-08-13","","Tamil Nadu","MJM 360? Rotating Bike Mobile Holder Stand for Motorcycle, Bicycle & Scooter Handlebar Phone Mount","PT05-BIKESTAND","Free Size","1","170.0","170.0",
"DELIVERED","319422534860088833_1","508573229","2026-08-13","","Rajasthan","MJM Premium Metal Mobile Stand | 360? Rotation Adjustable Phone Holder | Foldable Desk Table Stand for Smartphone & Tablet","L396-STAND","Free Size","1","160.0","143.0","TP2RMEU01785005"
"DELIVERED","319434084740138816_1","511491324","2026-08-13","","Haryana","MJM Airdopes Prime TWS Earbuds Bluetooth 5.4 Wireless Earbuds with Deep Bass, HD Calling, Type-C Charging & 18 Hours Playback - Green","MJM-AIRDOPES-PRIME-GREEN","Free Size","1","271.0","271.0","TP2CMEU02894635"
"DELIVERED","319435998613638080_1","508240986","2026-08-13","","Gujarat","MJM 360? Rotating Bike Mobile Holder Stand for Motorcycle, Bicycle & Scooter Handlebar Phone Mount","PT05-BIKESTAND","Free Size","1","170.0","152.0","TP15HAE01783153"
"DELIVERED","319469651276237760_1","508573229","2026-08-13","","Maharashtra","MJM Premium Metal Mobile Stand | 360? Rotation Adjustable Phone Holder | Foldable Desk Table Stand for Smartphone & Tablet","L396-STAND","Free Size","1","141.0","124.0","TP2CMEU02908399"
"DELIVERED","319470894002415104_1","508240986","2026-08-13","","Gujarat","MJM 360? Rotating Bike Mobile Holder Stand for Motorcycle, Bicycle & Scooter Handlebar Phone Mount","PT05-BIKESTAND","Free Size","1","170.0","152.0","TP15HAE01783151"
"DELIVERED","319472686723442176_1","511491324","2026-08-13","","Andhra Pradesh","MJM Airdopes Prime TWS Earbuds Bluetooth 5.4 Wireless Earbuds with Deep Bass, HD Calling, Type-C Charging & 18 Hours Playback - Green","MJM-AIRDOPES-PRIME-GREEN","Free Size","1","271.0","253.0","TP2CMEU02894636"
"DELIVERED","319478099757966784_1","511487094","2026-08-13","","Tamil Nadu","MJM Airdopes Prime TWS Earbuds Bluetooth 5.4 Wireless Earbuds with Deep Bass, HD Calling, Type-C Charging & 18 Hours Playback - Black","MJM-AIRDOPES-PRIME-BLACK","Free Size","1","271.0","271.0","TP2CMEU02894637"
"RTO_COMPLETE","319481747770588992_1","511491324","2026-08-13","","Maharashtra","MJM Airdopes Prime TWS Earbuds Bluetooth 5.4 Wireless Earbuds with Deep Bass, HD Calling, Type-C Charging & 18 Hours Playback - Green","MJM-AIRDOPES-PRIME-GREEN","Free Size","1","300.0","300.0","TP2CMEU02894652"
"DELIVERED","319495432371060544_1","517124724","2026-08-13","","Kerala","MJM 100W 3 in 1 Fast Charging Cable with LED Light | Type C + Lightning + Micro USB | Nylon Braided USB Charging Cable | Black | 1 Piece","MJM-3IN1-TDY-BLK-1PC","Free Size","1","110.0","92.0","TP1SLEU02974661"
"DELIVERED","319509017365220288_1","505105292","2026-08-13","","Karnataka","MJM Waterproof Mobile Pouch Combo Pack of 8 | Universal Touch Screen Phone Cover with Neck Strap, Triple Lock Waterproof Case for Swimming, Travel, Beach & Rain Protection","3lockrainpouch-8pc","Free Size","1","146.0","128.0","TP2CMEU02894650"
"RTO_COMPLETE","319511244490311488_1","511487094","2026-08-13","","Rajasthan","MJM Airdopes Prime TWS Earbuds Bluetooth 5.4 Wireless Earbuds with Deep Bass, HD Calling, Type-C Charging & 18 Hours Playback - Black","MJM-AIRDOPES-PRIME-BLACK","Free Size","1","300.0","300.0","TP2CMEU02894639"
"DELIVERED","319521481909806592_1","508240986","2026-08-13","","Jammu & Kashmir","MJM 360? Rotating Bike Mobile Holder Stand for Motorcycle, Bicycle & Scooter Handlebar Phone Mount","PT05-BIKESTAND","Free Size","1","170.0","170.0","TP15HAE01783150"
"CANCELLED","319524412025374528_1","511491324","2026-08-13","","Jharkhand","MJM Airdopes Prime TWS Earbuds Bluetooth 5.4 Wireless Earbuds with Deep Bass, HD Calling, Type-C Charging & 18 Hours Playback - Green","MJM-AIRDOPES-PRIME-GREEN","Free Size","1","300.0","300.0",
"RTO_COMPLETE","319530823740499392_1","508240986","2026-08-13","","Delhi","MJM 360? Rotating Bike Mobile Holder Stand for Motorcycle, Bicycle & Scooter Handlebar Phone Mount","PT05-BIKESTAND","Free Size","1","148.0","148.0","TP15HAE01783149"
"CANCELLED","319538103135387456_1","511487094","2026-08-13","","Punjab","MJM Airdopes Prime TWS Earbuds Bluetooth 5.4 Wireless Earbuds with Deep Bass, HD Calling, Type-C Charging & 18 Hours Playback - Black","MJM-AIRDOPES-PRIME-BLACK","Free Size","1","300.0","300.0","TP2CMEU02894638"
"DELIVERED","319556968128081472_1","511487094","2026-08-14","","Kerala","MJM Airdopes Prime TWS Earbuds Bluetooth 5.4 Wireless Earbuds with Deep Bass, HD Calling, Type-C Charging & 18 Hours Playback - Black","MJM-AIRDOPES-PRIME-BLACK","Free Size","1","271.0","253.0","TP2RMEU01785180"
"DELIVERED","319661754878934848_1","511491324","2026-08-14","","Jharkhand","MJM Airdopes Prime TWS Earbuds Bluetooth 5.4 Wireless Earbuds with Deep Bass, HD Calling, Type-C Charging & 18 Hours Playback - Green","MJM-AIRDOPES-PRIME-GREEN","Free Size","1","271.0","271.0","TP2CMEU02894654"
"DELIVERED","319665872792094529_1","517124724","2026-08-14","","Kerala","MJM 100W 3 in 1 Fast Charging Cable with LED Light | Type C + Lightning + Micro USB | Nylon Braided USB Charging Cable | Black | 1 Piece","MJM-3IN1-TDY-BLK-1PC","Free Size","1","110.0","92.0","TP1SLEU02974663"
"DELIVERED","319669535765859264_1","511487094","2026-08-14","","Gujarat","MJM Airdopes Prime TWS Earbuds Bluetooth 5.4 Wireless Earbuds with Deep Bass, HD Calling, Type-C Charging & 18 Hours Playback - Black","MJM-AIRDOPES-PRIME-BLACK","Free Size","1","300.0","300.0","TP2RMEU01784989"
"DELIVERED","319681164389852672_1","511487094","2026-08-14","","Maharashtra","MJM Airdopes Prime TWS Earbuds Bluetooth 5.4 Wireless Earbuds with Deep Bass, HD Calling, Type-C Charging & 18 Hours Playback - Black","MJM-AIRDOPES-PRIME-BLACK","Free Size","1","271.0","271.0","TP2CMEU02894640"
"DELIVERED","319684151560578560_1","508240986","2026-08-14","","Jharkhand","MJM 360? Rotating Bike Mobile Holder Stand for Motorcycle, Bicycle & Scooter Handlebar Phone Mount","PT05-BIKESTAND","Free Size","1","148.0","148.0","TP15HAE01783154"
"RTO_COMPLETE","319684667463069248_1","511487094","2026-08-14","","Madhya Pradesh","MJM Airdopes Prime TWS Earbuds Bluetooth 5.4 Wireless Earbuds with Deep Bass, HD Calling, Type-C Charging & 18 Hours Playback - Black","MJM-AIRDOPES-PRIME-BLACK","Free Size","1","300.0","300.0","TP2RMEU01785083"
"RTO_COMPLETE","319692739372793664_1","511491324","2026-08-14","","Madhya Pradesh","MJM Airdopes Prime TWS Earbuds Bluetooth 5.4 Wireless Earbuds with Deep Bass, HD Calling, Type-C Charging & 18 Hours Playback - Green","MJM-AIRDOPES-PRIME-GREEN","Free Size","1","271.0","271.0","TP2CMEU02894655"
"DELIVERED","319692799636553536_1","508573229","2026-08-14","","Uttar Pradesh","MJM Premium Metal Mobile Stand | 360? Rotation Adjustable Phone Holder | Foldable Desk Table Stand for Smartphone & Tablet","L396-STAND","Free Size","1","160.0","143.0","TP2CMEU02894643"
"DELIVERED","319693415494657536_1","511491324","2026-08-14","","Punjab","MJM Airdopes Prime TWS Earbuds Bluetooth 5.4 Wireless Earbuds with Deep Bass, HD Calling, Type-C Charging & 18 Hours Playback - Green","MJM-AIRDOPES-PRIME-GREEN","Free Size","1","300.0","282.0","TP2CMEU02894653"
"DELIVERED","319695818063291840_1","511491324","2026-08-14","","Maharashtra","MJM Airdopes Prime TWS Earbuds Bluetooth 5.4 Wireless Earbuds with Deep Bass, HD Calling, Type-C Charging & 18 Hours Playback - Green","MJM-AIRDOPES-PRIME-GREEN","Free Size","1","271.0","271.0","TP2CMEU02894651"
"DELIVERED","319700306723505984_1","508240986","2026-08-14","","Tamil Nadu","MJM 360? Rotating Bike Mobile Holder Stand for Motorcycle, Bicycle & Scooter Handlebar Phone Mount","PT05-BIKESTAND","Free Size","1","170.0","152.0","TP15HAE01783152"
"CANCELLED","319707626195028928_1","508240986","2026-08-14","","Gujarat","MJM 360? Rotating Bike Mobile Holder Stand for Motorcycle, Bicycle & Scooter Handlebar Phone Mount","PT05-BIKESTAND","Free Size","1","148.0","148.0",
"DOOR_STEP_EXCHANGED","317504536099317312_1","508573229","2026-08-14","","Haryana","MJM Premium Metal Mobile Stand | 360? Rotation Adjustable Phone Holder | Foldable Desk Table Stand for Smartphone & Tablet","L396-STAND","Free Size","1","134.0","134.0","TP2RMEU01771735"
"RTO_COMPLETE","319713012356687296_1","511487094","2026-08-14","","Gujarat","MJM Airdopes Prime TWS Earbuds Bluetooth 5.4 Wireless Earbuds with Deep Bass, HD Calling, Type-C Charging & 18 Hours Playback - Black","MJM-AIRDOPES-PRIME-BLACK","Free Size","1","271.0","271.0","TP2CMEU02908369"
"RTO_COMPLETE","319714120424655808_1","511487094","2026-08-14","","Maharashtra","MJM Airdopes Prime TWS Earbuds Bluetooth 5.4 Wireless Earbuds with Deep Bass, HD Calling, Type-C Charging & 18 Hours Playback - Black","MJM-AIRDOPES-PRIME-BLACK","Free Size","1","300.0","300.0","TP2CMEU02908391"
"CANCELLED","319723001657854912_1","508240986","2026-08-14","","Andaman and Nicobar Islands","MJM 360? Rotating Bike Mobile Holder Stand for Motorcycle, Bicycle & Scooter Handlebar Phone Mount","PT05-BIKESTAND","Free Size","1","148.0","148.0",
"DELIVERED","319726608696380352_1","511487094","2026-08-14","","Maharashtra","MJM Airdopes Prime TWS Earbuds Bluetooth 5.4 Wireless Earbuds with Deep Bass, HD Calling, Type-C Charging & 18 Hours Playback - Black","MJM-AIRDOPES-PRIME-BLACK","Free Size","1","271.0","271.0","TP2CMEU02908363"
"CANCELLED","319740693437628224_1","511487094","2026-08-14","","Odisha","MJM Airdopes Prime TWS Earbuds Bluetooth 5.4 Wireless Earbuds with Deep Bass, HD Calling, Type-C Charging & 18 Hours Playback - Black","MJM-AIRDOPES-PRIME-BLACK","Free Size","1","300.0","300.0","TP2CMEU02908392"
"RTO_COMPLETE","319742496035204672_1","511491324","2026-08-14","","Himachal Pradesh","MJM Airdopes Prime TWS Earbuds Bluetooth 5.4 Wireless Earbuds with Deep Bass, HD Calling, Type-C Charging & 18 Hours Playback - Green","MJM-AIRDOPES-PRIME-GREEN","Free Size","1","271.0","271.0","TP2CMEU02908407"
"RTO_COMPLETE","319744302216789824_1","511491324","2026-08-14","","Maharashtra","MJM Airdopes Prime TWS Earbuds Bluetooth 5.4 Wireless Earbuds with Deep Bass, HD Calling, Type-C Charging & 18 Hours Playback - Green","MJM-AIRDOPES-PRIME-GREEN","Free Size","1","271.0","271.0","TP2CMEU02908359"
"DELIVERED","319750922632070976_1","511487094","2026-08-14","","Andhra Pradesh","MJM Airdopes Prime TWS Earbuds Bluetooth 5.4 Wireless Earbuds with Deep Bass, HD Calling, Type-C Charging & 18 Hours Playback - Black","MJM-AIRDOPES-PRIME-BLACK","Free Size","1","300.0","300.0","TP2CMEU02908370"
"DELIVERED","319755847960260160_1","511487094","2026-08-14","","Haryana","MJM Airdopes Prime TWS Earbuds Bluetooth 5.4 Wireless Earbuds with Deep Bass, HD Calling, Type-C Charging & 18 Hours Playback - Black","MJM-AIRDOPES-PRIME-BLACK","Free Size","1","271.0","271.0","TP2CMEU02908384"
"DELIVERED","319757784056276416_1","511491324","2026-08-14","","Bihar","MJM Airdopes Prime TWS Earbuds Bluetooth 5.4 Wireless Earbuds with Deep Bass, HD Calling, Type-C Charging & 18 Hours Playback - Green","MJM-AIRDOPES-PRIME-GREEN","Free Size","1","271.0","253.0","TP2CMEU02908404"
"CANCELLED","319762788464887616_1","511487094","2026-08-14","","Punjab","MJM Airdopes Prime TWS Earbuds Bluetooth 5.4 Wireless Earbuds with Deep Bass, HD Calling, Type-C Charging & 18 Hours Playback - Black","MJM-AIRDOPES-PRIME-BLACK","Free Size","1","271.0","271.0",
"DELIVERED","319763953911014912_1","511491324","2026-08-14","","Punjab","MJM Airdopes Prime TWS Earbuds Bluetooth 5.4 Wireless Earbuds with Deep Bass, HD Calling, Type-C Charging & 18 Hours Playback - Green","MJM-AIRDOPES-PRIME-GREEN","Free Size","1","271.0","271.0","TP2CMEU02908409"
"DELIVERED","319766259402442560_1","511487094","2026-08-14","","Maharashtra","MJM Airdopes Prime TWS Earbuds Bluetooth 5.4 Wireless Earbuds with Deep Bass, HD Calling, Type-C Charging & 18 Hours Playback - Black","MJM-AIRDOPES-PRIME-BLACK","Free Size","1","300.0","282.0","TP2CMEU02908362"
"DELIVERED","319771819157897024_1","512895768","2026-08-14","","Uttar Pradesh","MJM 3 In 1 Orange Fast Charging Cable 120W Super Charge USB Cable with Type C, Micro USB & 8 Pin Connector 1 Meter","MJM-3IN1-CABLE-120W-1M-ORANGE-001","Free Size","1","101.0","101.0","TP1SLEU02974664"
"DELIVERED","319782101234165184_1","508573229","2026-08-14","","Bihar","MJM Premium Metal Mobile Stand | 360? Rotation Adjustable Phone Holder | Foldable Desk Table Stand for Smartphone & Tablet","L396-STAND","Free Size","1","160.0","143.0","TP2CMEU02908394"
"DELIVERED","319782524535907840_1","505105292","2026-08-14","","Uttar Pradesh","MJM Waterproof Mobile Pouch Combo Pack of 8 | Universal Touch Screen Phone Cover with Neck Strap, Triple Lock Waterproof Case for Swimming, Travel, Beach & Rain Protection","3lockrainpouch-8pc","Free Size","1","127.0","109.0","TP2CMEU02908383"
"DELIVERED","319792481322830785_1","508240986","2026-08-14","","Punjab","MJM 360? Rotating Bike Mobile Holder Stand for Motorcycle, Bicycle & Scooter Handlebar Phone Mount","PT05-BIKESTAND","Free Size","1","170.0","152.0","TP15HAE01783146"
"DELIVERED","319793153292274624_1","511487094","2026-08-14","","Telangana","MJM Airdopes Prime TWS Earbuds Bluetooth 5.4 Wireless Earbuds with Deep Bass, HD Calling, Type-C Charging & 18 Hours Playback - Black","MJM-AIRDOPES-PRIME-BLACK","Free Size","1","271.0","253.0","TP2CMEU02908390"
"DELIVERED","319809520355655488_1","511487094","2026-08-14","","Maharashtra","MJM Airdopes Prime TWS Earbuds Bluetooth 5.4 Wireless Earbuds with Deep Bass, HD Calling, Type-C Charging & 18 Hours Playback - Black","MJM-AIRDOPES-PRIME-BLACK","Free Size","1","300.0","300.0","TP2CMEU02908386"
"CANCELLED","319815421077646912_1","511491324","2026-08-14","","Telangana","MJM Airdopes Prime TWS Earbuds Bluetooth 5.4 Wireless Earbuds with Deep Bass, HD Calling, Type-C Charging & 18 Hours Playback - Green","MJM-AIRDOPES-PRIME-GREEN","Free Size","1","300.0","300.0",
"CANCELLED","319823780091694016_1","508162782","2026-08-14","","Haryana","MJM Crystal Pro Wireless Bluetooth Earbuds with Smart LED Display, 48H Playback, ENC Calling, Type-C Charging, Low Latency Gaming Earbuds","Crystalpro-black","Free Size","1","300.0","300.0",
"CANCELLED","319828044151144256_1","511491324","2026-08-14","","Andhra Pradesh","MJM Airdopes Prime TWS Earbuds Bluetooth 5.4 Wireless Earbuds with Deep Bass, HD Calling, Type-C Charging & 18 Hours Playback - Green","MJM-AIRDOPES-PRIME-GREEN","Free Size","1","300.0","300.0",
"DELIVERED","319829435175288640_1","511491324","2026-08-14","","Andhra Pradesh","MJM Airdopes Prime TWS Earbuds Bluetooth 5.4 Wireless Earbuds with Deep Bass, HD Calling, Type-C Charging & 18 Hours Playback - Green","MJM-AIRDOPES-PRIME-GREEN","Free Size","1","300.0","300.0","TP2CMEU02908405"
"CANCELLED","319838122635896320_1","511487094","2026-08-14","","Uttar Pradesh","MJM Airdopes Prime TWS Earbuds Bluetooth 5.4 Wireless Earbuds with Deep Bass, HD Calling, Type-C Charging & 18 Hours Playback - Black","MJM-AIRDOPES-PRIME-BLACK","Free Size","1","271.0","271.0",
"CANCELLED","319842837893384000_1","511491324","2026-08-14","","Uttar Pradesh","MJM Airdopes Prime TWS Earbuds Bluetooth 5.4 Wireless Earbuds with Deep Bass, HD Calling, Type-C Charging & 18 Hours Playback - Green","MJM-AIRDOPES-PRIME-GREEN","Free Size","1","300.0","300.0",
"RTO_COMPLETE","319846671902457664_1","511491324","2026-08-14","","Gujarat","MJM Airdopes Prime TWS Earbuds Bluetooth 5.4 Wireless Earbuds with Deep Bass, HD Calling, Type-C Charging & 18 Hours Playback - Green","MJM-AIRDOPES-PRIME-GREEN","Free Size","1","300.0","300.0","TP2CMEU02908408"
"DELIVERED","319848051518114752_1","511487094","2026-08-14","","Chhattisgarh","MJM Airdopes Prime TWS Earbuds Bluetooth 5.4 Wireless Earbuds with Deep Bass, HD Calling, Type-C Charging & 18 Hours Playback - Black","MJM-AIRDOPES-PRIME-BLACK","Free Size","1","271.0","271.0","TP2CMEU02908366"
"CANCELLED","319852978638366208_1","511491324","2026-08-14","","Gujarat","MJM Airdopes Prime TWS Earbuds Bluetooth 5.4 Wireless Earbuds with Deep Bass, HD Calling, Type-C Charging & 18 Hours Playback - Green","MJM-AIRDOPES-PRIME-GREEN","Free Size","1","300.0","300.0",
"DELIVERED","319855813005307456_1","517124724","2026-08-14","","Tamil Nadu","MJM 100W 3 in 1 Fast Charging Cable with LED Light | Type C + Lightning + Micro USB | Nylon Braided USB Charging Cable | Black | 1 Piece","MJM-3IN1-TDY-BLK-1PC","Free Size","1","129.0","111.0","TP1SLEU02974666"
"DELIVERED","319863635697876800_1","511487094","2026-08-14","","Uttar Pradesh","MJM Airdopes Prime TWS Earbuds Bluetooth 5.4 Wireless Earbuds with Deep Bass, HD Calling, Type-C Charging & 18 Hours Playback - Black","MJM-AIRDOPES-PRIME-BLACK","Free Size","1","271.0","253.0","TP2CMEU02908374"
"DELIVERED","319870383934612928_1","511487094","2026-08-14","","Punjab","MJM Airdopes Prime TWS Earbuds Bluetooth 5.4 Wireless Earbuds with Deep Bass, HD Calling, Type-C Charging & 18 Hours Playback - Black","MJM-AIRDOPES-PRIME-BLACK","Free Size","1","300.0","300.0","TP2CMEU02908367"
"DELIVERED","319872303550072640_1","511487094","2026-08-14","","Gujarat","MJM Airdopes Prime TWS Earbuds Bluetooth 5.4 Wireless Earbuds with Deep Bass, HD Calling, Type-C Charging & 18 Hours Playback - Black","MJM-AIRDOPES-PRIME-BLACK","Free Size","1","271.0","271.0","TP2CMEU02908385"
"DELIVERED","319872421066122752_10","505105292","2026-08-14","","Karnataka","MJM Waterproof Mobile Pouch Combo Pack of 8 | Universal Touch Screen Phone Cover with Neck Strap, Triple Lock Waterproof Case for Swimming, Travel, Beach & Rain Protection","3lockrainpouch-8pc","Free Size","1","127.0","109.0","TP2CMEU02908389"
"DELIVERED","319872421066122752_1","505105292","2026-08-14","","Karnataka","MJM Waterproof Mobile Pouch Combo Pack of 8 | Universal Touch Screen Phone Cover with Neck Strap, Triple Lock Waterproof Case for Swimming, Travel, Beach & Rain Protection","3lockrainpouch-8pc","Free Size","1","127.0","109.0","TP2CMEU02908375"
"DELIVERED","319872421066122752_2","505105292","2026-08-14","","Karnataka","MJM Waterproof Mobile Pouch Combo Pack of 8 | Universal Touch Screen Phone Cover with Neck Strap, Triple Lock Waterproof Case for Swimming, Travel, Beach & Rain Protection","3lockrainpouch-8pc","Free Size","1","127.0","109.0","TP2CMEU02908377"
"DELIVERED","319872421066122752_3","505105292","2026-08-14","","Karnataka","MJM Waterproof Mobile Pouch Combo Pack of 8 | Universal Touch Screen Phone Cover with Neck Strap, Triple Lock Waterproof Case for Swimming, Travel, Beach & Rain Protection","3lockrainpouch-8pc","Free Size","1","127.0","109.0","TP2CMEU02908379"
"DELIVERED","319872421066122752_4","505105292","2026-08-14","","Karnataka","MJM Waterproof Mobile Pouch Combo Pack of 8 | Universal Touch Screen Phone Cover with Neck Strap, Triple Lock Waterproof Case for Swimming, Travel, Beach & Rain Protection","3lockrainpouch-8pc","Free Size","1","127.0","109.0","TP2CMEU02908388"
"DELIVERED","319872421066122752_5","505105292","2026-08-14","","Karnataka","MJM Waterproof Mobile Pouch Combo Pack of 8 | Universal Touch Screen Phone Cover with Neck Strap, Triple Lock Waterproof Case for Swimming, Travel, Beach & Rain Protection","3lockrainpouch-8pc","Free Size","1","127.0","109.0","TP2CMEU02908380"
"DELIVERED","319872421066122752_6","505105292","2026-08-14","","Karnataka","MJM Waterproof Mobile Pouch Combo Pack of 8 | Universal Touch Screen Phone Cover with Neck Strap, Triple Lock Waterproof Case for Swimming, Travel, Beach & Rain Protection","3lockrainpouch-8pc","Free Size","1","127.0","109.0","TP2CMEU02908378"
"DELIVERED","319872421066122752_7","505105292","2026-08-14","","Karnataka","MJM Waterproof Mobile Pouch Combo Pack of 8 | Universal Touch Screen Phone Cover with Neck Strap, Triple Lock Waterproof Case for Swimming, Travel, Beach & Rain Protection","3lockrainpouch-8pc","Free Size","1","127.0","109.0","TP2CMEU02908376"
"DELIVERED","319872421066122752_8","505105292","2026-08-14","","Karnataka","MJM Waterproof Mobile Pouch Combo Pack of 8 | Universal Touch Screen Phone Cover with Neck Strap, Triple Lock Waterproof Case for Swimming, Travel, Beach & Rain Protection","3lockrainpouch-8pc","Free Size","1","127.0","109.0","TP2CMEU02908393"
"DELIVERED","319872421066122752_9","505105292","2026-08-14","","Karnataka","MJM Waterproof Mobile Pouch Combo Pack of 8 | Universal Touch Screen Phone Cover with Neck Strap, Triple Lock Waterproof Case for Swimming, Travel, Beach & Rain Protection","3lockrainpouch-8pc","Free Size","1","127.0","109.0","TP2CMEU02908382"
"DELIVERED","319872916157533121_1","508573229","2026-08-14","","Uttar Pradesh","MJM Premium Metal Mobile Stand | 360? Rotation Adjustable Phone Holder | Foldable Desk Table Stand for Smartphone & Tablet","L396-STAND","Free Size","1","160.0","143.0","TP2CMEU02908414"
"DELIVERED","319873275352477248_1","511491324","2026-08-14","","Delhi","MJM Airdopes Prime TWS Earbuds Bluetooth 5.4 Wireless Earbuds with Deep Bass, HD Calling, Type-C Charging & 18 Hours Playback - Green","MJM-AIRDOPES-PRIME-GREEN","Free Size","1","300.0","300.0","TP2CMEU02908406"
"CANCELLED","319889909299441216_1","511487094","2026-08-14","","Delhi","MJM Airdopes Prime TWS Earbuds Bluetooth 5.4 Wireless Earbuds with Deep Bass, HD Calling, Type-C Charging & 18 Hours Playback - Black","MJM-AIRDOPES-PRIME-BLACK","Free Size","1","271.0","271.0","TP2CMEU02908365"
"DELIVERED","319988074951419328_1","517124724","2026-08-15","","Goa","MJM 100W 3 in 1 Fast Charging Cable with LED Light | Type C + Lightning + Micro USB | Nylon Braided USB Charging Cable | Black | 1 Piece","MJM-3IN1-TDY-BLK-1PC","Free Size","1","129.0","111.0","TP1SLEU02974665"
"DELIVERED","320003699153210305_1","508240986","2026-08-15","","Gujarat","MJM 360? Rotating Bike Mobile Holder Stand for Motorcycle, Bicycle & Scooter Handlebar Phone Mount","PT05-BIKESTAND","Free Size","1","170.0","170.0","TP15HAE01783147"
"DELIVERED","320012327075594048_1","511487094","2026-08-15","","Bihar","MJM Airdopes Prime TWS Earbuds Bluetooth 5.4 Wireless Earbuds with Deep Bass, HD Calling, Type-C Charging & 18 Hours Playback - Black","MJM-AIRDOPES-PRIME-BLACK","Free Size","1","271.0","253.0","TP2CMEU02908373"
"RTO_COMPLETE","320019574405105472_1","511487094","2026-08-15","","Haryana","MJM Airdopes Prime TWS Earbuds Bluetooth 5.4 Wireless Earbuds with Deep Bass, HD Calling, Type-C Charging & 18 Hours Playback - Black","MJM-AIRDOPES-PRIME-BLACK","Free Size","1","300.0","300.0","TP2CMEU02908371"
"RTO_COMPLETE","320022552579030848_1","508240986","2026-08-15","","Maharashtra","MJM 360? Rotating Bike Mobile Holder Stand for Motorcycle, Bicycle & Scooter Handlebar Phone Mount","PT05-BIKESTAND","Free Size","1","170.0","170.0","TP15HAE01783145"
"DELIVERED","320022730493017920_1","511487094","2026-08-15","","Jammu & Kashmir","MJM Airdopes Prime TWS Earbuds Bluetooth 5.4 Wireless Earbuds with Deep Bass, HD Calling, Type-C Charging & 18 Hours Playback - Black","MJM-AIRDOPES-PRIME-BLACK","Free Size","1","300.0","282.0","TP2CMEU02908361"
"CANCELLED","320039084028751424_1","511487094","2026-08-15","","West Bengal","MJM Airdopes Prime TWS Earbuds Bluetooth 5.4 Wireless Earbuds with Deep Bass, HD Calling, Type-C Charging & 18 Hours Playback - Black","MJM-AIRDOPES-PRIME-BLACK","Free Size","1","300.0","300.0",
"CANCELLED","320042778661121600_1","511487094","2026-08-15","","Odisha","MJM Airdopes Prime TWS Earbuds Bluetooth 5.4 Wireless Earbuds with Deep Bass, HD Calling, Type-C Charging & 18 Hours Playback - Black","MJM-AIRDOPES-PRIME-BLACK","Free Size","1","300.0","300.0",
"DELIVERED","320043415751828992_1","511487094","2026-08-15","","Tamil Nadu","MJM Airdopes Prime TWS Earbuds Bluetooth 5.4 Wireless Earbuds with Deep Bass, HD Calling, Type-C Charging & 18 Hours Playback - Black","MJM-AIRDOPES-PRIME-BLACK","Free Size","1","300.0","300.0","TP2CMEU02908364"
"DELIVERED","320048206972396992_1","508240986","2026-08-15","","Rajasthan","MJM 360? Rotating Bike Mobile Holder Stand for Motorcycle, Bicycle & Scooter Handlebar Phone Mount","PT05-BIKESTAND","Free Size","1","148.0","148.0","TP15HAE01783148"
"DELIVERED","320066936695629312_1","517124724","2026-08-15","","Maharashtra","MJM 100W 3 in 1 Fast Charging Cable with LED Light | Type C + Lightning + Micro USB | Nylon Braided USB Charging Cable | Black | 1 Piece","MJM-3IN1-TDY-BLK-1PC","Free Size","1","129.0","111.0","TP1SLEU02974677"
"DELIVERED","320077190070157120_1","511487094","2026-08-15","","Uttar Pradesh","MJM Airdopes Prime TWS Earbuds Bluetooth 5.4 Wireless Earbuds with Deep Bass, HD Calling, Type-C Charging & 18 Hours Playback - Black","MJM-AIRDOPES-PRIME-BLACK","Free Size","1","271.0","253.0","TP2CMEU02908402"
"DELIVERED","320088312332625344_1","511487094","2026-08-15","","Punjab","MJM Airdopes Prime TWS Earbuds Bluetooth 5.4 Wireless Earbuds with Deep Bass, HD Calling, Type-C Charging & 18 Hours Playback - Black","MJM-AIRDOPES-PRIME-BLACK","Free Size","1","300.0","300.0","TP2CMEU02908401"
"DELIVERED","320089990842754560_1","517124724","2026-08-15","","Kerala","MJM 100W 3 in 1 Fast Charging Cable with LED Light | Type C + Lightning + Micro USB | Nylon Braided USB Charging Cable | Black | 1 Piece","MJM-3IN1-TDY-BLK-1PC","Free Size","1","129.0","111.0","TP1SLEU02974676"
"CANCELLED","320091227449402816_1","511487094","2026-08-15","","Punjab","MJM Airdopes Prime TWS Earbuds Bluetooth 5.4 Wireless Earbuds with Deep Bass, HD Calling, Type-C Charging & 18 Hours Playback - Black","MJM-AIRDOPES-PRIME-BLACK","Free Size","1","271.0","271.0",
"CANCELLED","320093640344413696_1","511487094","2026-08-15","","Goa","MJM Airdopes Prime TWS Earbuds Bluetooth 5.4 Wireless Earbuds with Deep Bass, HD Calling, Type-C Charging & 18 Hours Playback - Black","MJM-AIRDOPES-PRIME-BLACK","Free Size","1","300.0","300.0",
"DELIVERED","320101712957744576_1","511487094","2026-08-15","","Karnataka","MJM Airdopes Prime TWS Earbuds Bluetooth 5.4 Wireless Earbuds with Deep Bass, HD Calling, Type-C Charging & 18 Hours Playback - Black","MJM-AIRDOPES-PRIME-BLACK","Free Size","1","300.0","282.0","TP2CMEU02908368"
"DELIVERED","320105558106908096_1","511487094","2026-08-15","","Haryana","MJM Airdopes Prime TWS Earbuds Bluetooth 5.4 Wireless Earbuds with Deep Bass, HD Calling, Type-C Charging & 18 Hours Playback - Black","MJM-AIRDOPES-PRIME-BLACK","Free Size","1","271.0","271.0","TP2CMEU02908397"
"RTO_COMPLETE","320119912705500608_1","515393440","2026-08-15","","Telangana","MJM Tecno Spark 20 Silicone Back Cover with 9H Tempered Glass Combo | Soft Liquid Silicone Case | Camera Protection | Shockproof | Anti Fingerprint | Scratch Resistant | Blue","MJM-SPARK20-SLC-TG-COMBO-BLUE","Free Size","1","81.0","81.0","TP2CMEU02908395"
"RTO_COMPLETE","320120953597496256_1","511487094","2026-08-15","","Punjab","MJM Airdopes Prime TWS Earbuds Bluetooth 5.4 Wireless Earbuds with Deep Bass, HD Calling, Type-C Charging & 18 Hours Playback - Black","MJM-AIRDOPES-PRIME-BLACK","Free Size","1","271.0","271.0","TP2CMEU02908396"
"CANCELLED","320124745269282624_1","511487094","2026-08-15","","Maharashtra","MJM Airdopes Prime TWS Earbuds Bluetooth 5.4 Wireless Earbuds with Deep Bass, HD Calling, Type-C Charging & 18 Hours Playback - Black","MJM-AIRDOPES-PRIME-BLACK","Free Size","1","300.0","300.0",
"DELIVERED","320128506612039488_1","511487094","2026-08-15","","Andhra Pradesh","MJM Airdopes Prime TWS Earbuds Bluetooth 5.4 Wireless Earbuds with Deep Bass, HD Calling, Type-C Charging & 18 Hours Playback - Black","MJM-AIRDOPES-PRIME-BLACK","Free Size","1","271.0","253.0","TP2CMEU02908372"
"RTO_COMPLETE","320131344071296832_1","511487094","2026-08-15","","Maharashtra","MJM Airdopes Prime TWS Earbuds Bluetooth 5.4 Wireless Earbuds with Deep Bass, HD Calling, Type-C Charging & 18 Hours Playback - Black","MJM-AIRDOPES-PRIME-BLACK","Free Size","1","300.0","300.0","TP2CMEU02908365"
"CANCELLED","320134026274219456_1","511487094","2026-08-15","","Punjab","MJM Airdopes Prime TWS Earbuds Bluetooth 5.4 Wireless Earbuds with Deep Bass, HD Calling, Type-C Charging & 18 Hours Playback - Black","MJM-AIRDOPES-PRIME-BLACK","Free Size","1","271.0","271.0",
"RTO_COMPLETE","320164345291376448_1","511487094","2026-08-15","","Delhi","MJM Airdopes Prime TWS Earbuds Bluetooth 5.4 Wireless Earbuds with Deep Bass, HD Calling, Type-C Charging & 18 Hours Playback - Black","MJM-AIRDOPES-PRIME-BLACK","Free Size","1","300.0","300.0","TP2CMEU02908387"
"DELIVERED","320175738229040640_1","505105292","2026-08-15","","Uttar Pradesh","MJM Waterproof Mobile Pouch Combo Pack of 8 | Universal Touch Screen Phone Cover with Neck Strap, Triple Lock Waterproof Case for Swimming, Travel, Beach & Rain Protection","3lockrainpouch-8pc","Free Size","1","146.0","128.0","TP2CMEU02908410"
"DELIVERED","320178041568771904_1","511487094","2026-08-15","","Gujarat","MJM Airdopes Prime TWS Earbuds Bluetooth 5.4 Wireless Earbuds with Deep Bass, HD Calling, Type-C Charging & 18 Hours Playback - Black","MJM-AIRDOPES-PRIME-BLACK","Free Size","1","300.0","300.0","TP2CMEU02894638"
"DELIVERED","320182175071104576_1","508240986","2026-08-15","","Uttarakhand","MJM 360? Rotating Bike Mobile Holder Stand for Motorcycle, Bicycle & Scooter Handlebar Phone Mount","PT05-BIKESTAND","Free Size","1","170.0","152.0","TP15HAE01783143"
"DELIVERED","320183654888664640_1","517124724","2026-08-15","","Gujarat","MJM 100W 3 in 1 Fast Charging Cable with LED Light | Type C + Lightning + Micro USB | Nylon Braided USB Charging Cable | Black | 1 Piece","MJM-3IN1-TDY-BLK-1PC","Free Size","1","110.0","92.0","TP1SLEU02974684"
"DELIVERED","320196296123557312_1","512895768","2026-08-15","","Tamil Nadu","MJM 3 In 1 Blue Fast Charging Cable 120W Super Charge USB Cable with Type C, Micro USB & 8 Pin Connector 1 Meter","MJM-3IN1-CABLE-120W-1M-BLUE-01","Free Size","1","120.0","120.0","TP1SLEU02974669"
"DELIVERED","320202348312908800_1","505105292","2026-08-15","","Uttarakhand","MJM Waterproof Mobile Pouch Combo Pack of 8 | Universal Touch Screen Phone Cover with Neck Strap, Triple Lock Waterproof Case for Swimming, Travel, Beach & Rain Protection","3lockrainpouch-8pc","Free Size","1","146.0","128.0","TP2CMEU02908413"
"DELIVERED","320217164480397120_1","508162782","2026-08-15","","Bihar","MJM Crystal Pro Wireless Bluetooth Earbuds with Smart LED Display, 48H Playback, ENC Calling, Type-C Charging, Low Latency Gaming Earbuds","Crystalpro-black","Free Size","1","271.0","253.0","TP2RMEU01785137"
"DELIVERED","320227100553931200_1","517124724","2026-08-15","","Tamil Nadu","MJM 100W 3 in 1 Fast Charging Cable with LED Light | Type C + Lightning + Micro USB | Nylon Braided USB Charging Cable | Black | 1 Piece","MJM-3IN1-TDY-BLK-1PC","Free Size","1","129.0","111.0","TP1SLEU02974683"
"DELIVERED","320234968451672576_1","517124724","2026-08-15","","Tamil Nadu","MJM 100W 3 in 1 Fast Charging Cable with LED Light | Type C + Lightning + Micro USB | Nylon Braided USB Charging Cable | Black | 1 Piece","MJM-3IN1-TDY-BLK-1PC","Free Size","1","129.0","111.0","TP1SLEU02974678"
"DELIVERED","320238094151308352_1","508573229","2026-08-15","","Odisha","MJM Premium Metal Mobile Stand | 360? Rotation Adjustable Phone Holder | Foldable Desk Table Stand for Smartphone & Tablet","L396-STAND","Free Size","1","160.0","160.0","TP2CMEU02908439"
"RTO_COMPLETE","320243759267697728_1","508240986","2026-08-15","","Maharashtra","MJM 360? Rotating Bike Mobile Holder Stand for Motorcycle, Bicycle & Scooter Handlebar Phone Mount","PT05-BIKESTAND","Free Size","1","148.0","148.0","TP15HAE01783144"
"RTO_COMPLETE","320244614560163328_1","508240986","2026-08-15","","Andhra Pradesh","MJM 360? Rotating Bike Mobile Holder Stand for Motorcycle, Bicycle & Scooter Handlebar Phone Mount","PT05-BIKESTAND","Free Size","1","170.0","170.0","TP15HAE01783142"
"RTO_COMPLETE","320369173389059520_1","508240986","2026-08-16","","Uttar Pradesh","MJM 360? Rotating Bike Mobile Holder Stand for Motorcycle, Bicycle & Scooter Handlebar Phone Mount","PT05-BIKESTAND","Free Size","1","170.0","162.0","TP15HAE01783136"
"DELIVERED","320382390299410240_1","505105292","2026-08-16","","Kerala","MJM Waterproof Mobile Pouch Combo Pack of 8 | Universal Touch Screen Phone Cover with Neck Strap, Triple Lock Waterproof Case for Swimming, Travel, Beach & Rain Protection","3lockrainpouch-8pc","Free Size","1","146.0","128.0","TP2CMEU02908423"
"DELIVERED","320391512298299904_1","508240986","2026-08-16","","Bihar","MJM 360? Rotating Bike Mobile Holder Stand for Motorcycle, Bicycle & Scooter Handlebar Phone Mount","PT05-BIKESTAND","Free Size","1","170.0","145.0","TP15HAE01783123"
"DELIVERED","320396098350255168_1","504101529","2026-08-16","","Madhya Pradesh","MJM 2 in 1 Mobile Stand Combo | Metal Desktop Phone Holder + Adjustable Foldable Mobile & Tablet Stand","MJM-MTLSTND-CMB02","Free Size","1","111.0","89.0","TP15HAE01783141"
"CANCELLED","320397577322244672_1","517124724","2026-08-16","","Telangana","MJM 100W 3 in 1 Fast Charging Cable with LED Light | Type C + Lightning + Micro USB | Nylon Braided USB Charging Cable | Black | 1 Piece","MJM-3IN1-TDY-BLK-1PC","Free Size","1","129.0","129.0",
"RTO_COMPLETE","320397933907747328_1","512895768","2026-08-16","","Telangana","MJM 3 In 1 Black Fast Charging Cable 120W Super Charge USB Cable with Type C, Micro USB & 8 Pin Connector 1 Meter","MJM-3IN1-CABLE-120W-1M-BLACK-01","Free Size","1","120.0","120.0","TP1SLEU02974672"
"DELIVERED","320409527601499072_1","517124724","2026-08-16","","Maharashtra","MJM 100W 3 in 1 Fast Charging Cable with LED Light | Type C + Lightning + Micro USB | Nylon Braided USB Charging Cable | Black | 1 Piece","MJM-3IN1-TDY-BLK-1PC","Free Size","1","129.0","123.0","TP1SLEU02974686"
"CANCELLED","320412412178707776_1","517124724","2026-08-16","","Odisha","MJM 100W 3 in 1 Fast Charging Cable with LED Light | Type C + Lightning + Micro USB | Nylon Braided USB Charging Cable | Black | 1 Piece","MJM-3IN1-TDY-BLK-1PC","Free Size","1","129.0","123.0",
"DELIVERED","320414801800367040_1","508240986","2026-08-16","","Tamil Nadu","MJM 360? Rotating Bike Mobile Holder Stand for Motorcycle, Bicycle & Scooter Handlebar Phone Mount","PT05-BIKESTAND","Free Size","1","148.0","148.0","TP15HAE01783137"
"DELIVERED","320420456902437440_1","508240986","2026-08-16","","Maharashtra","MJM 360? Rotating Bike Mobile Holder Stand for Motorcycle, Bicycle & Scooter Handlebar Phone Mount","PT05-BIKESTAND","Free Size","1","170.0","145.0","TP15HAE01783138"
"DELIVERED","320423071713797632_1","508240986","2026-08-16","","Haryana","MJM 360? Rotating Bike Mobile Holder Stand for Motorcycle, Bicycle & Scooter Handlebar Phone Mount","PT05-BIKESTAND","Free Size","1","148.0","124.0","TP15HAE01783128"
"RTO_COMPLETE","320433140559920960_1","517124724","2026-08-16","","Maharashtra","MJM 100W 3 in 1 Fast Charging Cable with LED Light | Type C + Lightning + Micro USB | Nylon Braided USB Charging Cable | Black | 1 Piece","MJM-3IN1-TDY-BLK-1PC","Free Size","1","129.0","123.0","TP1SLEU02974715"
"CANCELLED","320436249973636928_1","508162782","2026-08-16","","Telangana","MJM Crystal Pro Wireless Bluetooth Earbuds with Smart LED Display, 48H Playback, ENC Calling, Type-C Charging, Low Latency Gaming Earbuds","Crystalpro-black","Free Size","1","300.0","300.0",
"DELIVERED","320445689768192576_1","508240986","2026-08-16","","Jharkhand","MJM 360? Rotating Bike Mobile Holder Stand for Motorcycle, Bicycle & Scooter Handlebar Phone Mount","PT05-BIKESTAND","Free Size","1","148.0","124.0","TP15HAE01783134"
"RTO_COMPLETE","320456221991052736_1","508240986","2026-08-16","","Bihar","MJM 360? Rotating Bike Mobile Holder Stand for Motorcycle, Bicycle & Scooter Handlebar Phone Mount","PT05-BIKESTAND","Free Size","1","148.0","141.0","TP15HAE01783139"
"DELIVERED","320467558460722240_1","517124724","2026-08-16","","Chhattisgarh","MJM 100W 3 in 1 Fast Charging Cable with LED Light | Type C + Lightning + Micro USB | Nylon Braided USB Charging Cable | Black | 1 Piece","MJM-3IN1-TDY-BLK-1PC","Free Size","1","129.0","106.0","TP1SLEU02974679"
"DELIVERED","320468846653154752_1","505105292","2026-08-16","","Odisha","MJM Waterproof Mobile Pouch Combo Pack of 8 | Universal Touch Screen Phone Cover with Neck Strap, Triple Lock Waterproof Case for Swimming, Travel, Beach & Rain Protection","3lockrainpouch-8pc","Free Size","1","146.0","121.0","TP2CMEU02908412"
"DELIVERED","320481739448721920_1","517124724","2026-08-16","","Jharkhand","MJM 100W 3 in 1 Fast Charging Cable with LED Light | Type C + Lightning + Micro USB | Nylon Braided USB Charging Cable | Black | 1 Piece","MJM-3IN1-TDY-BLK-1PC","Free Size","1","129.0","106.0","TP1SLEU02974685"
"DELIVERED","320486435763678784_1","517124724","2026-08-16","","Karnataka","MJM 100W 3 in 1 Fast Charging Cable with LED Light | Type C + Lightning + Micro USB | Nylon Braided USB Charging Cable | Black | 1 Piece","MJM-3IN1-TDY-BLK-1PC","Free Size","1","129.0","129.0","TP1SLEU02974690"
"DELIVERED","320500793299379648_1","512895768","2026-08-16","","Gujarat","MJM 3 In 1 Orange Fast Charging Cable 120W Super Charge USB Cable with Type C, Micro USB & 8 Pin Connector 1 Meter","MJM-3IN1-CABLE-120W-1M-ORANGE-001","Free Size","1","120.0","102.0","TP1SLEU02974670"
"DELIVERED","320515789963668032_1","512895768","2026-08-16","","Maharashtra","MJM 3 In 1 Blue Fast Charging Cable 120W Super Charge USB Cable with Type C, Micro USB & 8 Pin Connector 1 Meter","MJM-3IN1-CABLE-120W-1M-BLUE-01","Free Size","1","101.0","79.0","TP1SLEU02974668"
"DELIVERED","320515986519656256_1","517124724","2026-08-16","","Andhra Pradesh","MJM 100W 3 in 1 Fast Charging Cable with LED Light | Type C + Lightning + Micro USB | Nylon Braided USB Charging Cable | Black | 1 Piece","MJM-3IN1-TDY-BLK-1PC","Free Size","1","129.0","129.0","TP1SLEU02974693"
"DELIVERED","320525245104942656_1","508240986","2026-08-16","","Odisha","MJM 360? Rotating Bike Mobile Holder Stand for Motorcycle, Bicycle & Scooter Handlebar Phone Mount","PT05-BIKESTAND","Free Size","1","170.0","162.0","TP15HAE01783140"
"RTO_COMPLETE","320537713966522880_1","508162782","2026-08-16","","Bihar","MJM Crystal Pro Wireless Bluetooth Earbuds with Smart LED Display, 48H Playback, ENC Calling, Type-C Charging, Low Latency Gaming Earbuds","Crystalpro-black","Free Size","1","271.0","258.0","TP2RMEU01785044"
"DELIVERED","320545693243967296_1","512895768","2026-08-16","","Haryana","MJM 3 In 1 Black Fast Charging Cable 120W Super Charge USB Cable with Type C, Micro USB & 8 Pin Connector 1 Meter","MJM-3IN1-CABLE-120W-1M-BLACK-01","Free Size","1","120.0","97.0","TP1SLEU02974699"
"RTO_COMPLETE","320546207609924160_1","508573229","2026-08-16","","Madhya Pradesh","MJM Premium Metal Mobile Stand | 360? Rotation Adjustable Phone Holder | Foldable Desk Table Stand for Smartphone & Tablet","L396-STAND","Free Size","1","160.0","152.0","TP2CMEU02908398"
"DELIVERED","320550211264350016_1","505105292","2026-08-16","","Maharashtra","MJM Waterproof Mobile Pouch Combo Pack of 8 | Universal Touch Screen Phone Cover with Neck Strap, Triple Lock Waterproof Case for Swimming, Travel, Beach & Rain Protection","3lockrainpouch-8pc","Free Size","1","127.0","103.0","TP2CMEU02908411"
"DELIVERED","320550597785400000_1","517124724","2026-08-16","","Rajasthan","MJM 100W 3 in 1 Fast Charging Cable with LED Light | Type C + Lightning + Micro USB | Nylon Braided USB Charging Cable | Black | 1 Piece","MJM-3IN1-TDY-BLK-1PC","Free Size","1","110.0","105.0","TP1SLEU02974714"
"DELIVERED","320551424152249856_1","508162782","2026-08-16","","Jharkhand","MJM Crystal Pro Wireless Bluetooth Earbuds with Smart LED Display, 48H Playback, ENC Calling, Type-C Charging, Low Latency Gaming Earbuds","Crystalpro-black","Free Size","1","271.0","258.0","TP2CMEU02894646"
"DELIVERED","320554321648716739_1","512895768","2026-08-16","","West Bengal","MJM 3 In 1 Black Fast Charging Cable 120W Super Charge USB Cable with Type C, Micro USB & 8 Pin Connector 1 Meter","MJM-3IN1-CABLE-120W-1M-BLACK-01","Free Size","1","120.0","97.0","TP1SLEU02974671"
"DELIVERED","320560824615059264_1","517124724","2026-08-16","","Maharashtra","MJM 100W 3 in 1 Fast Charging Cable with LED Light | Type C + Lightning + Micro USB | Nylon Braided USB Charging Cable | Black | 1 Piece","MJM-3IN1-TDY-BLK-1PC","Free Size","1","129.0","106.0","TP1SLEU02974682"
"DELIVERED","320561485587057600_1","517124724","2026-08-16","","Maharashtra","MJM 100W 3 in 1 Fast Charging Cable with LED Light | Type C + Lightning + Micro USB | Nylon Braided USB Charging Cable | Black | 1 Piece","MJM-3IN1-TDY-BLK-1PC","Free Size","1","110.0","88.0","TP1SLEU02974694"
"CANCELLED","320562550055275456_1","517124724","2026-08-16","","Jharkhand","MJM 100W 3 in 1 Fast Charging Cable with LED Light | Type C + Lightning + Micro USB | Nylon Braided USB Charging Cable | Black | 1 Piece","MJM-3IN1-TDY-BLK-1PC","Free Size","1","129.0","123.0",
"DELIVERED","320570322389974848_1","505105292","2026-08-16","","Bihar","MJM Waterproof Mobile Pouch Combo Pack of 8 | Universal Touch Screen Phone Cover with Neck Strap, Triple Lock Waterproof Case for Swimming, Travel, Beach & Rain Protection","3lockrainpouch-8pc","Free Size","1","127.0","103.0","TP2CMEU02908403"
"RTO_COMPLETE","320575784174894912_1","508573229","2026-08-16","","Uttar Pradesh","MJM Premium Metal Mobile Stand | 360? Rotation Adjustable Phone Holder | Foldable Desk Table Stand for Smartphone & Tablet","L396-STAND","Free Size","1","141.0","118.0","TP2CMEU02908431"
"DELIVERED","320579075692765696_1","512895768","2026-08-16","","Gujarat","MJM 3 In 1 Black Fast Charging Cable 120W Super Charge USB Cable with Type C, Micro USB & 8 Pin Connector 1 Meter","MJM-3IN1-CABLE-120W-1M-BLACK-01","Free Size","1","120.0","97.0","TP1SLEU02974667"
"DELIVERED","320582981826014784_1","508240986","2026-08-16","","Maharashtra","MJM 360? Rotating Bike Mobile Holder Stand for Motorcycle, Bicycle & Scooter Handlebar Phone Mount","PT05-BIKESTAND","Free Size","1","148.0","141.0","TP15HAE01783132"
"DELIVERED","320588534375888064_1","517124724","2026-08-16","","Gujarat","MJM 100W 3 in 1 Fast Charging Cable with LED Light | Type C + Lightning + Micro USB | Nylon Braided USB Charging Cable | Black | 1 Piece","MJM-3IN1-TDY-BLK-1PC","Free Size","1","129.0","106.0","TP1SLEU02974681"
"DELIVERED","320596030368673344_1","517124724","2026-08-16","","Tamil Nadu","MJM 100W 3 in 1 Fast Charging Cable with LED Light | Type C + Lightning + Micro USB | Nylon Braided USB Charging Cable | Black | 1 Piece","MJM-3IN1-TDY-BLK-1PC","Free Size","1","129.0","111.0","TP1SLEU02974687"
"DELIVERED","320597255025963712_1","512895768","2026-08-16","","Madhya Pradesh","MJM 3 In 1 Black Fast Charging Cable 120W Super Charge USB Cable with Type C, Micro USB & 8 Pin Connector 1 Meter","MJM-3IN1-CABLE-120W-1M-BLACK-01","Free Size","1","120.0","114.0","TP1SLEU02974675"
"DELIVERED","320597896694082112_1","517124724","2026-08-16","","Uttar Pradesh","MJM 100W 3 in 1 Fast Charging Cable with LED Light | Type C + Lightning + Micro USB | Nylon Braided USB Charging Cable | Black | 1 Piece","MJM-3IN1-TDY-BLK-1PC","Free Size","1","129.0","106.0","TP1SLEU02974680"
"DELIVERED","320601105644285504_1","512895768","2026-08-16","","Bihar","MJM 3 In 1 Black Fast Charging Cable 120W Super Charge USB Cable with Type C, Micro USB & 8 Pin Connector 1 Meter","MJM-3IN1-CABLE-120W-1M-BLACK-01","Free Size","1","101.0","79.0","TP1SLEU02974674"
"RTO_COMPLETE","320603075464145472_1","508240986","2026-08-16","","Chhattisgarh","MJM 360? Rotating Bike Mobile Holder Stand for Motorcycle, Bicycle & Scooter Handlebar Phone Mount","PT05-BIKESTAND","Free Size","1","170.0","162.0","TP15HAE01783130"
"DELIVERED","320609735324316864_1","508240986","2026-08-16","","Maharashtra","MJM 360? Rotating Bike Mobile Holder Stand for Motorcycle, Bicycle & Scooter Handlebar Phone Mount","PT05-BIKESTAND","Free Size","1","170.0","162.0","TP15HAE01783135"
"CANCELLED","320611844267346880_1","504101529","2026-08-16","","Puducherry","MJM 2 in 1 Mobile Stand Combo | Metal Desktop Phone Holder + Adjustable Foldable Mobile & Tablet Stand","MJM-MTLSTND-CMB02","Free Size","1","111.0","111.0",
"DELIVERED","320612109090665792_1","517124724","2026-08-16","","Punjab","MJM 100W 3 in 1 Fast Charging Cable with LED Light | Type C + Lightning + Micro USB | Nylon Braided USB Charging Cable | Black | 1 Piece","MJM-3IN1-TDY-BLK-1PC","Free Size","1","129.0","123.0","TP1SLEU02974691"
"RTO_COMPLETE","320612481960976896_1","512895768","2026-08-16","","Karnataka","MJM 3 In 1 Black Fast Charging Cable 120W Super Charge USB Cable with Type C, Micro USB & 8 Pin Connector 1 Meter","MJM-3IN1-CABLE-120W-1M-BLACK-01","Free Size","1","120.0","120.0","TP1SLEU02974673"
"DELIVERED","320613767728182592_1","508240986","2026-08-16","","Maharashtra","MJM 360? Rotating Bike Mobile Holder Stand for Motorcycle, Bicycle & Scooter Handlebar Phone Mount","PT05-BIKESTAND","Free Size","1","170.0","145.0","TP15HAE01783131"
"RTO_COMPLETE","320642467106501952_1","517124724","2026-08-17","","Kerala","MJM 100W 3 in 1 Fast Charging Cable with LED Light | Type C + Lightning + Micro USB | Nylon Braided USB Charging Cable | Black | 1 Piece","MJM-3IN1-TDY-BLK-1PC","Free Size","1","129.0","129.0","TP1SLEU02974688"
"DELIVERED","320681736878309184_1","508240986","2026-08-17","","Uttar Pradesh","MJM 360? Rotating Bike Mobile Holder Stand for Motorcycle, Bicycle & Scooter Handlebar Phone Mount","PT05-BIKESTAND","Free Size","1","170.0","152.0","TP15HAE01783133"
"CANCELLED","320760083326284992_1","517124724","2026-08-17","","Jharkhand","MJM 100W 3 in 1 Fast Charging Cable with LED Light | Type C + Lightning + Micro USB | Nylon Braided USB Charging Cable | Black | 1 Piece","MJM-3IN1-TDY-BLK-1PC","Free Size","1","129.0","129.0",
"DELIVERED","320765107964945920_1","508240986","2026-08-17","","Rajasthan","MJM 360? Rotating Bike Mobile Holder Stand for Motorcycle, Bicycle & Scooter Handlebar Phone Mount","PT05-BIKESTAND","Free Size","1","170.0","170.0","TP15HAE01783129"
"DELIVERED","320803281062966592_1","517124724","2026-08-17","","Himachal Pradesh","MJM 100W 3 in 1 Fast Charging Cable with LED Light | Type C + Lightning + Micro USB | Nylon Braided USB Charging Cable | Black | 1 Piece","MJM-3IN1-TDY-BLK-1PC","Free Size","1","129.0","129.0","TP1SLEU02974708"
"DELIVERED","320805998922447552_1","505105292","2026-08-17","","West Bengal","MJM Waterproof Mobile Pouch Combo Pack of 8 | Universal Touch Screen Phone Cover with Neck Strap, Triple Lock Waterproof Case for Swimming, Travel, Beach & Rain Protection","3lockrainpouch-8pc","Free Size","1","127.0","109.0","TP2CMEU02908422"
"DELIVERED","320814322229388800_1","508240986","2026-08-17","","Karnataka","MJM 360? Rotating Bike Mobile Holder Stand for Motorcycle, Bicycle & Scooter Handlebar Phone Mount","PT05-BIKESTAND","Free Size","1","170.0","170.0","TP15HAE01783124"
"DELIVERED","320815821474964992_1","508162782","2026-08-17","","Madhya Pradesh","MJM Crystal Pro Wireless Bluetooth Earbuds with Smart LED Display, 48H Playback, ENC Calling, Type-C Charging, Low Latency Gaming Earbuds","Crystalpro-black","Free Size","1","271.0","271.0","TP2CMEU02908435"
"DELIVERED","320822903359041088_1","505105292","2026-08-17","","Odisha","MJM Waterproof Mobile Pouch Combo Pack of 8 | Universal Touch Screen Phone Cover with Neck Strap, Triple Lock Waterproof Case for Swimming, Travel, Beach & Rain Protection","3lockrainpouch-8pc","Free Size","1","146.0","128.0","TP2CMEU02908425"
"RTO_COMPLETE","317452899591816064_1","505105292","2026-08-17","","Uttar Pradesh","MJM Waterproof Mobile Pouch Combo Pack of 8 | Universal Touch Screen Phone Cover with Neck Strap, Triple Lock Waterproof Case for Swimming, Travel, Beach & Rain Protection","3lockrainpouch-8pc","Free Size","1","121.0","121.0","TP2CMEU02908424"
"CANCELLED","320861951483067072_1","508240986","2026-08-17","","Bihar","MJM 360? Rotating Bike Mobile Holder Stand for Motorcycle, Bicycle & Scooter Handlebar Phone Mount","PT05-BIKESTAND","Free Size","1","148.0","148.0",
"DELIVERED","320862688094303424_1","505105292","2026-08-17","","Goa","MJM Waterproof Mobile Pouch Combo Pack of 8 | Universal Touch Screen Phone Cover with Neck Strap, Triple Lock Waterproof Case for Swimming, Travel, Beach & Rain Protection","3lockrainpouch-8pc","Free Size","1","127.0","109.0","TP2CMEU02908427"
"DELIVERED","320865809616975168_1","517124724","2026-08-17","","West Bengal","MJM 100W 3 in 1 Fast Charging Cable with LED Light | Type C + Lightning + Micro USB | Nylon Braided USB Charging Cable | Black | 1 Piece","MJM-3IN1-TDY-BLK-1PC","Free Size","1","129.0","111.0","TP1SLEU02974695"
"DELIVERED","320867724460198848_1","508240986","2026-08-17","","Bihar","MJM 360? Rotating Bike Mobile Holder Stand for Motorcycle, Bicycle & Scooter Handlebar Phone Mount","PT05-BIKESTAND","Free Size","1","148.0","130.0","TP15HAE01783125"
"DELIVERED","320869828242552000_1","517124724","2026-08-17","","Tamil Nadu","MJM 100W 3 in 1 Fast Charging Cable with LED Light | Type C + Lightning + Micro USB | Nylon Braided USB Charging Cable | Black | 1 Piece","MJM-3IN1-TDY-BLK-1PC","Free Size","1","110.0","92.0","TP1SLEU02974713"
"DELIVERED","320873902249718464_1","505105292","2026-08-17","","West Bengal","MJM Waterproof Mobile Pouch Combo Pack of 8 | Universal Touch Screen Phone Cover with Neck Strap, Triple Lock Waterproof Case for Swimming, Travel, Beach & Rain Protection","3lockrainpouch-8pc","Free Size","1","127.0","109.0","TP2CMEU02908416"
"DELIVERED","320873902249718464_2","505105292","2026-08-17","","West Bengal","MJM Waterproof Mobile Pouch Combo Pack of 8 | Universal Touch Screen Phone Cover with Neck Strap, Triple Lock Waterproof Case for Swimming, Travel, Beach & Rain Protection","3lockrainpouch-8pc","Free Size","1","127.0","109.0","TP2CMEU02908418"
"DELIVERED","320873902249718464_3","505105292","2026-08-17","","West Bengal","MJM Waterproof Mobile Pouch Combo Pack of 8 | Universal Touch Screen Phone Cover with Neck Strap, Triple Lock Waterproof Case for Swimming, Travel, Beach & Rain Protection","3lockrainpouch-8pc","Free Size","1","127.0","109.0","TP2CMEU02908415"
"DELIVERED","320875313096143552_1","505105292","2026-08-17","","Rajasthan","MJM Waterproof Mobile Pouch Combo Pack of 8 | Universal Touch Screen Phone Cover with Neck Strap, Triple Lock Waterproof Case for Swimming, Travel, Beach & Rain Protection","3lockrainpouch-8pc","Free Size","1","127.0","127.0","TP2CMEU02908419"
"DELIVERED","320890177873100032_1","505105292","2026-08-17","","Karnataka","MJM Waterproof Mobile Pouch Combo Pack of 8 | Universal Touch Screen Phone Cover with Neck Strap, Triple Lock Waterproof Case for Swimming, Travel, Beach & Rain Protection","3lockrainpouch-8pc","Free Size","1","127.0","127.0","TP2CMEU02908421"
"DELIVERED","320900016810710912_1","512895768","2026-08-17","","Madhya Pradesh","MJM 3 In 1 Black Fast Charging Cable 120W Super Charge USB Cable with Type C, Micro USB & 8 Pin Connector 1 Meter","MJM-3IN1-CABLE-120W-1M-BLACK-01","Free Size","1","101.0","83.0","TP1SLEU02974692"
"DELIVERED","320917356061027776_1","508240986","2026-08-17","","Uttar Pradesh","MJM 360? Rotating Bike Mobile Holder Stand for Motorcycle, Bicycle & Scooter Handlebar Phone Mount","PT05-BIKESTAND","Free Size","1","170.0","152.0","TP15HAE01783127"
"DELIVERED","320917643693813184_1","508573229","2026-08-17","","Uttar Pradesh","MJM Premium Metal Mobile Stand | 360? Rotation Adjustable Phone Holder | Foldable Desk Table Stand for Smartphone & Tablet","L396-STAND","Free Size","1","141.0","141.0","TP2CMEU02908429"
"DELIVERED","320922680174945984_1","505105292","2026-08-17","","Tamil Nadu","MJM Waterproof Mobile Pouch Combo Pack of 8 | Universal Touch Screen Phone Cover with Neck Strap, Triple Lock Waterproof Case for Swimming, Travel, Beach & Rain Protection","3lockrainpouch-8pc","Free Size","1","146.0","128.0","TP2CMEU02908426"
"DELIVERED","320922973555289536_1","512895768","2026-08-17","","Kerala","MJM 3 In 1 Blue Fast Charging Cable 120W Super Charge USB Cable with Type C, Micro USB & 8 Pin Connector 1 Meter","MJM-3IN1-CABLE-120W-1M-BLUE-01","Free Size","1","120.0","120.0","TP1SLEU02974698"
"RTO_COMPLETE","320929616282474368_1","508876433","2026-08-17","","Gujarat","MJM Crystal Pro Wireless Bluetooth Earbuds TWS | 18H Playtime | Bluetooth 5.4 | Type-C Charging | IPX4 Water Resistant Earphones","MJM-CP18-BTB54","Free Size","1","330.0","330.0","TP2CMEU02908438"
"DELIVERED","320933347806578752_1","517124724","2026-08-17","","Maharashtra","MJM 100W 3 in 1 Fast Charging Cable with LED Light | Type C + Lightning + Micro USB | Nylon Braided USB Charging Cable | Black | 1 Piece","MJM-3IN1-TDY-BLK-1PC","Free Size","1","129.0","111.0","TP1SLEU02974716"
"DELIVERED","320941283116951232_1","512895768","2026-08-17","","Odisha","MJM 3 In 1 Black Fast Charging Cable 120W Super Charge USB Cable with Type C, Micro USB & 8 Pin Connector 1 Meter","MJM-3IN1-CABLE-120W-1M-BLACK-01","Free Size","1","120.0","120.0","TP1SLEU02974701"
"DELIVERED","320958439134490048_1","508240986","2026-08-17","","Bihar","MJM 360? Rotating Bike Mobile Holder Stand for Motorcycle, Bicycle & Scooter Handlebar Phone Mount","PT05-BIKESTAND","Free Size","1","148.0","130.0","TP15HAE01783122"
"DELIVERED","320963350390069120_1","508240986","2026-08-17","","Delhi","MJM 360? Rotating Bike Mobile Holder Stand for Motorcycle, Bicycle & Scooter Handlebar Phone Mount","PT05-BIKESTAND","Free Size","1","148.0","130.0","TP15HAE01783126"
"DELIVERED","320974137898462659_1","508573229","2026-08-17","","Maharashtra","MJM Premium Metal Mobile Stand | 360? Rotation Adjustable Phone Holder | Foldable Desk Table Stand for Smartphone & Tablet","L396-STAND","Free Size","1","160.0","160.0","TP2CMEU02908430"
"DELIVERED","321102462482542016_1","512895768","2026-08-18","","Madhya Pradesh","MJM 3 In 1 Blue Fast Charging Cable 120W Super Charge USB Cable with Type C, Micro USB & 8 Pin Connector 1 Meter","MJM-3IN1-CABLE-120W-1M-BLUE-01","Free Size","1","120.0","102.0","TP1SLEU02974700"
"DELIVERED","321119722257411520_1","505105292","2026-08-18","","Chhattisgarh","MJM Waterproof Mobile Pouch Combo Pack of 8 | Universal Touch Screen Phone Cover with Neck Strap, Triple Lock Waterproof Case for Swimming, Travel, Beach & Rain Protection","3lockrainpouch-8pc","Free Size","1","127.0","109.0","TP2CMEU02908417"
"DELIVERED","321125248265514432_1","505105292","2026-08-18","","Kerala","MJM Waterproof Mobile Pouch Combo Pack of 8 | Universal Touch Screen Phone Cover with Neck Strap, Triple Lock Waterproof Case for Swimming, Travel, Beach & Rain Protection","3lockrainpouch-8pc","Free Size","1","146.0","128.0","TP2CMEU02908420"
"DELIVERED","321128077861488704_1","517124724","2026-08-18","","Tamil Nadu","MJM 100W 3 in 1 Fast Charging Cable with LED Light | Type C + Lightning + Micro USB | Nylon Braided USB Charging Cable | Black | 1 Piece","MJM-3IN1-TDY-BLK-1PC","Free Size","1","129.0","111.0","TP1SLEU02974689"
"CANCELLED","321128539578860480_1","505105292","2026-08-18","","Odisha","MJM Waterproof Mobile Pouch Combo Pack of 8 | Universal Touch Screen Phone Cover with Neck Strap, Triple Lock Waterproof Case for Swimming, Travel, Beach & Rain Protection","3lockrainpouch-8pc","Free Size","1","127.0","109.0",
"DELIVERED","321142283310629824_1","517124724","2026-08-18","","Chhattisgarh","MJM 100W 3 in 1 Fast Charging Cable with LED Light | Type C + Lightning + Micro USB | Nylon Braided USB Charging Cable | Black | 1 Piece","MJM-3IN1-TDY-BLK-1PC","Free Size","1","129.0","111.0","TP1SLEU02974712"
"DELIVERED","321151749066228672_1","524020237","2026-08-18","","Jharkhand","MJM 170CM Selfie Stick Tripod with Bluetooth Remote | 3 in 1 Foldable Mobile Stand | Adjustable Phone Holder for Android & iPhone | Selfie, Reels, Vlogging & Video Recording","MJM-R1S-LONG-BLK-001","Free Size","1","229.0","229.0","TP6GREU02647699"
"DELIVERED","321179016488192064_1","512895768","2026-08-18","","Tamil Nadu","MJM 3 In 1 Orange Fast Charging Cable 120W Super Charge USB Cable with Type C, Micro USB & 8 Pin Connector 1 Meter","MJM-3IN1-CABLE-120W-1M-ORANGE-001","Free Size","1","120.0","102.0","TP1SLEU02974697"
"DELIVERED","321201357041599425_1","517124724","2026-08-18","","Tamil Nadu","MJM 100W 3 in 1 Fast Charging Cable with LED Light | Type C + Lightning + Micro USB | Nylon Braided USB Charging Cable | Black | 1 Piece","MJM-3IN1-TDY-BLK-1PC","Free Size","1","129.0","111.0","TP1SLEU02974702"
"DELIVERED","321237486222607296_1","505105292","2026-08-18","","West Bengal","MJM Waterproof Mobile Pouch Combo Pack of 8 | Universal Touch Screen Phone Cover with Neck Strap, Triple Lock Waterproof Case for Swimming, Travel, Beach & Rain Protection","3lockrainpouch-8pc","Free Size","1","127.0","109.0","TP2CMEU02908428"
"RTO_COMPLETE","321263676115332416_1","508240986","2026-08-18","","Karnataka","MJM 360? Rotating Bike Mobile Holder Stand for Motorcycle, Bicycle & Scooter Handlebar Phone Mount","PT05-BIKESTAND","Free Size","1","170.0","170.0","TP15HAE01783120"
"DELIVERED","321265368416289728_1","505105292","2026-08-18","","Odisha","MJM Waterproof Mobile Pouch Combo Pack of 8 | Universal Touch Screen Phone Cover with Neck Strap, Triple Lock Waterproof Case for Swimming, Travel, Beach & Rain Protection","3lockrainpouch-8pc","Free Size","1","127.0","109.0","TP2CMEU02908434"
"DELIVERED","321270193753308544_1","508240986","2026-08-18","","Karnataka","MJM 360? Rotating Bike Mobile Holder Stand for Motorcycle, Bicycle & Scooter Handlebar Phone Mount","PT05-BIKESTAND","Free Size","1","148.0","130.0","TP15HAE01783121"
"DELIVERED","321276310109699456_1","508162782","2026-08-18","","Rajasthan","MJM Crystal Pro Wireless Bluetooth Earbuds with Smart LED Display, 48H Playback, ENC Calling, Type-C Charging, Low Latency Gaming Earbuds","Crystalpro-black","Free Size","1","271.0","253.0","TP2CMEU02908436"
"DELIVERED","321280710235549440_1","505105292","2026-08-18","","Uttarakhand","MJM Waterproof Mobile Pouch Combo Pack of 8 | Universal Touch Screen Phone Cover with Neck Strap, Triple Lock Waterproof Case for Swimming, Travel, Beach & Rain Protection","3lockrainpouch-8pc","Free Size","1","146.0","128.0","TP2CMEU02908433"
"CANCELLED","321294667320034240_1","512895768","2026-08-18","","Gujarat","MJM 3 In 1 Black Fast Charging Cable 120W Super Charge USB Cable with Type C, Micro USB & 8 Pin Connector 1 Meter","MJM-3IN1-CABLE-120W-1M-BLACK-01","Free Size","1","101.0","83.0",
"DELIVERED","321299562118982976_1","517124724","2026-08-18","","Rajasthan","MJM 100W 3 in 1 Fast Charging Cable with LED Light | Type C + Lightning + Micro USB | Nylon Braided USB Charging Cable | Black | 1 Piece","MJM-3IN1-TDY-BLK-1PC","Free Size","1","129.0","111.0","TP1SLEU02974705"
"CANCELLED","321303837138169152_1","517124724","2026-08-18","","Rajasthan","MJM 100W 3 in 1 Fast Charging Cable with LED Light | Type C + Lightning + Micro USB | Nylon Braided USB Charging Cable | Black | 1 Piece","MJM-3IN1-TDY-BLK-1PC","Free Size","1","129.0","129.0",
"DELIVERED","321315090548032448_1","517124724","2026-08-18","","Tamil Nadu","MJM 100W 3 in 1 Fast Charging Cable with LED Light | Type C + Lightning + Micro USB | Nylon Braided USB Charging Cable | Black | 1 Piece","MJM-3IN1-TDY-BLK-1PC","Free Size","1","110.0","110.0","TP1SLEU02974704"
"CANCELLED","321324809714036480_1","517124724","2026-08-18","","Punjab","MJM 100W 3 in 1 Fast Charging Cable with LED Light | Type C + Lightning + Micro USB | Nylon Braided USB Charging Cable | Black | 1 Piece","MJM-3IN1-TDY-BLK-1PC","Free Size","1","110.0","92.0","TP1SLEU02974711"
"DELIVERED","321473494755216512_1","517124724","2026-08-19","","Tamil Nadu","MJM 100W 3 in 1 Fast Charging Cable with LED Light | Type C + Lightning + Micro USB | Nylon Braided USB Charging Cable | Black | 1 Piece","MJM-3IN1-TDY-BLK-1PC","Free Size","1","129.0","111.0","TP1SLEU02974696"
"DELIVERED","321487826687787968_1","508240986","2026-08-19","","Delhi","MJM 360? Rotating Bike Mobile Holder Stand for Motorcycle, Bicycle & Scooter Handlebar Phone Mount","PT05-BIKESTAND","Free Size","1","148.0","130.0","TP15HAE01783117"
"DELIVERED","321502362169937024_1","517124724","2026-08-19","","Kerala","MJM 100W 3 in 1 Fast Charging Cable with LED Light | Type C + Lightning + Micro USB | Nylon Braided USB Charging Cable | Black | 1 Piece","MJM-3IN1-TDY-BLK-1PC","Free Size","1","129.0","129.0","TP1SLEU02974703"
"DELIVERED","321502795886116225_1","508573229","2026-08-19","","Bihar","MJM Premium Metal Mobile Stand | 360? Rotation Adjustable Phone Holder | Foldable Desk Table Stand for Smartphone & Tablet","L396-STAND","Free Size","1","141.0","124.0","TP2CMEU02908432"
"DELIVERED","321509552825974144_1","505105292","2026-08-19","","Tamil Nadu","MJM Waterproof Mobile Pouch Combo Pack of 8 | Universal Touch Screen Phone Cover with Neck Strap, Triple Lock Waterproof Case for Swimming, Travel, Beach & Rain Protection","3lockrainpouch-8pc","Free Size","1","146.0","128.0","TP2CMEU02908443"
"DELIVERED","321522663603715456_1","508240986","2026-08-19","","Gujarat","MJM 360? Rotating Bike Mobile Holder Stand for Motorcycle, Bicycle & Scooter Handlebar Phone Mount","PT05-BIKESTAND","Free Size","1","170.0","152.0","TP15HAE01783114"
"DELIVERED","321523103779161024_1","508240986","2026-08-19","","Rajasthan","MJM 360? Rotating Bike Mobile Holder Stand for Motorcycle, Bicycle & Scooter Handlebar Phone Mount","PT05-BIKESTAND","Free Size","1","170.0","152.0","TP15HAE01783113"
"RTO_COMPLETE","321523861194968192_1","508240986","2026-08-19","","Bihar","MJM 360? Rotating Bike Mobile Holder Stand for Motorcycle, Bicycle & Scooter Handlebar Phone Mount","PT05-BIKESTAND","Free Size","1","170.0","170.0","TP15HAE01783119"
"DELIVERED","321537776344159744_1","508573229","2026-08-19","","Andhra Pradesh","MJM Premium Metal Mobile Stand | 360? Rotation Adjustable Phone Holder | Foldable Desk Table Stand for Smartphone & Tablet","L396-STAND","Free Size","1","141.0","124.0","TP2RMEU01785009"
"DELIVERED","321541771728727360_1","512895768","2026-08-19","","Madhya Pradesh","MJM 3 In 1 Black Fast Charging Cable 120W Super Charge USB Cable with Type C, Micro USB & 8 Pin Connector 1 Meter","MJM-3IN1-CABLE-120W-1M-BLACK-01","Free Size","1","101.0","101.0","TP1SLEU02974718"
"DELIVERED","321547721592159616_1","508240986","2026-08-19","","Uttar Pradesh","MJM 360? Rotating Bike Mobile Holder Stand for Motorcycle, Bicycle & Scooter Handlebar Phone Mount","PT05-BIKESTAND","Free Size","1","170.0","152.0","TP15HAE01783111"
"DELIVERED","321550537681851904_1","505105292","2026-08-19","","Meghalaya","MJM Waterproof Mobile Pouch Combo Pack of 8 | Universal Touch Screen Phone Cover with Neck Strap, Triple Lock Waterproof Case for Swimming, Travel, Beach & Rain Protection","3lockrainpouch-8pc","Free Size","1","146.0","128.0","TP2CMEU02908441"
"DELIVERED","321556657661750592_1","517124724","2026-08-19","","Maharashtra","MJM 100W 3 in 1 Fast Charging Cable with LED Light | Type C + Lightning + Micro USB | Nylon Braided USB Charging Cable | Black | 1 Piece","MJM-3IN1-TDY-BLK-1PC","Free Size","1","129.0","111.0","TP2CMEU02908446"
"DELIVERED","321557883736440192_1","508240986","2026-08-19","","Bihar","MJM 360? Rotating Bike Mobile Holder Stand for Motorcycle, Bicycle & Scooter Handlebar Phone Mount","PT05-BIKESTAND","Free Size","1","170.0","152.0","TP15HAE01783115"
"DELIVERED","321564708934419392_1","505105292","2026-08-19","","Delhi","MJM Waterproof Mobile Pouch Combo Pack of 8 | Universal Touch Screen Phone Cover with Neck Strap, Triple Lock Waterproof Case for Swimming, Travel, Beach & Rain Protection","3lockrainpouch-8pc","Free Size","1","127.0","109.0","TP2CMEU02908440"
"DELIVERED","321574516760675264_1","505105292","2026-08-19","","Telangana","MJM Waterproof Mobile Pouch Combo Pack of 8 | Universal Touch Screen Phone Cover with Neck Strap, Triple Lock Waterproof Case for Swimming, Travel, Beach & Rain Protection","3lockrainpouch-8pc","Free Size","1","127.0","109.0","TP2CMEU02908447"
"DELIVERED","321575169067203968_1","508162782","2026-08-19","","Assam","MJM Crystal Pro Wireless Bluetooth Earbuds with Smart LED Display, 48H Playback, ENC Calling, Type-C Charging, Low Latency Gaming Earbuds","Crystalpro-black","Free Size","1","300.0","300.0","TP2CMEU02894686"
"DELIVERED","321608824762285440_1","508240986","2026-08-19","","Delhi","MJM 360? Rotating Bike Mobile Holder Stand for Motorcycle, Bicycle & Scooter Handlebar Phone Mount","PT05-BIKESTAND","Free Size","1","148.0","130.0","TP15HAE01783116"
"DELIVERED","321610785452604800_1","517124724","2026-08-19","","Andhra Pradesh","MJM 100W 3 in 1 Fast Charging Cable with LED Light | Type C + Lightning + Micro USB | Nylon Braided USB Charging Cable | Black | 1 Piece","MJM-3IN1-TDY-BLK-1PC","Free Size","1","110.0","92.0","TP1SLEU02974706"
"RTO_COMPLETE","321631115256694848_1","505105292","2026-08-19","","Haryana","MJM Waterproof Mobile Pouch Combo Pack of 8 | Universal Touch Screen Phone Cover with Neck Strap, Triple Lock Waterproof Case for Swimming, Travel, Beach & Rain Protection","3lockrainpouch-8pc","Free Size","1","146.0","128.0","TP2CMEU02908437"
"RTO_COMPLETE","321667988154891648_1","508240986","2026-08-19","","Jharkhand","MJM 360? Rotating Bike Mobile Holder Stand for Motorcycle, Bicycle & Scooter Handlebar Phone Mount","PT05-BIKESTAND","Free Size","1","170.0","170.0","TP15HAE01783112"
"DELIVERED","321677875345829184_1","505105292","2026-08-19","","Rajasthan","MJM Waterproof Mobile Pouch Combo Pack of 8 | Universal Touch Screen Phone Cover with Neck Strap, Triple Lock Waterproof Case for Swimming, Travel, Beach & Rain Protection","3lockrainpouch-8pc","Free Size","1","127.0","109.0","TP2CMEU02908444"
"DELIVERED","321691805543710080_1","506810503","2026-08-19","","Gujarat","MJM 10 Pieces 10 Watt LED Bulb Combo Pack | Cool White Energy Saving LED Light Bulbs | Long Lasting Bright Light for Home, Office, Shop | B22 Base","10wled-10pcs-leo","Free Size","1","181.0","163.0","TP1SLEU02974709"
"DELIVERED","321694747847986304_1","505105292","2026-08-19","","Madhya Pradesh","MJM Waterproof Mobile Pouch Combo Pack of 8 | Universal Touch Screen Phone Cover with Neck Strap, Triple Lock Waterproof Case for Swimming, Travel, Beach & Rain Protection","3lockrainpouch-8pc","Free Size","1","127.0","109.0","TP2CMEU02908445"
"DELIVERED","321709110760101376_1","506810503","2026-08-19","","Uttar Pradesh","MJM 10 Pieces 10 Watt LED Bulb Combo Pack | Cool White Energy Saving LED Light Bulbs | Long Lasting Bright Light for Home, Office, Shop | B22 Base","10wled-10pcs-leo","Free Size","1","200.0","200.0","TP1SLEU02974710"
"DELIVERED","321711454264133697_1","505105292","2026-08-19","","Karnataka","MJM Waterproof Mobile Pouch Combo Pack of 8 | Universal Touch Screen Phone Cover with Neck Strap, Triple Lock Waterproof Case for Swimming, Travel, Beach & Rain Protection","3lockrainpouch-8pc","Free Size","1","146.0","128.0","TP2CMEU02908442"
"DELIVERED","321749131357225920_1","517124724","2026-08-20","","Andhra Pradesh","MJM 100W 3 in 1 Fast Charging Cable with LED Light | Type C + Lightning + Micro USB | Nylon Braided USB Charging Cable | Black | 1 Piece","MJM-3IN1-TDY-BLK-1PC","Free Size","1","129.0","111.0","TP1SLEU02974707"
"DELIVERED","321838557211448832_1","512895768","2026-08-20","","West Bengal","MJM 3 In 1 Black Fast Charging Cable 120W Super Charge USB Cable with Type C, Micro USB & 8 Pin Connector 1 Meter","MJM-3IN1-CABLE-120W-1M-BLACK-01","Free Size","1","120.0","102.0","TP1SLEU02974720"
"DELIVERED","321856291743369280_1","512895768","2026-08-20","","Telangana","MJM 3 In 1 Black Fast Charging Cable 120W Super Charge USB Cable with Type C, Micro USB & 8 Pin Connector 1 Meter","MJM-3IN1-CABLE-120W-1M-BLACK-01","Free Size","1","101.0","83.0","TP1SLEU02974717"
"DELIVERED","321857232664210752_1","508240986","2026-08-20","","Uttar Pradesh","MJM 360? Rotating Bike Mobile Holder Stand for Motorcycle, Bicycle & Scooter Handlebar Phone Mount","PT05-BIKESTAND","Free Size","1","170.0","170.0","TP15HAE01783118"
"DELIVERED","321857665256275328_1","506810503","2026-08-20","","Gujarat","MJM 10 Pieces 10 Watt LED Bulb Combo Pack | Cool White Energy Saving LED Light Bulbs | Long Lasting Bright Light for Home, Office, Shop | B22 Base","10wled-10pcs-leo","Free Size","1","181.0","163.0","TP8RTEU03010754"
"DELIVERED","321873891927932288_1","508240986","2026-08-20","","Telangana","MJM 360? Rotating Bike Mobile Holder Stand for Motorcycle, Bicycle & Scooter Handlebar Phone Mount","PT05-BIKESTAND","Free Size","1","170.0","152.0","TP15HAE01783109"
"CANCELLED","321874398901865600_1","512895768","2026-08-20","","Rajasthan","MJM 3 In 1 Black Fast Charging Cable 120W Super Charge USB Cable with Type C, Micro USB & 8 Pin Connector 1 Meter","MJM-3IN1-CABLE-120W-1M-BLACK-01","Free Size","1","120.0","102.0","TP1SLEU02974722"
"DELIVERED","321909724244553024_1","517124724","2026-08-20","","Uttar Pradesh","MJM 100W 3 in 1 Fast Charging Cable with LED Light | Type C + Lightning + Micro USB | Nylon Braided USB Charging Cable | Black | 1 Piece","MJM-3IN1-TDY-BLK-1PC","Free Size","1","129.0","111.0","TP1SLEU02974729"
"DELIVERED","321911956125924736_1","508573229","2026-08-20","","Karnataka","MJM Premium Metal Mobile Stand | 360? Rotation Adjustable Phone Holder | Foldable Desk Table Stand for Smartphone & Tablet","L396-STAND","Free Size","1","160.0","143.0","TP2CMEU02908448"
"DELIVERED","321936152642095168_1","505105292","2026-08-20","","Uttar Pradesh","MJM Waterproof Mobile Pouch Combo Pack of 8 | Universal Touch Screen Phone Cover with Neck Strap, Triple Lock Waterproof Case for Swimming, Travel, Beach & Rain Protection","3lockrainpouch-8pc","Free Size","1","127.0","109.0","TP2CMEU02000696"
"CANCELLED","321938500475043209_1","512895768","2026-08-20","","Punjab","MJM 3 In 1 Blue Fast Charging Cable 120W Super Charge USB Cable with Type C, Micro USB & 8 Pin Connector 1 Meter","MJM-3IN1-CABLE-120W-1M-BLUE-01","Free Size","1","101.0","83.0","TP1SLEU02974723"
"DELIVERED","321955005891816768_1","517124724","2026-08-20","","Tamil Nadu","MJM 100W 3 in 1 Fast Charging Cable with LED Light | Type C + Lightning + Micro USB | Nylon Braided USB Charging Cable | Black | 1 Piece","MJM-3IN1-TDY-BLK-1PC","Free Size","1","129.0","129.0","TP1SLEU02974719"
"DELIVERED","321972960771849600_1","517124724","2026-08-20","","Andhra Pradesh","MJM 100W 3 in 1 Fast Charging Cable with LED Light | Type C + Lightning + Micro USB | Nylon Braided USB Charging Cable | Black | 1 Piece","MJM-3IN1-TDY-BLK-1PC","Free Size","1","129.0","111.0","TP1SLEU02974726"
"DELIVERED","321973230490780608_1","508240986","2026-08-20","","Maharashtra","MJM 360? Rotating Bike Mobile Holder Stand for Motorcycle, Bicycle & Scooter Handlebar Phone Mount","PT05-BIKESTAND","Free Size","1","148.0","148.0","TP15HAE01783099"
"DELIVERED","321974776943230336_1","508240986","2026-08-20","","Punjab","MJM 360? Rotating Bike Mobile Holder Stand for Motorcycle, Bicycle & Scooter Handlebar Phone Mount","PT05-BIKESTAND","Free Size","1","148.0","148.0","TP15HAE01783103"
"DELIVERED","321987628068388224_1","517124724","2026-08-20","","Maharashtra","MJM 100W 3 in 1 Fast Charging Cable with LED Light | Type C + Lightning + Micro USB | Nylon Braided USB Charging Cable | Black | 1 Piece","MJM-3IN1-TDY-BLK-1PC","Free Size","1","129.0","111.0","TP1SLEU02974727"
"DELIVERED","321996686531964224_1","508240986","2026-08-20","","Gujarat","MJM 360? Rotating Bike Mobile Holder Stand for Motorcycle, Bicycle & Scooter Handlebar Phone Mount","PT05-BIKESTAND","Free Size","1","148.0","130.0","TP15HAE01783110"
"DELIVERED","322005549817695360_1","508240986","2026-08-20","","Tamil Nadu","MJM 360? Rotating Bike Mobile Holder Stand for Motorcycle, Bicycle & Scooter Handlebar Phone Mount","PT05-BIKESTAND","Free Size","1","170.0","152.0","TP15HAE01783108"
"DELIVERED","322011703629218752_1","517124724","2026-08-20","","Maharashtra","MJM 100W 3 in 1 Fast Charging Cable with LED Light | Type C + Lightning + Micro USB | Nylon Braided USB Charging Cable | Black | 1 Piece","MJM-3IN1-TDY-BLK-1PC","Free Size","1","129.0","111.0","TP1SLEU02974730"
"DELIVERED","322012521942125696_1","508573229","2026-08-20","","Jharkhand","MJM Premium Metal Mobile Stand | 360? Rotation Adjustable Phone Holder | Foldable Desk Table Stand for Smartphone & Tablet","L396-STAND","Free Size","1","141.0","141.0","TP2CMEU02908449"
"DELIVERED","322032385050183744_1","508240986","2026-08-20","","Tamil Nadu","MJM 360? Rotating Bike Mobile Holder Stand for Motorcycle, Bicycle & Scooter Handlebar Phone Mount","PT05-BIKESTAND","Free Size","1","170.0","170.0","TP15HAE01783101"
"DELIVERED","322036852001134081_1","517124724","2026-08-20","","Uttar Pradesh","MJM 100W 3 in 1 Fast Charging Cable with LED Light | Type C + Lightning + Micro USB | Nylon Braided USB Charging Cable | Black | 1 Piece","MJM-3IN1-TDY-BLK-1PC","Free Size","1","129.0","111.0","TP1SLEU02974711"
"CANCELLED","322056556304042048_1","517124724","2026-08-20","","Tamil Nadu","MJM 100W 3 in 1 Fast Charging Cable with LED Light | Type C + Lightning + Micro USB | Nylon Braided USB Charging Cable | Black | 1 Piece","MJM-3IN1-TDY-BLK-1PC","Free Size","1","129.0","129.0",
"DELIVERED","322060049303637120_1","505105292","2026-08-20","","Andhra Pradesh","MJM Waterproof Mobile Pouch Combo Pack of 8 | Universal Touch Screen Phone Cover with Neck Strap, Triple Lock Waterproof Case for Swimming, Travel, Beach & Rain Protection","3lockrainpouch-8pc","Free Size","1","127.0","109.0","TP2CMEU02000692"
"RTO_COMPLETE","322069482565942656_1","508240986","2026-08-20","","Gujarat","MJM 360? Rotating Bike Mobile Holder Stand for Motorcycle, Bicycle & Scooter Handlebar Phone Mount","PT05-BIKESTAND","Free Size","1","148.0","130.0","TP15HAE01783106"
"CANCELLED","322159564119510144_1","508162782","2026-08-21","","Tamil Nadu","MJM Crystal Pro Wireless Bluetooth Earbuds with Smart LED Display, 48H Playback, ENC Calling, Type-C Charging, Low Latency Gaming Earbuds","Crystalpro-black","Free Size","1","300.0","300.0","TP2CMEU02000700"
"DELIVERED","322161083564852160_1","505105292","2026-08-21","","Odisha","MJM Waterproof Mobile Pouch Combo Pack of 8 | Universal Touch Screen Phone Cover with Neck Strap, Triple Lock Waterproof Case for Swimming, Travel, Beach & Rain Protection","3lockrainpouch-8pc","Free Size","1","146.0","146.0","TP2CMEU02000697"
"DELIVERED","322178388071266240_1","508240986","2026-08-21","","Puducherry","MJM 360? Rotating Bike Mobile Holder Stand for Motorcycle, Bicycle & Scooter Handlebar Phone Mount","PT05-BIKESTAND","Free Size","1","148.0","130.0","TP15HAE01783107"
"DELIVERED","322202222220523456_1","517124724","2026-08-21","","West Bengal","MJM 100W 3 in 1 Fast Charging Cable with LED Light | Type C + Lightning + Micro USB | Nylon Braided USB Charging Cable | Black | 1 Piece","MJM-3IN1-TDY-BLK-1PC","Free Size","1","129.0","111.0","TP1SLEU02974728"
"DELIVERED","322211745677913408_1","505105292","2026-08-21","","Tamil Nadu","MJM Waterproof Mobile Pouch Combo Pack of 8 | Universal Touch Screen Phone Cover with Neck Strap, Triple Lock Waterproof Case for Swimming, Travel, Beach & Rain Protection","3lockrainpouch-8pc","Free Size","1","146.0","128.0","TP2CMEU02000698"
"DELIVERED","322261271381260224_1","508240986","2026-08-21","","Meghalaya","MJM 360? Rotating Bike Mobile Holder Stand for Motorcycle, Bicycle & Scooter Handlebar Phone Mount","PT05-BIKESTAND","Free Size","1","170.0","170.0","TP15HAE01783104"
"DELIVERED","322299514999704704_1","512895768","2026-08-21","","Maharashtra","MJM 3 In 1 Black Fast Charging Cable 120W Super Charge USB Cable with Type C, Micro USB & 8 Pin Connector 1 Meter","MJM-3IN1-CABLE-120W-1M-BLACK-01","Free Size","1","120.0","120.0","TP1SLEU02974672"
"DELIVERED","322303360853552448_1","508240986","2026-08-21","","Uttar Pradesh","MJM 360? Rotating Bike Mobile Holder Stand for Motorcycle, Bicycle & Scooter Handlebar Phone Mount","PT05-BIKESTAND","Free Size","1","170.0","152.0","TP15HAE01783095"
"DELIVERED","322315524221906240_1","517124724","2026-08-21","","Kerala","MJM 100W 3 in 1 Fast Charging Cable with LED Light | Type C + Lightning + Micro USB | Nylon Braided USB Charging Cable | Black | 1 Piece","MJM-3IN1-TDY-BLK-1PC","Free Size","1","110.0","92.0","TP1SLEU02974724"
"DELIVERED","322340467793889344_1","505105292","2026-08-21","","Gujarat","MJM Waterproof Mobile Pouch Combo Pack of 8 | Universal Touch Screen Phone Cover with Neck Strap, Triple Lock Waterproof Case for Swimming, Travel, Beach & Rain Protection","3lockrainpouch-8pc","Free Size","1","127.0","109.0","TP2CMEU02000695"
"DELIVERED","322343444214614080_1","505105292","2026-08-21","","Jammu & Kashmir","MJM Waterproof Mobile Pouch Combo Pack of 8 | Universal Touch Screen Phone Cover with Neck Strap, Triple Lock Waterproof Case for Swimming, Travel, Beach & Rain Protection","3lockrainpouch-8pc","Free Size","1","127.0","109.0","TP2CMEU02000690"
"DELIVERED","322360145102669888_1","505105292","2026-08-21","","Karnataka","MJM Waterproof Mobile Pouch Combo Pack of 8 | Universal Touch Screen Phone Cover with Neck Strap, Triple Lock Waterproof Case for Swimming, Travel, Beach & Rain Protection","3lockrainpouch-8pc","Free Size","1","127.0","109.0","TP2CMEU02908453"
"DELIVERED","322370570414361728_1","541135298","2026-08-21","","Gujarat","MJM Digital Finger Tally Counter Pack of 4 | LCD Hand Click Counter with Adjustable Finger Ring | Mantra Jaap, Tasbih, Cricket Umpire, Gym & Knitting Counting | Assorted Colours","MJM-JAPNAM-4","Free Size","1","140.0","140.0","TP2RMEU01785118"
"DELIVERED","322385449488988096_1","508240986","2026-08-21","","Kerala","MJM 360? Rotating Bike Mobile Holder Stand for Motorcycle, Bicycle & Scooter Handlebar Phone Mount","PT05-BIKESTAND","Free Size","1","170.0","170.0","TP15HAE01783102"
"CANCELLED","322407774397642688_1","517124724","2026-08-21","","Gujarat","MJM 100W 3 in 1 Fast Charging Cable with LED Light | Type C + Lightning + Micro USB | Nylon Braided USB Charging Cable | Black | 1 Piece","MJM-3IN1-TDY-BLK-1PC","Free Size","1","110.0","110.0",
"DELIVERED","322412402812796288_1","511488761","2026-08-21","","Assam","MJM Airdopes Prime TWS Earbuds Bluetooth 5.4 Wireless Earbuds with Deep Bass, HD Calling, Type-C Charging & 18 Hours Playback - Blue","MJM-AIRDOPES-PRIME-BLUE","Free Size","1","300.0","300.0","TP2CMEU02908451"
"RTO_COMPLETE","322412713190602688_1","511488761","2026-08-21","","Madhya Pradesh","MJM Airdopes Prime TWS Earbuds Bluetooth 5.4 Wireless Earbuds with Deep Bass, HD Calling, Type-C Charging & 18 Hours Playback - Blue","MJM-AIRDOPES-PRIME-BLUE","Free Size","1","300.0","300.0","TP2CMEU02908452"
"DELIVERED","322412931953624000_1","508162782","2026-08-21","","Maharashtra","MJM Crystal Pro Wireless Bluetooth Earbuds with Smart LED Display, 48H Playback, ENC Calling, Type-C Charging, Low Latency Gaming Earbuds","Crystalpro-black","Free Size","1","271.0","271.0","TP2CMEU02000709"
"CANCELLED","322418667089725504_1","511488761","2026-08-21","","Tamil Nadu","MJM Airdopes Prime TWS Earbuds Bluetooth 5.4 Wireless Earbuds with Deep Bass, HD Calling, Type-C Charging & 18 Hours Playback - Blue","MJM-AIRDOPES-PRIME-BLUE","Free Size","1","300.0","300.0",
"DELIVERED","322420720994255808_1","505105292","2026-08-21","","Madhya Pradesh","MJM Waterproof Mobile Pouch Combo Pack of 8 | Universal Touch Screen Phone Cover with Neck Strap, Triple Lock Waterproof Case for Swimming, Travel, Beach & Rain Protection","3lockrainpouch-8pc","Free Size","1","146.0","128.0","TP2CMEU02000694"
"RTO_COMPLETE","322423496629435776_1","517124724","2026-08-21","","Gujarat","MJM 100W 3 in 1 Fast Charging Cable with LED Light | Type C + Lightning + Micro USB | Nylon Braided USB Charging Cable | Black | 1 Piece","MJM-3IN1-TDY-BLK-1PC","Free Size","1","110.0","110.0",
"DELIVERED","322426372823092352_1","511491324","2026-08-21","","Haryana","MJM Airdopes Prime TWS Earbuds Bluetooth 5.4 Wireless Earbuds with Deep Bass, HD Calling, Type-C Charging & 18 Hours Playback - Green","MJM-AIRDOPES-PRIME-GREEN","Free Size","1","300.0","300.0","TP2CMEU02908450"
"DELIVERED","322427422632215490_1","508573229","2026-08-21","","Uttar Pradesh","MJM Premium Metal Mobile Stand | 360? Rotation Adjustable Phone Holder | Foldable Desk Table Stand for Smartphone & Tablet","L396-STAND","Free Size","1","160.0","143.0","TP2CMEU02000699"
"DELIVERED","322430412541865280_1","505105292","2026-08-21","","Uttar Pradesh","MJM Waterproof Mobile Pouch Combo Pack of 8 | Universal Touch Screen Phone Cover with Neck Strap, Triple Lock Waterproof Case for Swimming, Travel, Beach & Rain Protection","3lockrainpouch-8pc","Free Size","1","127.0","109.0","TP2CMEU02000693"
"DELIVERED","322449282626729920_1","511488761","2026-08-22","","Madhya Pradesh","MJM Airdopes Prime TWS Earbuds Bluetooth 5.4 Wireless Earbuds with Deep Bass, HD Calling, Type-C Charging & 18 Hours Playback - Blue","MJM-AIRDOPES-PRIME-BLUE","Free Size","1","271.0","253.0","TP2CMEU02000686"
"DELIVERED","322458286242039872_1","505105292","2026-08-22","","Gujarat","MJM Waterproof Mobile Pouch Combo Pack of 8 | Universal Touch Screen Phone Cover with Neck Strap, Triple Lock Waterproof Case for Swimming, Travel, Beach & Rain Protection","3lockrainpouch-8pc","Free Size","1","127.0","109.0","TP2CMEU02000691"
"CANCELLED","322481244301835648_1","511488761","2026-08-22","","Maharashtra","MJM Airdopes Prime TWS Earbuds Bluetooth 5.4 Wireless Earbuds with Deep Bass, HD Calling, Type-C Charging & 18 Hours Playback - Blue","MJM-AIRDOPES-PRIME-BLUE","Free Size","1","300.0","300.0",
"DELIVERED","322525927568719232_1","517124724","2026-08-22","","Andhra Pradesh","MJM 100W 3 in 1 Fast Charging Cable with LED Light | Type C + Lightning + Micro USB | Nylon Braided USB Charging Cable | Black | 1 Piece","MJM-3IN1-TDY-BLK-1PC","Free Size","1","129.0","111.0","TP1SLEU02974725"
"DELIVERED","322527308321032256_1","511491324","2026-08-22","","Maharashtra","MJM Airdopes Prime TWS Earbuds Bluetooth 5.4 Wireless Earbuds with Deep Bass, HD Calling, Type-C Charging & 18 Hours Playback - Green","MJM-AIRDOPES-PRIME-GREEN","Free Size","1","300.0","282.0","TP2CMEU02000704"
"CANCELLED","322529837087927616_1","511488761","2026-08-22","","Bihar","MJM Airdopes Prime TWS Earbuds Bluetooth 5.4 Wireless Earbuds with Deep Bass, HD Calling, Type-C Charging & 18 Hours Playback - Blue","MJM-AIRDOPES-PRIME-BLUE","Free Size","1","271.0","271.0",
"DELIVERED","322544503742694336_1","511488761","2026-08-22","","Jammu & Kashmir","MJM Airdopes Prime TWS Earbuds Bluetooth 5.4 Wireless Earbuds with Deep Bass, HD Calling, Type-C Charging & 18 Hours Playback - Blue","MJM-AIRDOPES-PRIME-BLUE","Free Size","1","300.0","282.0","TP2CMEU02908457"
"CANCELLED","322553532896413760_1","511488761","2026-08-22","","West Bengal","MJM Airdopes Prime TWS Earbuds Bluetooth 5.4 Wireless Earbuds with Deep Bass, HD Calling, Type-C Charging & 18 Hours Playback - Blue","MJM-AIRDOPES-PRIME-BLUE","Free Size","1","300.0","282.0",
"DELIVERED","322554878064233601_1","505105292","2026-08-22","","Karnataka","MJM Waterproof Mobile Pouch Combo Pack of 8 | Universal Touch Screen Phone Cover with Neck Strap, Triple Lock Waterproof Case for Swimming, Travel, Beach & Rain Protection","3lockrainpouch-8pc","Free Size","1","146.0","146.0","TP2CMEU02000689"
"CANCELLED","322556389246797888_1","511488761","2026-08-22","","Maharashtra","MJM Airdopes Prime TWS Earbuds Bluetooth 5.4 Wireless Earbuds with Deep Bass, HD Calling, Type-C Charging & 18 Hours Playback - Blue","MJM-AIRDOPES-PRIME-BLUE","Free Size","1","300.0","300.0",
"DELIVERED","322567529150450816_1","511488761","2026-08-22","","Uttar Pradesh","MJM Airdopes Prime TWS Earbuds Bluetooth 5.4 Wireless Earbuds with Deep Bass, HD Calling, Type-C Charging & 18 Hours Playback - Blue","MJM-AIRDOPES-PRIME-BLUE","Free Size","1","300.0","282.0","TP2CMEU02908458"
"RTO_COMPLETE","322571874206104960_1","511488761","2026-08-22","","Maharashtra","MJM Airdopes Prime TWS Earbuds Bluetooth 5.4 Wireless Earbuds with Deep Bass, HD Calling, Type-C Charging & 18 Hours Playback - Blue","MJM-AIRDOPES-PRIME-BLUE","Free Size","1","271.0","271.0","TP2CMEU02000688"
"CANCELLED","322576222406817728_1","511488761","2026-08-22","","Haryana","MJM Airdopes Prime TWS Earbuds Bluetooth 5.4 Wireless Earbuds with Deep Bass, HD Calling, Type-C Charging & 18 Hours Playback - Blue","MJM-AIRDOPES-PRIME-BLUE","Free Size","1","271.0","253.0","TP2CMEU02000685"
"DELIVERED","322586355590180160_1","511491324","2026-08-22","","Tamil Nadu","MJM Airdopes Prime TWS Earbuds Bluetooth 5.4 Wireless Earbuds with Deep Bass, HD Calling, Type-C Charging & 18 Hours Playback - Green","MJM-AIRDOPES-PRIME-GREEN","Free Size","1","300.0","282.0","TP2CMEU02908456"
"RTO_COMPLETE","322586996588839872_1","508240986","2026-08-22","","Uttar Pradesh","MJM 360? Rotating Bike Mobile Holder Stand for Motorcycle, Bicycle & Scooter Handlebar Phone Mount","PT05-BIKESTAND","Free Size","1","170.0","170.0","TP15HAE01783105"
"RTO_COMPLETE","322595197270341568_1","511491324","2026-08-22","","Jharkhand","MJM Airdopes Prime TWS Earbuds Bluetooth 5.4 Wireless Earbuds with Deep Bass, HD Calling, Type-C Charging & 18 Hours Playback - Green","MJM-AIRDOPES-PRIME-GREEN","Free Size","1","271.0","271.0","TP2CMEU02908455"
"RTO_COMPLETE","322595538422446016_1","511491324","2026-08-22","","Punjab","MJM Airdopes Prime TWS Earbuds Bluetooth 5.4 Wireless Earbuds with Deep Bass, HD Calling, Type-C Charging & 18 Hours Playback - Green","MJM-AIRDOPES-PRIME-GREEN","Free Size","1","271.0","271.0","TP2CMEU02908454"
"DELIVERED","322596734742804416_1","508162782","2026-08-22","","Tamil Nadu","MJM Crystal Pro Wireless Bluetooth Earbuds with Smart LED Display, 48H Playback, ENC Calling, Type-C Charging, Low Latency Gaming Earbuds","Crystalpro-black","Free Size","1","300.0","300.0","TP2CMEU02000701"
"DELIVERED","322611694496286784_1","508573229","2026-08-22","","Gujarat","MJM Premium Metal Mobile Stand | 360? Rotation Adjustable Phone Holder | Foldable Desk Table Stand for Smartphone & Tablet","L396-STAND","Free Size","1","141.0","141.0","TP2CMEU02000706"
"DELIVERED","322633578667477056_1","508240986","2026-08-22","","Punjab","MJM 360? Rotating Bike Mobile Holder Stand for Motorcycle, Bicycle & Scooter Handlebar Phone Mount","PT05-BIKESTAND","Free Size","1","170.0","152.0","TP15HAE01783096"
"DELIVERED","322652909602286912_1","512895768","2026-08-22","","Maharashtra","MJM 3 In 1 Blue Fast Charging Cable 120W Super Charge USB Cable with Type C, Micro USB & 8 Pin Connector 1 Meter","MJM-3IN1-CABLE-120W-1M-BLUE-01","Free Size","1","120.0","102.0","TP1SLEU02974731"
"DELIVERED","322654576271852480_1","517124724","2026-08-22","","Karnataka","MJM 100W 3 in 1 Fast Charging Cable with LED Light | Type C + Lightning + Micro USB | Nylon Braided USB Charging Cable | Black | 1 Piece","MJM-3IN1-TDY-BLK-1PC","Free Size","1","129.0","129.0","TP1SLEU02974735"
"DELIVERED","322665055530663296_1","508240986","2026-08-22","","West Bengal","MJM 360? Rotating Bike Mobile Holder Stand for Motorcycle, Bicycle & Scooter Handlebar Phone Mount","PT05-BIKESTAND","Free Size","1","170.0","152.0","TP15HAE01783100"
"DELIVERED","322702321770728576_1","508162782","2026-08-22","","Uttar Pradesh","MJM Crystal Pro Wireless Bluetooth Earbuds with Smart LED Display, 48H Playback, ENC Calling, Type-C Charging, Low Latency Gaming Earbuds","Crystalpro-black","Free Size","1","300.0","282.0","TP2CMEU02000707"
"CANCELLED","322721213868051584_1","512895768","2026-08-22","","Maharashtra","MJM 3 In 1 Orange Fast Charging Cable 120W Super Charge USB Cable with Type C, Micro USB & 8 Pin Connector 1 Meter","MJM-3IN1-CABLE-120W-1M-ORANGE-001","Free Size","1","120.0","120.0",
"RTO_COMPLETE","322738139012939136_1","508162782","2026-08-22","","Bihar","MJM Crystal Pro Wireless Bluetooth Earbuds with Smart LED Display, 48H Playback, ENC Calling, Type-C Charging, Low Latency Gaming Earbuds","Crystalpro-black","Free Size","1","300.0","300.0","TP2CMEU02000708"
"DELIVERED","322738979002024896_1","505105292","2026-08-22","","Telangana","MJM Waterproof Mobile Pouch Combo Pack of 8 | Universal Touch Screen Phone Cover with Neck Strap, Triple Lock Waterproof Case for Swimming, Travel, Beach & Rain Protection","3lockrainpouch-8pc","Free Size","1","146.0","146.0","TP2CMEU02000702"
"CANCELLED","322741238591031360_1","508162782","2026-08-22","","Uttar Pradesh","MJM Crystal Pro Wireless Bluetooth Earbuds with Smart LED Display, 48H Playback, ENC Calling, Type-C Charging, Low Latency Gaming Earbuds","Crystalpro-black","Free Size","1","300.0","282.0",
"DELIVERED","322747799598153088_1","508573229","2026-08-22","","Uttar Pradesh","MJM Premium Metal Mobile Stand | 360? Rotation Adjustable Phone Holder | Foldable Desk Table Stand for Smartphone & Tablet","L396-STAND","Free Size","1","141.0","124.0","TP2CMEU02000705"
"RTO_COMPLETE","322748007462975424_1","517124724","2026-08-22","","Uttar Pradesh","MJM 100W 3 in 1 Fast Charging Cable with LED Light | Type C + Lightning + Micro USB | Nylon Braided USB Charging Cable | Black | 1 Piece","MJM-3IN1-TDY-BLK-1PC","Free Size","1","129.0","129.0","TP1SLEU02974734"
"DELIVERED","322755329359513664_1","512895768","2026-08-22","","Uttar Pradesh","MJM 3 In 1 Black Fast Charging Cable 120W Super Charge USB Cable with Type C, Micro USB & 8 Pin Connector 1 Meter","MJM-3IN1-CABLE-120W-1M-BLACK-01","Free Size","1","120.0","102.0","TP1SLEU02974733"
"DELIVERED","322763603559484544_1","512895768","2026-08-22","","Tamil Nadu","MJM 3 In 1 Black Fast Charging Cable 120W Super Charge USB Cable with Type C, Micro USB & 8 Pin Connector 1 Meter","MJM-3IN1-CABLE-120W-1M-BLACK-01","Free Size","1","120.0","120.0","TP1SLEU02974732"
"DELIVERED","322785444390930496_1","508240986","2026-08-22","","Bihar","MJM 360? Rotating Bike Mobile Holder Stand for Motorcycle, Bicycle & Scooter Handlebar Phone Mount","PT05-BIKESTAND","Free Size","1","148.0","148.0","TP15HAE01783097"
"DELIVERED","322785931903253888_1","505105292","2026-08-22","","Uttarakhand","MJM Waterproof Mobile Pouch Combo Pack of 8 | Universal Touch Screen Phone Cover with Neck Strap, Triple Lock Waterproof Case for Swimming, Travel, Beach & Rain Protection","3lockrainpouch-8pc","Free Size","1","127.0","109.0","TP2CMEU02000703"
"DELIVERED","322792801291712448_1","508240986","2026-08-22","","Maharashtra","MJM 360? Rotating Bike Mobile Holder Stand for Motorcycle, Bicycle & Scooter Handlebar Phone Mount","PT05-BIKESTAND","Free Size","1","148.0","130.0","TP15HAE01783098"
"RTO_COMPLETE","322847975331478912_1","508240986","2026-08-23","","Rajasthan","MJM 360? Rotating Bike Mobile Holder Stand for Motorcycle, Bicycle & Scooter Handlebar Phone Mount","PT05-BIKESTAND","Free Size","1","148.0","148.0","TP15HAE01783094"
"CANCELLED","322958613844274496_1","517124724","2026-08-23","","Tamil Nadu","MJM 100W 3 in 1 Fast Charging Cable with LED Light | Type C + Lightning + Micro USB | Nylon Braided USB Charging Cable | Black | 1 Piece","MJM-3IN1-TDY-BLK-1PC","Free Size","1","129.0","129.0",
"DELIVERED","322974581999963264_1","508240986","2026-08-23","","Gujarat","MJM 360? Rotating Bike Mobile Holder Stand for Motorcycle, Bicycle & Scooter Handlebar Phone Mount","PT05-BIKESTAND","Free Size","1","148.0","130.0","TP15HAE01783090"
"DELIVERED","323001137937233856_1","508240986","2026-08-23","","Maharashtra","MJM 360? Rotating Bike Mobile Holder Stand for Motorcycle, Bicycle & Scooter Handlebar Phone Mount","PT05-BIKESTAND","Free Size","1","170.0","170.0","TP15HAE01783091"
"DELIVERED","323071527762692160_1","512895768","2026-08-23","","Rajasthan","MJM 3 In 1 Black Fast Charging Cable 120W Super Charge USB Cable with Type C, Micro USB & 8 Pin Connector 1 Meter","MJM-3IN1-CABLE-120W-1M-BLACK-01","Free Size","1","120.0","102.0","TP1SLEU02974738"
"CANCELLED","323079104961611840_1","508240986","2026-08-23","","Uttar Pradesh","MJM 360? Rotating Bike Mobile Holder Stand for Motorcycle, Bicycle & Scooter Handlebar Phone Mount","PT05-BIKESTAND","Free Size","1","170.0","170.0",
"CANCELLED","323104379841001408_1","508162782","2026-08-23","","Haryana","MJM Crystal Pro Wireless Bluetooth Earbuds with Smart LED Display, 48H Playback, ENC Calling, Type-C Charging, Low Latency Gaming Earbuds","Crystalpro-black","Free Size","1","300.0","300.0","TP2CMEU02000710"
"CANCELLED","323110371416848320_1","512895768","2026-08-23","","Telangana","MJM 3 In 1 Black Fast Charging Cable 120W Super Charge USB Cable with Type C, Micro USB & 8 Pin Connector 1 Meter","MJM-3IN1-CABLE-120W-1M-BLACK-01","Free Size","1","101.0","101.0",
"DELIVERED","323112382213030848_1","512895768","2026-08-23","","Tamil Nadu","MJM 3 In 1 Orange Fast Charging Cable 120W Super Charge USB Cable with Type C, Micro USB & 8 Pin Connector 1 Meter","MJM-3IN1-CABLE-120W-1M-ORANGE-001","Free Size","1","120.0","120.0","TP1SLEU02974737"
"DELIVERED","323119051768051648_1","505105292","2026-08-23","","Gujarat","MJM Waterproof Mobile Pouch Combo Pack of 8 | Universal Touch Screen Phone Cover with Neck Strap, Triple Lock Waterproof Case for Swimming, Travel, Beach & Rain Protection","3lockrainpouch-8pc","Free Size","1","127.0","109.0","TP2CMEU02000711"
"DELIVERED","323140568594417728_1","508240986","2026-08-23","","Odisha","MJM 360? Rotating Bike Mobile Holder Stand for Motorcycle, Bicycle & Scooter Handlebar Phone Mount","PT05-BIKESTAND","Free Size","1","170.0","170.0","TP15DAE01632715"
"DELIVERED","323155477742914688_1","508240986","2026-08-23","","Gujarat","MJM 360? Rotating Bike Mobile Holder Stand for Motorcycle, Bicycle & Scooter Handlebar Phone Mount","PT05-BIKESTAND","Free Size","1","170.0","152.0","TP15HAE01783093"
"CANCELLED","323156320877690240_1","512895768","2026-08-23","","Telangana","MJM 3 In 1 Black Fast Charging Cable 120W Super Charge USB Cable with Type C, Micro USB & 8 Pin Connector 1 Meter","MJM-3IN1-CABLE-120W-1M-BLACK-01","Free Size","1","120.0","120.0","TP1SLEU02974736"
"RTO_COMPLETE","323285204654077888_1","505105292","2026-08-24","","Rajasthan","MJM Waterproof Mobile Pouch Combo Pack of 8 | Universal Touch Screen Phone Cover with Neck Strap, Triple Lock Waterproof Case for Swimming, Travel, Beach & Rain Protection","3lockrainpouch-8pc","Free Size","1","127.0","109.0","TP2CMEU02894630"
"DELIVERED","323302039940926592_1","508240986","2026-08-24","","Bihar","MJM 360? Rotating Bike Mobile Holder Stand for Motorcycle, Bicycle & Scooter Handlebar Phone Mount","PT05-BIKESTAND","Free Size","1","170.0","152.0","TP15DAE01632720"
"RTO_COMPLETE","323318625259127744_1","512895768","2026-08-24","","Haryana","MJM 3 In 1 Black Fast Charging Cable 120W Super Charge USB Cable with Type C, Micro USB & 8 Pin Connector 1 Meter","MJM-3IN1-CABLE-120W-1M-BLACK-01","Free Size","1","120.0","120.0","TP1SLEU02974741"
"DELIVERED","323329389797719424_1","508240986","2026-08-24","","Punjab","MJM 360? Rotating Bike Mobile Holder Stand for Motorcycle, Bicycle & Scooter Handlebar Phone Mount","PT05-BIKESTAND","Free Size","1","148.0","130.0","TP15DAE01632717"
"DELIVERED","323329671982103936_1","508240986","2026-08-24","","Karnataka","MJM 360? Rotating Bike Mobile Holder Stand for Motorcycle, Bicycle & Scooter Handlebar Phone Mount","PT05-BIKESTAND","Free Size","1","170.0","152.0","TP15DAE01632721"
"DELIVERED","323331647474142336_1","505105292","2026-08-24","","Tamil Nadu","MJM Waterproof Mobile Pouch Combo Pack of 8 | Universal Touch Screen Phone Cover with Neck Strap, Triple Lock Waterproof Case for Swimming, Travel, Beach & Rain Protection","3lockrainpouch-8pc","Free Size","1","146.0","128.0","TP2CMEU02894616"
"RTO_COMPLETE","323335824035526592_1","508240986","2026-08-24","","Telangana","MJM 360? Rotating Bike Mobile Holder Stand for Motorcycle, Bicycle & Scooter Handlebar Phone Mount","PT05-BIKESTAND","Free Size","1","170.0","152.0","TP15HAE01783092"
"DELIVERED","323337452961303680_1","512895768","2026-08-24","","Karnataka","MJM 3 In 1 Orange Fast Charging Cable 120W Super Charge USB Cable with Type C, Micro USB & 8 Pin Connector 1 Meter","MJM-3IN1-CABLE-120W-1M-ORANGE-001","Free Size","1","120.0","120.0","TP1SLEU02974740"
"DELIVERED","323340838019774400_1","508573229","2026-08-24","","Maharashtra","MJM Premium Metal Mobile Stand | 360? Rotation Adjustable Phone Holder | Foldable Desk Table Stand for Smartphone & Tablet","L396-STAND","Free Size","1","160.0","160.0","TP2CMEU02894634"
"DELIVERED","323364643925297216_1","517124724","2026-08-24","","Tamil Nadu","MJM 100W 3 in 1 Fast Charging Cable with LED Light | Type C + Lightning + Micro USB | Nylon Braided USB Charging Cable | Black | 1 Piece","MJM-3IN1-TDY-BLK-1PC","Free Size","1","129.0","111.0","TP1SLEU02974739"
"DELIVERED","323405509381471616_1","505105292","2026-08-24","","Goa","MJM Waterproof Mobile Pouch Combo Pack of 8 | Universal Touch Screen Phone Cover with Neck Strap, Triple Lock Waterproof Case for Swimming, Travel, Beach & Rain Protection","3lockrainpouch-8pc","Free Size","1","127.0","109.0","TP2CMEU02000728"
"DELIVERED","323409649356671040_1","508240986","2026-08-24","","Maharashtra","MJM 360? Rotating Bike Mobile Holder Stand for Motorcycle, Bicycle & Scooter Handlebar Phone Mount","PT05-BIKESTAND","Free Size","1","170.0","152.0","TP15DAE01632722"
"DELIVERED","323429784268254528_1","508573229","2026-08-24","","Delhi","MJM Premium Metal Mobile Stand | 360? Rotation Adjustable Phone Holder | Foldable Desk Table Stand for Smartphone & Tablet","L396-STAND","Free Size","1","160.0","160.0","TP2CMEU02000712"
"CANCELLED","323463520586204224_1","508573229","2026-08-24","","Rajasthan","MJM Premium Metal Mobile Stand | 360? Rotation Adjustable Phone Holder | Foldable Desk Table Stand for Smartphone & Tablet","L396-STAND","Free Size","1","160.0","160.0",
"DELIVERED","323469235918833152_1","512895768","2026-08-24","","Telangana","MJM 3 In 1 Black Fast Charging Cable 120W Super Charge USB Cable with Type C, Micro USB & 8 Pin Connector 1 Meter","MJM-3IN1-CABLE-120W-1M-BLACK-01","Free Size","1","101.0","101.0","TP1SLEU02974742"
"RTO_COMPLETE","323473905062774144_1","508240986","2026-08-24","","Madhya Pradesh","MJM 360? Rotating Bike Mobile Holder Stand for Motorcycle, Bicycle & Scooter Handlebar Phone Mount","PT05-BIKESTAND","Free Size","1","170.0","170.0","TP15DAE01632724"
"DELIVERED","323485638512182784_1","508162782","2026-08-24","","Tamil Nadu","MJM Crystal Pro Wireless Bluetooth Earbuds with Smart LED Display, 48H Playback, ENC Calling, Type-C Charging, Low Latency Gaming Earbuds","Crystalpro-black","Free Size","1","300.0","300.0","TP2CMEU02000713"
"RTO_COMPLETE","323497633835746816_1","508240986","2026-08-24","","Maharashtra","MJM 360? Rotating Bike Mobile Holder Stand for Motorcycle, Bicycle & Scooter Handlebar Phone Mount","PT05-BIKESTAND","Free Size","1","170.0","170.0","TP15DAE01632730"
"CANCELLED","323509005209044288_1","512895768","2026-08-24","","Haryana","MJM 3 In 1 Black Fast Charging Cable 120W Super Charge USB Cable with Type C, Micro USB & 8 Pin Connector 1 Meter","MJM-3IN1-CABLE-120W-1M-BLACK-01","Free Size","1","120.0","102.0",
"DELIVERED","323515203744433536_1","508240986","2026-08-24","","Tamil Nadu","MJM 360? Rotating Bike Mobile Holder Stand for Motorcycle, Bicycle & Scooter Handlebar Phone Mount","PT05-BIKESTAND","Free Size","1","148.0","130.0","TP15DAE01632723"
"DELIVERED","323522358719546688_1","508240986","2026-08-24","","Bihar","MJM 360? Rotating Bike Mobile Holder Stand for Motorcycle, Bicycle & Scooter Handlebar Phone Mount","PT05-BIKESTAND","Free Size","1","148.0","130.0","TP15DAE01632719"
"RTO_COMPLETE","323524172344362048_1","508162782","2026-08-24","","Haryana","MJM Crystal Pro Wireless Bluetooth Earbuds with Smart LED Display, 48H Playback, ENC Calling, Type-C Charging, Low Latency Gaming Earbuds","Crystalpro-black","Free Size","1","271.0","271.0","TP2CMEU02000714"
"DELIVERED","323642402396964160_1","508240986","2026-08-25","","Karnataka","MJM 360? Rotating Bike Mobile Holder Stand for Motorcycle, Bicycle & Scooter Handlebar Phone Mount","PT05-BIKESTAND","Free Size","1","170.0","170.0","TP15DAE01632718"
"DELIVERED","323645281608523648_1","512895768","2026-08-25","","Telangana","MJM 3 In 1 Black Fast Charging Cable 120W Super Charge USB Cable with Type C, Micro USB & 8 Pin Connector 1 Meter","MJM-3IN1-CABLE-120W-1M-BLACK-01","Free Size","1","120.0","102.0","TP1SLEU02974745"
"DELIVERED","323661263946548288_1","508240986","2026-08-25","","West Bengal","MJM 360? Rotating Bike Mobile Holder Stand for Motorcycle, Bicycle & Scooter Handlebar Phone Mount","PT05-BIKESTAND","Free Size","1","170.0","152.0","TP15DAE01632716"
"DELIVERED","323690299012416832_1","508240986","2026-08-25","","Gujarat","MJM 360? Rotating Bike Mobile Holder Stand for Motorcycle, Bicycle & Scooter Handlebar Phone Mount","PT05-BIKESTAND","Free Size","1","148.0","148.0","TP15DAE01632729"
"DELIVERED","323695603540297024_1","513526730","2026-08-25","","Gujarat","MJM 24 Pieces Cable Protector Combo | Silicone Spiral Cable Saver for USB, Type C, Lightning & Earphone Cables | Anti Break Wire Protector | Multicolor","MJM-CP6-SMALL","Free Size","1","105.0","87.0","TP2CMEU02000715"
"DELIVERED","323754253067748544_1","511488761","2026-08-25","","Tamil Nadu","MJM Airdopes Prime TWS Earbuds Bluetooth 5.4 Wireless Earbuds with Deep Bass, HD Calling, Type-C Charging & 18 Hours Playback - Blue","MJM-AIRDOPES-PRIME-BLUE","Free Size","1","300.0","300.0","TP2CMEU02000724"
"CANCELLED","323755782755583296_1","511488761","2026-08-25","","Gujarat","MJM Airdopes Prime TWS Earbuds Bluetooth 5.4 Wireless Earbuds with Deep Bass, HD Calling, Type-C Charging & 18 Hours Playback - Blue","MJM-AIRDOPES-PRIME-BLUE","Free Size","1","300.0","300.0",
"DELIVERED","323761101537927040_1","511491324","2026-08-25","","Karnataka","MJM Airdopes Prime TWS Earbuds Bluetooth 5.4 Wireless Earbuds with Deep Bass, HD Calling, Type-C Charging & 18 Hours Playback - Green","MJM-AIRDOPES-PRIME-GREEN","Free Size","1","300.0","300.0","TP2CMEU02000720"
"DELIVERED","323761138621744512_1","511487094","2026-08-25","","Haryana","MJM Airdopes Prime TWS Earbuds Bluetooth 5.4 Wireless Earbuds with Deep Bass, HD Calling, Type-C Charging & 18 Hours Playback - Black","MJM-AIRDOPES-PRIME-BLACK","Free Size","1","300.0","300.0","TP2RMEU01784986"
"DELIVERED","323766745823184192_1","508240986","2026-08-25","","West Bengal","MJM 360? Rotating Bike Mobile Holder Stand for Motorcycle, Bicycle & Scooter Handlebar Phone Mount","PT05-BIKESTAND","Free Size","1","170.0","152.0","TP15DAE01632727"
"DELIVERED","323772645485053056_1","511488761","2026-08-25","","Tamil Nadu","MJM Airdopes Prime TWS Earbuds Bluetooth 5.4 Wireless Earbuds with Deep Bass, HD Calling, Type-C Charging & 18 Hours Playback - Blue","MJM-AIRDOPES-PRIME-BLUE","Free Size","1","300.0","300.0","TP2CMEU02000722"
"RTO_COMPLETE","323772697171461504_1","511488761","2026-08-25","","Karnataka","MJM Airdopes Prime TWS Earbuds Bluetooth 5.4 Wireless Earbuds with Deep Bass, HD Calling, Type-C Charging & 18 Hours Playback - Blue","MJM-AIRDOPES-PRIME-BLUE","Free Size","1","300.0","300.0","TP2CMEU02000721"
"CANCELLED","323773038378091840_1","511487094","2026-08-25","","Andhra Pradesh","MJM Airdopes Prime TWS Earbuds Bluetooth 5.4 Wireless Earbuds with Deep Bass, HD Calling, Type-C Charging & 18 Hours Playback - Black","MJM-AIRDOPES-PRIME-BLACK","Free Size","1","300.0","300.0",
"DELIVERED","323779720202159424_1","511488761","2026-08-25","","Maharashtra","MJM Airdopes Prime TWS Earbuds Bluetooth 5.4 Wireless Earbuds with Deep Bass, HD Calling, Type-C Charging & 18 Hours Playback - Blue","MJM-AIRDOPES-PRIME-BLUE","Free Size","1","300.0","300.0","TP2CMEU02000723"
"DELIVERED","323781327981764480_1","508240986","2026-08-25","","Bihar","MJM 360? Rotating Bike Mobile Holder Stand for Motorcycle, Bicycle & Scooter Handlebar Phone Mount","PT05-BIKESTAND","Free Size","1","170.0","170.0","TP15DAE01632728"
"DELIVERED","323792343894754368_1","511491324","2026-08-25","","Madhya Pradesh","MJM Airdopes Prime TWS Earbuds Bluetooth 5.4 Wireless Earbuds with Deep Bass, HD Calling, Type-C Charging & 18 Hours Playback - Green","MJM-AIRDOPES-PRIME-GREEN","Free Size","1","300.0","282.0","TP2CMEU02000719"
"CANCELLED","323793333461714240_1","511488761","2026-08-25","","Odisha","MJM Airdopes Prime TWS Earbuds Bluetooth 5.4 Wireless Earbuds with Deep Bass, HD Calling, Type-C Charging & 18 Hours Playback - Blue","MJM-AIRDOPES-PRIME-BLUE","Free Size","1","300.0","300.0",
"DELIVERED","323799086239057281_1","511487094","2026-08-25","","Karnataka","MJM Airdopes Prime TWS Earbuds Bluetooth 5.4 Wireless Earbuds with Deep Bass, HD Calling, Type-C Charging & 18 Hours Playback - Black","MJM-AIRDOPES-PRIME-BLACK","Free Size","1","300.0","300.0","TP2CMEU02908369"
"RTO_COMPLETE","323803981641942336_1","511487094","2026-08-25","","Uttar Pradesh","MJM Airdopes Prime TWS Earbuds Bluetooth 5.4 Wireless Earbuds with Deep Bass, HD Calling, Type-C Charging & 18 Hours Playback - Black","MJM-AIRDOPES-PRIME-BLACK","Free Size","1","300.0","282.0","TP2CMEU02000716"
"CANCELLED","323815704067310976_1","511491324","2026-08-25","","Odisha","MJM Airdopes Prime TWS Earbuds Bluetooth 5.4 Wireless Earbuds with Deep Bass, HD Calling, Type-C Charging & 18 Hours Playback - Green","MJM-AIRDOPES-PRIME-GREEN","Free Size","1","300.0","300.0",
"DELIVERED","323822699809244224_1","511487094","2026-08-25","","West Bengal","MJM Airdopes Prime TWS Earbuds Bluetooth 5.4 Wireless Earbuds with Deep Bass, HD Calling, Type-C Charging & 18 Hours Playback - Black","MJM-AIRDOPES-PRIME-BLACK","Free Size","1","271.0","253.0","TP2CMEU02908400"
"DELIVERED","323823040806782336_1","511488761","2026-08-25","","Kerala","MJM Airdopes Prime TWS Earbuds Bluetooth 5.4 Wireless Earbuds with Deep Bass, HD Calling, Type-C Charging & 18 Hours Playback - Blue","MJM-AIRDOPES-PRIME-BLUE","Free Size","1","300.0","282.0","TP2CMEU02000687"
"DELIVERED","323824372640285760_1","511487094","2026-08-25","","Haryana","MJM Airdopes Prime TWS Earbuds Bluetooth 5.4 Wireless Earbuds with Deep Bass, HD Calling, Type-C Charging & 18 Hours Playback - Black","MJM-AIRDOPES-PRIME-BLACK","Free Size","1","271.0","253.0","TP2CMEU02000718"
"DELIVERED","323826209167246656_1","511487094","2026-08-25","","Odisha","MJM Airdopes Prime TWS Earbuds Bluetooth 5.4 Wireless Earbuds with Deep Bass, HD Calling, Type-C Charging & 18 Hours Playback - Black","MJM-AIRDOPES-PRIME-BLACK","Free Size","1","300.0","300.0","TP2CMEU02908392"
"DELIVERED","323831984029818752_1","512895768","2026-08-25","","Gujarat","MJM 3 In 1 Blue Fast Charging Cable 120W Super Charge USB Cable with Type C, Micro USB & 8 Pin Connector 1 Meter","MJM-3IN1-CABLE-120W-1M-BLUE-01","Free Size","1","120.0","102.0","TP1SLEU02974743"
"DELIVERED","323837003263116672_1","517124724","2026-08-25","","Telangana","MJM 100W 3 in 1 Fast Charging Cable with LED Light | Type C + Lightning + Micro USB | Nylon Braided USB Charging Cable | Black | 1 Piece","MJM-3IN1-TDY-BLK-1PC","Free Size","1","129.0","111.0","TP1SLEU02974744"
"DELIVERED","323839924646184320_1","511488761","2026-08-25","","Gujarat","MJM Airdopes Prime TWS Earbuds Bluetooth 5.4 Wireless Earbuds with Deep Bass, HD Calling, Type-C Charging & 18 Hours Playback - Blue","MJM-AIRDOPES-PRIME-BLUE","Free Size","1","300.0","300.0","TP2CMEU02000684"
"DELIVERED","323842238538843520_1","511487094","2026-08-25","","Telangana","MJM Airdopes Prime TWS Earbuds Bluetooth 5.4 Wireless Earbuds with Deep Bass, HD Calling, Type-C Charging & 18 Hours Playback - Black","MJM-AIRDOPES-PRIME-BLACK","Free Size","1","300.0","282.0","TP2CMEU02000717"
"RTO_COMPLETE","323862550838108032_1","508162782","2026-08-25","","Maharashtra","MJM Crystal Pro Wireless Bluetooth Earbuds with Smart LED Display, 48H Playback, ENC Calling, Type-C Charging, Low Latency Gaming Earbuds","Crystalpro-black","Free Size","1","271.0","271.0","TP2CMEU02000725"
"DELIVERED","323885824806487424_1","512895768","2026-08-25","","Gujarat","MJM 3 In 1 Blue Fast Charging Cable 120W Super Charge USB Cable with Type C, Micro USB & 8 Pin Connector 1 Meter","MJM-3IN1-CABLE-120W-1M-BLUE-01","Free Size","1","120.0","102.0","TP2CMEU02000726"
"DELIVERED","323944224211895488_1","508240986","2026-08-26","","Maharashtra","MJM 360? Rotating Bike Mobile Holder Stand for Motorcycle, Bicycle & Scooter Handlebar Phone Mount","PT05-BIKESTAND","Free Size","1","170.0","152.0","TP15DAE01632726"
"DELIVERED","324014376275271552_1","508240986","2026-08-26","","Bihar","MJM 360? Rotating Bike Mobile Holder Stand for Motorcycle, Bicycle & Scooter Handlebar Phone Mount","PT05-BIKESTAND","Free Size","1","148.0","130.0","TP15DAE01632725"
"RTO_COMPLETE","324022176636329344_1","508240986","2026-08-26","","Uttar Pradesh","MJM 360? Rotating Bike Mobile Holder Stand for Motorcycle, Bicycle & Scooter Handlebar Phone Mount","PT05-BIKESTAND","Free Size","1","148.0","148.0","TP15DAE01632734"
"DELIVERED","324052369823270336_1","508573229","2026-08-26","","Haryana","MJM Premium Metal Mobile Stand | 360? Rotation Adjustable Phone Holder | Foldable Desk Table Stand for Smartphone & Tablet","L396-STAND","Free Size","1","160.0","160.0","TP2CMEU02000727"
"DELIVERED","324067190910649408_1","508240986","2026-08-26","","Gujarat","MJM 360? Rotating Bike Mobile Holder Stand for Motorcycle, Bicycle & Scooter Handlebar Phone Mount","PT05-BIKESTAND","Free Size","1","148.0","130.0","TP15DAE01632731"
"CANCELLED","324148607298079872_1","512895768","2026-08-26","","Chandigarh","MJM 3 In 1 Black Fast Charging Cable 120W Super Charge USB Cable with Type C, Micro USB & 8 Pin Connector 1 Meter","MJM-3IN1-CABLE-120W-1M-BLACK-01","Free Size","1","101.0","83.0",
"DELIVERED","324153788358477952_1","508240986","2026-08-26","","CHHATTISGARH","MJM 360? Rotating Bike Mobile Holder Stand for Motorcycle, Bicycle & Scooter Handlebar Phone Mount","PT05-BIKESTAND","Free Size","1","148.0","130.0","TP15DAE01632732"
"RTO_COMPLETE","324190619682752640_1","508240986","2026-08-26","","Karnataka","MJM 360? Rotating Bike Mobile Holder Stand for Motorcycle, Bicycle & Scooter Handlebar Phone Mount","PT05-BIKESTAND","Free Size","1","170.0","170.0","TP15DAE01632737"
"CANCELLED","324214165481753728_1","508240986","2026-08-26","","Uttar Pradesh","MJM 360? Rotating Bike Mobile Holder Stand for Motorcycle, Bicycle & Scooter Handlebar Phone Mount","PT05-BIKESTAND","Free Size","1","148.0","148.0",
"RTO_COMPLETE","324229782424378944_1","508240986","2026-08-26","","Kerala","MJM 360? Rotating Bike Mobile Holder Stand for Motorcycle, Bicycle & Scooter Handlebar Phone Mount","PT05-BIKESTAND","Free Size","1","170.0","170.0","TP15DAE01632736"
"DELIVERED","324260946408392832_1","508240986","2026-08-27","","Tamil Nadu","MJM 360? Rotating Bike Mobile Holder Stand for Motorcycle, Bicycle & Scooter Handlebar Phone Mount","PT05-BIKESTAND","Free Size","1","148.0","130.0","TP15DAE01632733"
"CANCELLED","324418393808974720_1","515393440","2026-08-27","","Madhya Pradesh","MJM Tecno Spark 20 Silicone Back Cover with 9H Tempered Glass Combo | Soft Liquid Silicone Case | Camera Protection | Shockproof | Anti Fingerprint | Scratch Resistant | Blue","MJM-SPARK20-SLC-TG-COMBO-BLUE","Free Size","1","81.0","81.0",
"DELIVERED","324422738550099776_1","508240986","2026-08-27","","Gujarat","MJM 360? Rotating Bike Mobile Holder Stand for Motorcycle, Bicycle & Scooter Handlebar Phone Mount","PT05-BIKESTAND","Free Size","1","170.0","152.0","TP15DAE01632742"
"DELIVERED","324428693012045632_1","508240986","2026-08-27","","Gujarat","MJM 360? Rotating Bike Mobile Holder Stand for Motorcycle, Bicycle & Scooter Handlebar Phone Mount","PT05-BIKESTAND","Free Size","1","170.0","152.0","TP15DAE01632735"
"DELIVERED","324430878395424576_1","515393440","2026-08-27","","Madhya Pradesh","MJM Tecno Spark 20 Silicone Back Cover with 9H Tempered Glass Combo | Soft Liquid Silicone Case | Camera Protection | Shockproof | Anti Fingerprint | Scratch Resistant | Black","MJM-SPARK20-SLC-TG-COMBO-BLK","Free Size","1","81.0","62.0","TP2CMEU02000733"
"RTO_COMPLETE","324442822638367488_1","512895768","2026-08-27","","Telangana","MJM 3 In 1 Orange Fast Charging Cable 120W Super Charge USB Cable with Type C, Micro USB & 8 Pin Connector 1 Meter","MJM-3IN1-CABLE-120W-1M-ORANGE-001","Free Size","1","101.0","101.0","TP1SLEU02974746"
"DELIVERED","324442963931419456_1","508240986","2026-08-27","","Bihar","MJM 360? Rotating Bike Mobile Holder Stand for Motorcycle, Bicycle & Scooter Handlebar Phone Mount","PT05-BIKESTAND","Free Size","1","148.0","130.0","TP15DAE01632748"
"DELIVERED","324450235400490816_1","512895768","2026-08-27","","Kerala","MJM 3 In 1 Black Fast Charging Cable 120W Super Charge USB Cable with Type C, Micro USB & 8 Pin Connector 1 Meter","MJM-3IN1-CABLE-120W-1M-BLACK-01","Free Size","1","120.0","120.0","NP1NLEU03980992"
"DELIVERED","324465315969299200_1","517124724","2026-08-27","","Tamil Nadu","MJM 100W 3 in 1 Fast Charging Cable with LED Light | Type C + Lightning + Micro USB | Nylon Braided USB Charging Cable | Black | 1 Piece","MJM-3IN1-TDY-BLK-1PC","Free Size","1","129.0","111.0","TP2CMEU02000729"
"DELIVERED","324505506857967424_1","512895768","2026-08-27","","Uttar Pradesh","MJM 3 In 1 Black Fast Charging Cable 120W Super Charge USB Cable with Type C, Micro USB & 8 Pin Connector 1 Meter","MJM-3IN1-CABLE-120W-1M-BLACK-01","Free Size","1","120.0","102.0","NP1NLEU03980991"
"CANCELLED","324534968473154304_1","508162782","2026-08-27","","Gujarat","MJM Crystal Pro Wireless Bluetooth Earbuds with Smart LED Display, 48H Playback, ENC Calling, Type-C Charging, Low Latency Gaming Earbuds","Crystalpro-black","Free Size","1","300.0","300.0",
"DELIVERED","324545813982802688_1","508573229","2026-08-27","","Himachal Pradesh","MJM Premium Metal Mobile Stand | 360? Rotation Adjustable Phone Holder | Foldable Desk Table Stand for Smartphone & Tablet","L396-STAND","Free Size","1","141.0","124.0","TP2CMEU02000730"
"CANCELLED","324566853475226432_1","508573229","2026-08-27","","Bihar","MJM Premium Metal Mobile Stand | 360? Rotation Adjustable Phone Holder | Foldable Desk Table Stand for Smartphone & Tablet","L396-STAND","Free Size","1","160.0","160.0",
"DELIVERED","324567139045773120_1","508240986","2026-08-27","","Karnataka","MJM 360? Rotating Bike Mobile Holder Stand for Motorcycle, Bicycle & Scooter Handlebar Phone Mount","PT05-BIKESTAND","Free Size","1","148.0","130.0","TP15DAE01632741"
"DELIVERED","324569552262389312_1","508240986","2026-08-27","","Bihar","MJM 360? Rotating Bike Mobile Holder Stand for Motorcycle, Bicycle & Scooter Handlebar Phone Mount","PT05-BIKESTAND","Free Size","1","170.0","152.0","TP15DAE01632745"
"DELIVERED","324775881040057856_1","508240986","2026-08-28","","Himachal Pradesh","MJM 360? Rotating Bike Mobile Holder Stand for Motorcycle, Bicycle & Scooter Handlebar Phone Mount","PT05-BIKESTAND","Free Size","1","148.0","130.0","TP15DAE01632744"
"DELIVERED","324782168041706112_1","508573229","2026-08-28","","Madhya Pradesh","MJM Premium Metal Mobile Stand | 360? Rotation Adjustable Phone Holder | Foldable Desk Table Stand for Smartphone & Tablet","L396-STAND","Free Size","1","160.0","160.0","TP2CMEU02000732"
"DELIVERED","324815019332197952_1","508240986","2026-08-28","","Telangana","MJM 360? Rotating Bike Mobile Holder Stand for Motorcycle, Bicycle & Scooter Handlebar Phone Mount","PT05-BIKESTAND","Free Size","1","148.0","130.0","TP15DAE01632739"
"DELIVERED","324821745292925056_1","508240986","2026-08-28","","Maharashtra","MJM 360? Rotating Bike Mobile Holder Stand for Motorcycle, Bicycle & Scooter Handlebar Phone Mount","PT05-BIKESTAND","Free Size","1","148.0","130.0","TP15DAE01632750"
"RTO_COMPLETE","324852530817392192_1","508240986","2026-08-28","","Karnataka","MJM 360? Rotating Bike Mobile Holder Stand for Motorcycle, Bicycle & Scooter Handlebar Phone Mount","PT05-BIKESTAND","Free Size","1","170.0","170.0","TP15DAE01632743"
"DELIVERED","324855031272693376_1","508240986","2026-08-28","","Jammu & Kashmir","MJM 360? Rotating Bike Mobile Holder Stand for Motorcycle, Bicycle & Scooter Handlebar Phone Mount","PT05-BIKESTAND","Free Size","1","170.0","152.0","TP15DAE01632746"
"DELIVERED","324856323453869568_1","508240986","2026-08-28","","Gujarat","MJM 360? Rotating Bike Mobile Holder Stand for Motorcycle, Bicycle & Scooter Handlebar Phone Mount","PT05-BIKESTAND","Free Size","1","170.0","152.0","TP15DAE01632738"
"DELIVERED","324856763205590851_1","508573229","2026-08-28","","Maharashtra","MJM Premium Metal Mobile Stand | 360? Rotation Adjustable Phone Holder | Foldable Desk Table Stand for Smartphone & Tablet","L396-STAND","Free Size","1","141.0","124.0","TP2CMEU02000731"
"DELIVERED","324891576469937920_1","508240986","2026-08-28","","Haryana","MJM 360? Rotating Bike Mobile Holder Stand for Motorcycle, Bicycle & Scooter Handlebar Phone Mount","PT05-BIKESTAND","Free Size","1","148.0","130.0","TP15DAE01632751"
"DELIVERED","324903035337826048_1","508240986","2026-08-28","","Tamil Nadu","MJM 360? Rotating Bike Mobile Holder Stand for Motorcycle, Bicycle & Scooter Handlebar Phone Mount","PT05-BIKESTAND","Free Size","1","148.0","148.0","TP15DAE01632747"
"RTO_COMPLETE","324905943634583360_1","517124724","2026-08-28","","Gujarat","MJM 100W 3 in 1 Fast Charging Cable with LED Light | Type C + Lightning + Micro USB | Nylon Braided USB Charging Cable | Black | 1 Piece","MJM-3IN1-TDY-BLK-1PC","Free Size","1","110.0","110.0","NP1NLEU03980990"
"DELIVERED","324917832610260160_1","508240986","2026-08-28","","Kerala","MJM 360? Rotating Bike Mobile Holder Stand for Motorcycle, Bicycle & Scooter Handlebar Phone Mount","PT05-BIKESTAND","Free Size","1","148.0","130.0","TP15DAE01632740"
"DELIVERED","324926027337948928_1","512895768","2026-08-28","","Delhi","MJM 3 In 1 Black Fast Charging Cable 120W Super Charge USB Cable with Type C, Micro USB & 8 Pin Connector 1 Meter","MJM-3IN1-CABLE-120W-1M-BLACK-01","Free Size","1","120.0","102.0","TP1SLEU02974747"
"DELIVERED","324936859694259968_1","512895768","2026-08-28","","Maharashtra","MJM 3 In 1 Black Fast Charging Cable 120W Super Charge USB Cable with Type C, Micro USB & 8 Pin Connector 1 Meter","MJM-3IN1-CABLE-120W-1M-BLACK-01","Free Size","1","101.0","101.0","TP1SLEU02974722"
"DELIVERED","325113774929469184_1","508240986","2026-08-29","","Telangana","MJM 360? Rotating Bike Mobile Holder Stand for Motorcycle, Bicycle & Scooter Handlebar Phone Mount","PT05-BIKESTAND","Free Size","1","170.0","152.0","TP15DAE01632749"
"DELIVERED","325127542753320640_1","508573229","2026-08-29","","Gujarat","MJM Premium Metal Mobile Stand | 360? Rotation Adjustable Phone Holder | Foldable Desk Table Stand for Smartphone & Tablet","L396-STAND","Free Size","1","141.0","141.0","TP2CMEU02000735"
"CANCELLED","325136909221355200_1","512895768","2026-08-29","","West Bengal","MJM 3 In 1 Blue Fast Charging Cable 120W Super Charge USB Cable with Type C, Micro USB & 8 Pin Connector 1 Meter","MJM-3IN1-CABLE-120W-1M-BLUE-01","Free Size","1","101.0","83.0",
"DELIVERED","325159853326720640_1","508573229","2026-08-29","","Jharkhand","MJM Premium Metal Mobile Stand | 360? Rotation Adjustable Phone Holder | Foldable Desk Table Stand for Smartphone & Tablet","L396-STAND","Free Size","1","160.0","143.0","TP2CMEU02000734"
"DELIVERED","325176806548299456_1","512895768","2026-08-29","","Odisha","MJM 3 In 1 Blue Fast Charging Cable 120W Super Charge USB Cable with Type C, Micro USB & 8 Pin Connector 1 Meter","MJM-3IN1-CABLE-120W-1M-BLUE-01","Free Size","1","120.0","120.0","TP1SLEU02974723"
"DELIVERED","325178880529572608_1","508240986","2026-08-29","","Bihar","MJM 360? Rotating Bike Mobile Holder Stand for Motorcycle, Bicycle & Scooter Handlebar Phone Mount","PT05-BIKESTAND","Free Size","1","170.0","170.0","TP15DAE01632753"
"DELIVERED","325190251930836736_1","508240986","2026-08-29","","Uttar Pradesh","MJM 360? Rotating Bike Mobile Holder Stand for Motorcycle, Bicycle & Scooter Handlebar Phone Mount","PT05-BIKESTAND","Free Size","1","170.0","152.0","TP15DAE01632754"
"CANCELLED","325199624853905088_1","512895768","2026-08-29","","Uttar Pradesh","MJM 3 In 1 Black Fast Charging Cable 120W Super Charge USB Cable with Type C, Micro USB & 8 Pin Connector 1 Meter","MJM-3IN1-CABLE-120W-1M-BLACK-01","Free Size","1","120.0","120.0",
"DELIVERED","325237307729552576_1","508162782","2026-08-29","","Tamil Nadu","MJM Crystal Pro Wireless Bluetooth Earbuds with Smart LED Display, 48H Playback, ENC Calling, Type-C Charging, Low Latency Gaming Earbuds","Crystalpro-black","Free Size","1","300.0","300.0","TP2CMEU02000700"
"CANCELLED","325237479146562304_1","508573229","2026-08-29","","West Bengal","MJM Premium Metal Mobile Stand | 360? Rotation Adjustable Phone Holder | Foldable Desk Table Stand for Smartphone & Tablet","L396-STAND","Free Size","1","141.0","141.0",
"RTO_COMPLETE","325259015366681792_1","508240986","2026-08-29","","West Bengal","MJM 360? Rotating Bike Mobile Holder Stand for Motorcycle, Bicycle & Scooter Handlebar Phone Mount","PT05-BIKESTAND","Free Size","1","170.0","152.0","TP15DAE01632755"
"DELIVERED","325308868898971328_1","512895768","2026-08-29","","Uttar Pradesh","MJM 3 In 1 Black Fast Charging Cable 120W Super Charge USB Cable with Type C, Micro USB & 8 Pin Connector 1 Meter","MJM-3IN1-CABLE-120W-1M-BLACK-01","Free Size","1","120.0","102.0","NP1NLEU03980993"
"DELIVERED","325324845942431424_1","508240986","2026-08-29","","Madhya Pradesh","MJM 360? Rotating Bike Mobile Holder Stand for Motorcycle, Bicycle & Scooter Handlebar Phone Mount","PT05-BIKESTAND","Free Size","1","148.0","130.0","TP15DAE01632752"
"DELIVERED","325339717941976832_1","508573229","2026-08-29","","West Bengal","MJM Premium Metal Mobile Stand | 360? Rotation Adjustable Phone Holder | Foldable Desk Table Stand for Smartphone & Tablet","L396-STAND","Free Size","1","141.0","124.0","TP2CMEU02000750"
"DELIVERED","325349867436236544_1","508240986","2026-08-30","","Madhya Pradesh","MJM 360? Rotating Bike Mobile Holder Stand for Motorcycle, Bicycle & Scooter Handlebar Phone Mount","PT05-BIKESTAND","Free Size","1","148.0","130.0","TP15DAE01632764"
"DELIVERED","325356890064281344_1","508240986","2026-08-30","","West Bengal","MJM 360? Rotating Bike Mobile Holder Stand for Motorcycle, Bicycle & Scooter Handlebar Phone Mount","PT05-BIKESTAND","Free Size","1","148.0","148.0","TP15DAE01632758"
"DELIVERED","325362841181871744_1","508573229","2026-08-30","","Maharashtra","MJM Premium Metal Mobile Stand | 360? Rotation Adjustable Phone Holder | Foldable Desk Table Stand for Smartphone & Tablet","L396-STAND","Free Size","1","141.0","124.0","TP2CMEU02000752"
"DELIVERED","325473862357737088_1","508240986","2026-08-30","","Gujarat","MJM 360? Rotating Bike Mobile Holder Stand for Motorcycle, Bicycle & Scooter Handlebar Phone Mount","PT05-BIKESTAND","Free Size","1","170.0","170.0","TP15DAE01632761"
"CANCELLED","325520028067815104_1","517124724","2026-08-30","","Maharashtra","MJM 100W 3 in 1 Fast Charging Cable with LED Light | Type C + Lightning + Micro USB | Nylon Braided USB Charging Cable | Black | 1 Piece","MJM-3IN1-TDY-BLK-1PC","Free Size","1","129.0","129.0",
"DELIVERED","325526989892259712_1","508240986","2026-08-30","","Tamil Nadu","MJM 360? Rotating Bike Mobile Holder Stand for Motorcycle, Bicycle & Scooter Handlebar Phone Mount","PT05-BIKESTAND","Free Size","1","148.0","148.0","TP15DAE01632768"
"DELIVERED","325530070083034752_1","512895768","2026-08-30","","Maharashtra","MJM 3 In 1 Black Fast Charging Cable 120W Super Charge USB Cable with Type C, Micro USB & 8 Pin Connector 1 Meter","MJM-3IN1-CABLE-120W-1M-BLACK-01","Free Size","1","120.0","120.0","NP1NLEU03980994"
"DELIVERED","325533645706223104_1","508240986","2026-08-30","","West Bengal","MJM 360? Rotating Bike Mobile Holder Stand for Motorcycle, Bicycle & Scooter Handlebar Phone Mount","PT05-BIKESTAND","Free Size","1","148.0","130.0","TP15DAE01632765"
"DELIVERED","325545135712624384_1","508240986","2026-08-30","","Tamil Nadu","MJM 360? Rotating Bike Mobile Holder Stand for Motorcycle, Bicycle & Scooter Handlebar Phone Mount","PT05-BIKESTAND","Free Size","1","148.0","130.0","TP15HAE01783106"
"DELIVERED","325545161429254784_1","508240986","2026-08-30","","Rajasthan","MJM 360? Rotating Bike Mobile Holder Stand for Motorcycle, Bicycle & Scooter Handlebar Phone Mount","PT05-BIKESTAND","Free Size","1","148.0","130.0","TP15DAE01632760"
"DELIVERED","325549802442055168_1","508240986","2026-08-30","","Maharashtra","MJM 360? Rotating Bike Mobile Holder Stand for Motorcycle, Bicycle & Scooter Handlebar Phone Mount","PT05-BIKESTAND","Free Size","1","170.0","152.0","TP15DAE01632776"
"DELIVERED","325552805074210688_1","508240986","2026-08-30","","Bihar","MJM 360? Rotating Bike Mobile Holder Stand for Motorcycle, Bicycle & Scooter Handlebar Phone Mount","PT05-BIKESTAND","Free Size","1","170.0","152.0","TP15DAE01632759"
"RTO_COMPLETE","325574847060411008_1","508240986","2026-08-30","","Odisha","MJM 360? Rotating Bike Mobile Holder Stand for Motorcycle, Bicycle & Scooter Handlebar Phone Mount","PT05-BIKESTAND","Free Size","1","148.0","148.0","TP15DAE01632767"
"RTO_COMPLETE","325606922621411072_1","508240986","2026-08-30","","Bihar","MJM 360? Rotating Bike Mobile Holder Stand for Motorcycle, Bicycle & Scooter Handlebar Phone Mount","PT05-BIKESTAND","Free Size","1","170.0","170.0","TP15DAE01632756"
"RTO_COMPLETE","325606922621411072_2","508240986","2026-08-30","","Bihar","MJM 360? Rotating Bike Mobile Holder Stand for Motorcycle, Bicycle & Scooter Handlebar Phone Mount","PT05-BIKESTAND","Free Size","1","170.0","170.0","TP15DAE01632763"
"CANCELLED","325615322038132352_1","511488761","2026-08-30","","Uttar Pradesh","MJM Airdopes Prime TWS Earbuds Bluetooth 5.4 Wireless Earbuds with Deep Bass, HD Calling, Type-C Charging & 18 Hours Playback - Blue","MJM-AIRDOPES-PRIME-BLUE","Free Size","1","300.0","300.0",
"CANCELLED","325615837090275072_1","511488761","2026-08-30","","Rajasthan","MJM Airdopes Prime TWS Earbuds Bluetooth 5.4 Wireless Earbuds with Deep Bass, HD Calling, Type-C Charging & 18 Hours Playback - Blue","MJM-AIRDOPES-PRIME-BLUE","Free Size","1","300.0","300.0",
"CANCELLED","325617029656731392_1","511488761","2026-08-30","","Jharkhand","MJM Airdopes Prime TWS Earbuds Bluetooth 5.4 Wireless Earbuds with Deep Bass, HD Calling, Type-C Charging & 18 Hours Playback - Blue","MJM-AIRDOPES-PRIME-BLUE","Free Size","1","271.0","271.0",
"CANCELLED","325618513848950272_1","511488761","2026-08-30","","Uttar Pradesh","MJM Airdopes Prime TWS Earbuds Bluetooth 5.4 Wireless Earbuds with Deep Bass, HD Calling, Type-C Charging & 18 Hours Playback - Blue","MJM-AIRDOPES-PRIME-BLUE","Free Size","1","300.0","300.0",
"DELIVERED","325623382005636864_1","508240986","2026-08-30","","Punjab","MJM 360? Rotating Bike Mobile Holder Stand for Motorcycle, Bicycle & Scooter Handlebar Phone Mount","PT05-BIKESTAND","Free Size","1","170.0","152.0","TP15DAE01632770"
"DELIVERED","325635825269637760_1","511488761","2026-08-30","","Tamil Nadu","MJM Airdopes Prime TWS Earbuds Bluetooth 5.4 Wireless Earbuds with Deep Bass, HD Calling, Type-C Charging & 18 Hours Playback - Blue","MJM-AIRDOPES-PRIME-BLUE","Free Size","1","300.0","282.0","TP2CMEU02000749"
"DELIVERED","325635992008646272_1","508240986","2026-08-30","","Uttar Pradesh","MJM 360? Rotating Bike Mobile Holder Stand for Motorcycle, Bicycle & Scooter Handlebar Phone Mount","PT05-BIKESTAND","Free Size","1","170.0","152.0","TP15DAE01632766"
"DELIVERED","325642500755984256_1","511488761","2026-08-30","","Jammu & Kashmir","MJM Airdopes Prime TWS Earbuds Bluetooth 5.4 Wireless Earbuds with Deep Bass, HD Calling, Type-C Charging & 18 Hours Playback - Blue","MJM-AIRDOPES-PRIME-BLUE","Free Size","1","300.0","300.0","TP2CMEU02000765"
"CANCELLED","325642717180845568_1","511488761","2026-08-30","","Bihar","MJM Airdopes Prime TWS Earbuds Bluetooth 5.4 Wireless Earbuds with Deep Bass, HD Calling, Type-C Charging & 18 Hours Playback - Blue","MJM-AIRDOPES-PRIME-BLUE","Free Size","1","271.0","253.0",
"DELIVERED","325644970746830464_1","511491324","2026-08-30","","Karnataka","MJM Airdopes Prime TWS Earbuds Bluetooth 5.4 Wireless Earbuds with Deep Bass, HD Calling, Type-C Charging & 18 Hours Playback - Green","MJM-AIRDOPES-PRIME-GREEN","Free Size","1","300.0","282.0","TP2CMEU02000744"
"DELIVERED","325644970746830464_2","511491324","2026-08-30","","Karnataka","MJM Airdopes Prime TWS Earbuds Bluetooth 5.4 Wireless Earbuds with Deep Bass, HD Calling, Type-C Charging & 18 Hours Playback - Green","MJM-AIRDOPES-PRIME-GREEN","Free Size","1","300.0","282.0","TP2CMEU02000745"
"RTO_COMPLETE","325645280949165824_1","511488761","2026-08-30","","Rajasthan","MJM Airdopes Prime TWS Earbuds Bluetooth 5.4 Wireless Earbuds with Deep Bass, HD Calling, Type-C Charging & 18 Hours Playback - Blue","MJM-AIRDOPES-PRIME-BLUE","Free Size","1","300.0","300.0","TP2CMEU02000737"
"DELIVERED","325646250287727232_1","511488761","2026-08-30","","Maharashtra","MJM Airdopes Prime TWS Earbuds Bluetooth 5.4 Wireless Earbuds with Deep Bass, HD Calling, Type-C Charging & 18 Hours Playback - Blue","MJM-AIRDOPES-PRIME-BLUE","Free Size","1","271.0","271.0","TP2CMEU02000763"
"DELIVERED","325647058328653696_1","511488761","2026-08-30","","Karnataka","MJM Airdopes Prime TWS Earbuds Bluetooth 5.4 Wireless Earbuds with Deep Bass, HD Calling, Type-C Charging & 18 Hours Playback - Blue","MJM-AIRDOPES-PRIME-BLUE","Free Size","1","271.0","271.0","TP2CMEU02000769"
"RTO_COMPLETE","325650663822450368_1","511487094","2026-08-30","","Uttar Pradesh","MJM Airdopes Prime TWS Earbuds Bluetooth 5.4 Wireless Earbuds with Deep Bass, HD Calling, Type-C Charging & 18 Hours Playback - Black","MJM-AIRDOPES-PRIME-BLACK","Free Size","1","300.0","300.0","TP2CMEU02000740"
"DELIVERED","325654885599141568_1","511488761","2026-08-30","","Andhra Pradesh","MJM Airdopes Prime TWS Earbuds Bluetooth 5.4 Wireless Earbuds with Deep Bass, HD Calling, Type-C Charging & 18 Hours Playback - Blue","MJM-AIRDOPES-PRIME-BLUE","Free Size","1","271.0","271.0","TP2CMEU02000766"
"DELIVERED","325655084396568192_1","511488761","2026-08-30","","Tamil Nadu","MJM Airdopes Prime TWS Earbuds Bluetooth 5.4 Wireless Earbuds with Deep Bass, HD Calling, Type-C Charging & 18 Hours Playback - Blue","MJM-AIRDOPES-PRIME-BLUE","Free Size","1","300.0","282.0","TP2CMEU02000736"
"DELIVERED","325659805391904448_1","511488761","2026-08-30","","Delhi","MJM Airdopes Prime TWS Earbuds Bluetooth 5.4 Wireless Earbuds with Deep Bass, HD Calling, Type-C Charging & 18 Hours Playback - Blue","MJM-AIRDOPES-PRIME-BLUE","Free Size","1","300.0","300.0","TP2CMEU02000764"
"CANCELLED","325663951599820416_1","511491324","2026-08-30","","Odisha","MJM Airdopes Prime TWS Earbuds Bluetooth 5.4 Wireless Earbuds with Deep Bass, HD Calling, Type-C Charging & 18 Hours Playback - Green","MJM-AIRDOPES-PRIME-GREEN","Free Size","1","300.0","300.0",
"CANCELLED","325669128722747264_1","511487094","2026-08-30","","Delhi","MJM Airdopes Prime TWS Earbuds Bluetooth 5.4 Wireless Earbuds with Deep Bass, HD Calling, Type-C Charging & 18 Hours Playback - Black","MJM-AIRDOPES-PRIME-BLACK","Free Size","1","300.0","300.0",
"DELIVERED","325671706034474880_1","511491324","2026-08-30","","Tamil Nadu","MJM Airdopes Prime TWS Earbuds Bluetooth 5.4 Wireless Earbuds with Deep Bass, HD Calling, Type-C Charging & 18 Hours Playback - Green","MJM-AIRDOPES-PRIME-GREEN","Free Size","1","300.0","300.0","TP2CMEU02000747"
"RTO_COMPLETE","325674506758774400_1","511487094","2026-08-30","","Uttar Pradesh","MJM Airdopes Prime TWS Earbuds Bluetooth 5.4 Wireless Earbuds with Deep Bass, HD Calling, Type-C Charging & 18 Hours Playback - Black","MJM-AIRDOPES-PRIME-BLACK","Free Size","1","300.0","300.0","TP2CMEU02000738"
"CANCELLED","325677000855510720_1","508240986","2026-08-30","","Bihar","MJM 360? Rotating Bike Mobile Holder Stand for Motorcycle, Bicycle & Scooter Handlebar Phone Mount","PT05-BIKESTAND","Free Size","1","170.0","170.0",
"CANCELLED","325677000855510720_2","508240986","2026-08-30","","Bihar","MJM 360? Rotating Bike Mobile Holder Stand for Motorcycle, Bicycle & Scooter Handlebar Phone Mount","PT05-BIKESTAND","Free Size","1","170.0","170.0",
"DELIVERED","325679760405552640_1","511491324","2026-08-30","","Rajasthan","MJM Airdopes Prime TWS Earbuds Bluetooth 5.4 Wireless Earbuds with Deep Bass, HD Calling, Type-C Charging & 18 Hours Playback - Green","MJM-AIRDOPES-PRIME-GREEN","Free Size","1","271.0","271.0","TP2CMEU02000748"
"DELIVERED","325683756395696000_1","511487094","2026-08-30","","Uttar Pradesh","MJM Airdopes Prime TWS Earbuds Bluetooth 5.4 Wireless Earbuds with Deep Bass, HD Calling, Type-C Charging & 18 Hours Playback - Black","MJM-AIRDOPES-PRIME-BLACK","Free Size","1","300.0","282.0","TP2CMEU02000741"
"DELIVERED","325689499357142784_1","508240986","2026-08-30","","Odisha","MJM 360? Rotating Bike Mobile Holder Stand for Motorcycle, Bicycle & Scooter Handlebar Phone Mount","PT05-BIKESTAND","Free Size","1","148.0","130.0","TP15DAE01632757"
"DELIVERED","325693598070112896_1","508573229","2026-08-30","","West Bengal","MJM Premium Metal Mobile Stand | 360? Rotation Adjustable Phone Holder | Foldable Desk Table Stand for Smartphone & Tablet","L396-STAND","Free Size","1","160.0","160.0","TP2CMEU02000751"
"DELIVERED","325696445641818752_1","508240986","2026-08-30","","Maharashtra","MJM 360? Rotating Bike Mobile Holder Stand for Motorcycle, Bicycle & Scooter Handlebar Phone Mount","PT05-BIKESTAND","Free Size","1","148.0","130.0","TP15DAE01632762"
"DELIVERED","325698644261068416_1","511487094","2026-08-30","","Haryana","MJM Airdopes Prime TWS Earbuds Bluetooth 5.4 Wireless Earbuds with Deep Bass, HD Calling, Type-C Charging & 18 Hours Playback - Black","MJM-AIRDOPES-PRIME-BLACK","Free Size","1","300.0","300.0","TP2CMEU02000742"
"CANCELLED","325719444577967872_1","511491324","2026-08-31","","Maharashtra","MJM Airdopes Prime TWS Earbuds Bluetooth 5.4 Wireless Earbuds with Deep Bass, HD Calling, Type-C Charging & 18 Hours Playback - Green","MJM-AIRDOPES-PRIME-GREEN","Free Size","1","300.0","300.0",
"DELIVERED","325719696900260480_1","508876433","2026-08-31","","West Bengal","MJM Crystal Pro Wireless Bluetooth Earbuds TWS | 18H Playtime | Bluetooth 5.4 | Type-C Charging | IPX4 Water Resistant Earphones","MJM-CP18-BTB54","Free Size","1","330.0","314.0","TP2CMEU02000710"
"CANCELLED","325723462423404160_1","511491324","2026-08-31","","Haryana","MJM Airdopes Prime TWS Earbuds Bluetooth 5.4 Wireless Earbuds with Deep Bass, HD Calling, Type-C Charging & 18 Hours Playback - Green","MJM-AIRDOPES-PRIME-GREEN","Free Size","1","300.0","300.0",
"RTO_COMPLETE","325771120122912448_1","511491324","2026-08-31","","Karnataka","MJM Airdopes Prime TWS Earbuds Bluetooth 5.4 Wireless Earbuds with Deep Bass, HD Calling, Type-C Charging & 18 Hours Playback - Green","MJM-AIRDOPES-PRIME-GREEN","Free Size","1","300.0","300.0","TP2CMEU02000743"
"DELIVERED","325804400943685376_1","508240986","2026-08-31","","Uttar Pradesh","MJM 360? Rotating Bike Mobile Holder Stand for Motorcycle, Bicycle & Scooter Handlebar Phone Mount","PT05-BIKESTAND","Free Size","1","148.0","130.0","TP15DAE01632771"
"DELIVERED","325829005162962432_1","515393440","2026-08-31","","Uttar Pradesh","MJM Tecno Spark 20 Silicone Back Cover with 9H Tempered Glass Combo | Soft Liquid Silicone Case | Camera Protection | Shockproof | Anti Fingerprint | Scratch Resistant | Blue","MJM-SPARK20-SLC-TG-COMBO-BLUE","Free Size","1","100.0","100.0","TP2CMEU02000746"
"DELIVERED","325846870700187328_1","511491324","2026-08-31","","Gujarat","MJM Airdopes Prime TWS Earbuds Bluetooth 5.4 Wireless Earbuds with Deep Bass, HD Calling, Type-C Charging & 18 Hours Playback - Green","MJM-AIRDOPES-PRIME-GREEN","Free Size","1","271.0","271.0","TP2CMEU02000767"
"RTO_COMPLETE","325848493921001152_1","511487094","2026-08-31","","Bihar","MJM Airdopes Prime TWS Earbuds Bluetooth 5.4 Wireless Earbuds with Deep Bass, HD Calling, Type-C Charging & 18 Hours Playback - Black","MJM-AIRDOPES-PRIME-BLACK","Free Size","1","271.0","271.0","TP2CMEU02000739"
"RTO_COMPLETE","325848729445106304_1","508240986","2026-08-31","","Gujarat","MJM 360? Rotating Bike Mobile Holder Stand for Motorcycle, Bicycle & Scooter Handlebar Phone Mount","PT05-BIKESTAND","Free Size","1","148.0","148.0","TP15DAE01632778"
"DELIVERED","325852722500853376_1","511487094","2026-08-31","","Jammu & Kashmir","MJM Airdopes Prime TWS Earbuds Bluetooth 5.4 Wireless Earbuds with Deep Bass, HD Calling, Type-C Charging & 18 Hours Playback - Black","MJM-AIRDOPES-PRIME-BLACK","Free Size","1","300.0","300.0","TP2CMEU02000753"
"DELIVERED","325874340019166720_1","508240986","2026-08-31","","Andhra Pradesh","MJM 360? Rotating Bike Mobile Holder Stand for Motorcycle, Bicycle & Scooter Handlebar Phone Mount","PT05-BIKESTAND","Free Size","1","148.0","148.0","TP15DAE01632769"
"DELIVERED","325881746551856896_1","511491324","2026-08-31","","Uttar Pradesh","MJM Airdopes Prime TWS Earbuds Bluetooth 5.4 Wireless Earbuds with Deep Bass, HD Calling, Type-C Charging & 18 Hours Playback - Green","MJM-AIRDOPES-PRIME-GREEN","Free Size","1","300.0","300.0","TP2CMEU02000768"
"CANCELLED","325888484969668288_1","511487094","2026-08-31","","Bihar","MJM Airdopes Prime TWS Earbuds Bluetooth 5.4 Wireless Earbuds with Deep Bass, HD Calling, Type-C Charging & 18 Hours Playback - Black","MJM-AIRDOPES-PRIME-BLACK","Free Size","1","271.0","271.0",
"DELIVERED","325890935783501696_1","511491324","2026-08-31","","Bihar","MJM Airdopes Prime TWS Earbuds Bluetooth 5.4 Wireless Earbuds with Deep Bass, HD Calling, Type-C Charging & 18 Hours Playback - Green","MJM-AIRDOPES-PRIME-GREEN","Free Size","1","300.0","300.0","TP2CMEU02000772"
"DELIVERED","325891368362082944_1","511491324","2026-08-31","","Delhi","MJM Airdopes Prime TWS Earbuds Bluetooth 5.4 Wireless Earbuds with Deep Bass, HD Calling, Type-C Charging & 18 Hours Playback - Green","MJM-AIRDOPES-PRIME-GREEN","Free Size","1","271.0","271.0","TP2CMEU02000771"
"RTO_COMPLETE","325896030119911040_1","508240986","2026-08-31","","Delhi","MJM 360? Rotating Bike Mobile Holder Stand for Motorcycle, Bicycle & Scooter Handlebar Phone Mount","PT05-BIKESTAND","Free Size","1","148.0","130.0","TP15DAE01632774"
"DELIVERED","325897828251590147_1","508240986","2026-08-31","","Bihar","MJM 360? Rotating Bike Mobile Holder Stand for Motorcycle, Bicycle & Scooter Handlebar Phone Mount","PT05-BIKESTAND","Free Size","1","170.0","152.0","TP15DAE01632800"
"DELIVERED","325929139712417536_1","511487094","2026-08-31","","Rajasthan","MJM Airdopes Prime TWS Earbuds Bluetooth 5.4 Wireless Earbuds with Deep Bass, HD Calling, Type-C Charging & 18 Hours Playback - Black","MJM-AIRDOPES-PRIME-BLACK","Free Size","1","300.0","282.0","TP2CMEU02000754"
"CANCELLED","325949465204740992_1","511487094","2026-08-31","","Uttar Pradesh","MJM Airdopes Prime TWS Earbuds Bluetooth 5.4 Wireless Earbuds with Deep Bass, HD Calling, Type-C Charging & 18 Hours Playback - Black","MJM-AIRDOPES-PRIME-BLACK","Free Size","1","300.0","300.0",
"CANCELLED","325957195759997824_1","508240986","2026-08-31","","Uttar Pradesh","MJM 360? Rotating Bike Mobile Holder Stand for Motorcycle, Bicycle & Scooter Handlebar Phone Mount","PT05-BIKESTAND","Free Size","1","170.0","152.0",
"DELIVERED","325963624298435520_1","508240986","2026-08-31","","Karnataka","MJM 360? Rotating Bike Mobile Holder Stand for Motorcycle, Bicycle & Scooter Handlebar Phone Mount","PT05-BIKESTAND","Free Size","1","148.0","148.0","TP15DAE01632787"
"DELIVERED","325966896123991040_1","508240986","2026-08-31","","Uttar Pradesh","MJM 360? Rotating Bike Mobile Holder Stand for Motorcycle, Bicycle & Scooter Handlebar Phone Mount","PT05-BIKESTAND","Free Size","1","148.0","130.0","TP15DAE01632773"
"DELIVERED","325968717450171328_1","511487094","2026-08-31","","Bihar","MJM Airdopes Prime TWS Earbuds Bluetooth 5.4 Wireless Earbuds with Deep Bass, HD Calling, Type-C Charging & 18 Hours Playback - Black","MJM-AIRDOPES-PRIME-BLACK","Free Size","1","271.0","253.0","TP2CMEU02000756"
"DELIVERED","325970689960039296_1","508240986","2026-08-31","","Bihar","MJM 360? Rotating Bike Mobile Holder Stand for Motorcycle, Bicycle & Scooter Handlebar Phone Mount","PT05-BIKESTAND","Free Size","1","170.0","170.0","TP15DAE01632772"
"DELIVERED","325991001867015232_1","508240986","2026-08-31","","Odisha","MJM 360? Rotating Bike Mobile Holder Stand for Motorcycle, Bicycle & Scooter Handlebar Phone Mount","PT05-BIKESTAND","Free Size","1","148.0","130.0","TP15HAE02124295"
"DELIVERED","325991001867015232_2","508240986","2026-08-31","","Odisha","MJM 360? Rotating Bike Mobile Holder Stand for Motorcycle, Bicycle & Scooter Handlebar Phone Mount","PT05-BIKESTAND","Free Size","1","148.0","130.0","TP15DAE01632788"
"DELIVERED","325991692444415232_1","511487094","2026-08-31","","Gujarat","MJM Airdopes Prime TWS Earbuds Bluetooth 5.4 Wireless Earbuds with Deep Bass, HD Calling, Type-C Charging & 18 Hours Playback - Black","MJM-AIRDOPES-PRIME-BLACK","Free Size","1","300.0","300.0","TP2CMEU02000760"
"RTO_COMPLETE","325995467366323200_1","511487094","2026-08-31","","Jharkhand","MJM Airdopes Prime TWS Earbuds Bluetooth 5.4 Wireless Earbuds with Deep Bass, HD Calling, Type-C Charging & 18 Hours Playback - Black","MJM-AIRDOPES-PRIME-BLACK","Free Size","1","300.0","300.0","TP2CMEU02000759"
"DELIVERED","326000443746465024_1","511487094","2026-08-31","","Uttar Pradesh","MJM Airdopes Prime TWS Earbuds Bluetooth 5.4 Wireless Earbuds with Deep Bass, HD Calling, Type-C Charging & 18 Hours Playback - Black","MJM-AIRDOPES-PRIME-BLACK","Free Size","1","300.0","282.0","TP2CMEU02000762"
"CANCELLED","326003314368042048_1","508240986","2026-08-31","","Punjab","MJM 360? Rotating Bike Mobile Holder Stand for Motorcycle, Bicycle & Scooter Handlebar Phone Mount","PT05-BIKESTAND","Free Size","1","148.0","148.0",
"DELIVERED","326005589211730880_1","511487094","2026-08-31","","Chhattisgarh","MJM Airdopes Prime TWS Earbuds Bluetooth 5.4 Wireless Earbuds with Deep Bass, HD Calling, Type-C Charging & 18 Hours Playback - Black","MJM-AIRDOPES-PRIME-BLACK","Free Size","1","300.0","300.0","TP2CMEU02000757"
"RTO_COMPLETE","326016193731278080_1","508240986","2026-08-31","","Bihar","MJM 360? Rotating Bike Mobile Holder Stand for Motorcycle, Bicycle & Scooter Handlebar Phone Mount","PT05-BIKESTAND","Free Size","1","148.0","148.0","TP15DAE01632775"
"DELIVERED","326019100807574784_1","511487094","2026-08-31","","Karnataka","MJM Airdopes Prime TWS Earbuds Bluetooth 5.4 Wireless Earbuds with Deep Bass, HD Calling, Type-C Charging & 18 Hours Playback - Black","MJM-AIRDOPES-PRIME-BLACK","Free Size","1","300.0","300.0","TP2CMEU02000755"
"DELIVERED","326019640138519616_1","508240986","2026-08-31","","Telangana","MJM 360? Rotating Bike Mobile Holder Stand for Motorcycle, Bicycle & Scooter Handlebar Phone Mount","PT05-BIKESTAND","Free Size","1","148.0","130.0","TP15DAE01632777"
"RTO_COMPLETE","326020163567588416_1","511487094","2026-08-31","","Haryana","MJM Airdopes Prime TWS Earbuds Bluetooth 5.4 Wireless Earbuds with Deep Bass, HD Calling, Type-C Charging & 18 Hours Playback - Black","MJM-AIRDOPES-PRIME-BLACK","Free Size","1","300.0","300.0","TP2CMEU02000761"
"RTO_COMPLETE","326030006416282688_1","511487094","2026-08-31","","Rajasthan","MJM Airdopes Prime TWS Earbuds Bluetooth 5.4 Wireless Earbuds with Deep Bass, HD Calling, Type-C Charging & 18 Hours Playback - Black","MJM-AIRDOPES-PRIME-BLACK","Free Size","1","300.0","300.0","TP2CMEU02000758"
"DELIVERED","326034530991461440_1","508240986","2026-08-31","","Uttar Pradesh","MJM 360? Rotating Bike Mobile Holder Stand for Motorcycle, Bicycle & Scooter Handlebar Phone Mount","PT05-BIKESTAND","Free Size","1","170.0","170.0","TP15DAE01632790"
"DELIVERED","326038117760939264_1","504101529","2026-08-31","","Maharashtra","MJM 2 in 1 Mobile Stand Combo | Metal Desktop Phone Holder + Adjustable Foldable Mobile & Tablet Stand","MJM-MTLSTND-CMB02","Free Size","1","130.0","112.0","TP15DAE01632779"
"CANCELLED","326051985432368193_1","508240986","2026-08-31","","Gujarat","MJM 360? Rotating Bike Mobile Holder Stand for Motorcycle, Bicycle & Scooter Handlebar Phone Mount","PT05-BIKESTAND","Free Size","1","170.0","152.0",
